-- --------------------------------------------------------
-- Host:                         127.0.0.1
-- Server version:               8.4.3 - MySQL Community Server - GPL
-- Server OS:                    Win64
-- HeidiSQL Version:             12.8.0.6908
-- --------------------------------------------------------

/*!40101 SET @OLD_CHARACTER_SET_CLIENT=@@CHARACTER_SET_CLIENT */;
/*!40101 SET NAMES utf8 */;
/*!50503 SET NAMES utf8mb4 */;
/*!40103 SET @OLD_TIME_ZONE=@@TIME_ZONE */;
/*!40103 SET TIME_ZONE='+00:00' */;
/*!40014 SET @OLD_FOREIGN_KEY_CHECKS=@@FOREIGN_KEY_CHECKS, FOREIGN_KEY_CHECKS=0 */;
/*!40101 SET @OLD_SQL_MODE=@@SQL_MODE, SQL_MODE='NO_AUTO_VALUE_ON_ZERO' */;
/*!40111 SET @OLD_SQL_NOTES=@@SQL_NOTES, SQL_NOTES=0 */;


-- Dumping database structure for e_absensi_siswa
-- DROP DATABASE dihapus agar aman di hosting
USE `nurulami_absensi`;

-- Dumping structure for table e_absensi_siswa.absences
DROP TABLE IF EXISTS `absences`;
CREATE TABLE IF NOT EXISTS `absences` (
  `id` bigint unsigned NOT NULL AUTO_INCREMENT,
  `student_id` bigint unsigned NOT NULL,
  `attendance_time` datetime NOT NULL,
  `checkout_time` datetime DEFAULT NULL,
  `status` enum('Hadir','Terlambat','Sakit','Izin','Alfa') COLLATE utf8mb4_unicode_ci NOT NULL DEFAULT 'Hadir',
  `notes` text COLLATE utf8mb4_unicode_ci,
  `late_duration` int DEFAULT NULL,
  `reason` varchar(255) COLLATE utf8mb4_unicode_ci DEFAULT NULL,
  `recorded_by` varchar(255) COLLATE utf8mb4_unicode_ci DEFAULT NULL,
  `is_manual_corrected` tinyint(1) NOT NULL DEFAULT '0',
  `corrected_by` varchar(255) COLLATE utf8mb4_unicode_ci DEFAULT NULL,
  `correction_note` text COLLATE utf8mb4_unicode_ci,
  `created_at` timestamp NULL DEFAULT NULL,
  `updated_at` timestamp NULL DEFAULT NULL,
  PRIMARY KEY (`id`),
  UNIQUE KEY `absences_student_id_attendance_time_unique` (`student_id`,`attendance_time`),
  CONSTRAINT `absences_student_id_foreign` FOREIGN KEY (`student_id`) REFERENCES `students` (`id`) ON DELETE CASCADE
) ENGINE=InnoDB AUTO_INCREMENT=5 DEFAULT CHARSET=utf8mb4 COLLATE=utf8mb4_unicode_ci;

-- Dumping data for table e_absensi_siswa.absences: ~4 rows (approximately)
DELETE FROM `absences`;
INSERT INTO `absences` (`id`, `student_id`, `attendance_time`, `checkout_time`, `status`, `notes`, `late_duration`, `reason`, `recorded_by`, `is_manual_corrected`, `corrected_by`, `correction_note`, `created_at`, `updated_at`) VALUES
	(1, 1, '2026-06-25 18:00:19', NULL, 'Hadir', 'salah klik', -660, 'salah mengklik status absen', 'Ustadz Ahmad Fauzi, S.Pd.I.', 1, 'Ustadz Ahmad Fauzi, S.Pd.I.', 'salah mengklik status absen', '2026-06-25 11:00:20', '2026-06-25 11:20:28'),
	(2, 2, '2026-06-25 18:19:43', NULL, 'Sakit', 'di rumah sakit', NULL, 'sakit', 'Ustadz Ahmad Fauzi, S.Pd.I.', 1, 'Ustadz Ahmad Fauzi, S.Pd.I.', 'sakit', '2026-06-25 11:19:43', '2026-06-25 11:24:49'),
	(3, 4, '2026-06-25 18:56:56', NULL, 'Alfa', 'tidak masuk', NULL, NULL, 'Ustadz Ahmad Fauzi, S.Pd.I.', 0, NULL, NULL, '2026-06-25 11:56:56', '2026-06-25 11:56:56'),
	(4, 6, '2026-06-25 20:09:27', NULL, 'Alfa', NULL, NULL, NULL, 'Ustadz Ahmad Fauzi, S.Pd.I.', 0, NULL, NULL, '2026-06-25 13:09:27', '2026-06-25 13:09:27');

-- Dumping structure for table e_absensi_siswa.announcements
DROP TABLE IF EXISTS `announcements`;
CREATE TABLE IF NOT EXISTS `announcements` (
  `id` bigint unsigned NOT NULL AUTO_INCREMENT,
  `title` varchar(255) COLLATE utf8mb4_unicode_ci NOT NULL,
  `content` text COLLATE utf8mb4_unicode_ci NOT NULL,
  `target_type` enum('all','class') COLLATE utf8mb4_unicode_ci NOT NULL DEFAULT 'all',
  `target_id` bigint unsigned DEFAULT NULL,
  `is_active` tinyint(1) NOT NULL DEFAULT '1',
  `created_at` timestamp NULL DEFAULT NULL,
  `updated_at` timestamp NULL DEFAULT NULL,
  PRIMARY KEY (`id`),
  KEY `announcements_target_id_foreign` (`target_id`),
  CONSTRAINT `announcements_target_id_foreign` FOREIGN KEY (`target_id`) REFERENCES `classes` (`id`) ON DELETE SET NULL
) ENGINE=InnoDB AUTO_INCREMENT=2 DEFAULT CHARSET=utf8mb4 COLLATE=utf8mb4_unicode_ci;

-- Dumping data for table e_absensi_siswa.announcements: ~1 rows (approximately)
DELETE FROM `announcements`;
INSERT INTO `announcements` (`id`, `title`, `content`, `target_type`, `target_id`, `is_active`, `created_at`, `updated_at`) VALUES
	(1, 'Pengumuman Pembagian Laporan Hasil Belajar (Rapor) Semester Genap', '<h2>Yth. Bapak/Ibu Orang Tua/Wali Murid MI Nurul Amin,</h2><p>&nbsp;</p><p>Sehubungan dengan berakhirnya rangkaian kegiatan belajar mengajar pada Semester Genap Tahun Ajaran 2025/2026, kami mengundang Bapak/Ibu untuk hadir dalam agenda <strong>Pembagian Laporan Hasil Belajar (Rapor)</strong> siswa.</p><p>Adapun detail pelaksanaannya adalah sebagai berikut:</p><p>&nbsp;</p><p><strong>Hari / Tanggal:</strong> Sabtu, 27 Juni 2026</p><p><strong>Waktu:</strong> 08.00 WIB s.d. Selesai</p><p><strong>Tempat:</strong> Ruang Kelas Masing-masing</p><p><strong>Agenda: </strong>Laporan perkembangan belajar siswa. Penyerahan Rapor Semester Genap. Informasi libur kenaikan kelas dan jadwal masuk tahun ajaran baru.</p><p>&nbsp;</p><p><strong>Catatan Penting:</strong></p><p>Mengingat pentingnya agenda ini bagi perkembangan pendidikan putra-putri Bapak/Ibu, kehadiran orang tua/wali murid sangat diharapkan.</p><p>Mohon membawa alat tulis pribadi dan menaati tata tertib sekolah selama berada di lingkungan madrasah.</p><p>Siswa diharapkan hadir dengan seragam sekolah yang rapi (menyesuaikan jadwal seragam hari Sabtu).</p><p>Kami mengucapkan terima kasih atas dukungan dan pendampingan Bapak/Ibu selama satu semester ini. Semoga putra-putri kita mendapatkan hasil yang terbaik.</p><p>&nbsp;</p><p>&nbsp;</p><p>Salam takzim,</p><p><strong>Kepala Madrasah YPI Nurul Amin</strong></p>', 'all', NULL, 1, '2026-06-11 16:11:10', '2026-06-11 16:11:10');

-- Dumping structure for table e_absensi_siswa.cache
DROP TABLE IF EXISTS `cache`;
CREATE TABLE IF NOT EXISTS `cache` (
  `key` varchar(255) COLLATE utf8mb4_unicode_ci NOT NULL,
  `value` mediumtext COLLATE utf8mb4_unicode_ci NOT NULL,
  `expiration` int NOT NULL,
  PRIMARY KEY (`key`)
) ENGINE=InnoDB DEFAULT CHARSET=utf8mb4 COLLATE=utf8mb4_unicode_ci;

-- Dumping data for table e_absensi_siswa.cache: ~1 rows (approximately)
DELETE FROM `cache`;
INSERT INTO `cache` (`key`, `value`, `expiration`) VALUES
	('laravel-cache-max_absensi_settings_full', 'O:29:"Illuminate\\Support\\Collection":2:{s:8:"\0*\0items";a:1:{s:21:"attendance_start_time";s:5:"07:00";}s:28:"\0*\0escapeWhenCastingToString";b:0;}', 1782407290);

-- Dumping structure for table e_absensi_siswa.cache_locks
DROP TABLE IF EXISTS `cache_locks`;
CREATE TABLE IF NOT EXISTS `cache_locks` (
  `key` varchar(255) COLLATE utf8mb4_unicode_ci NOT NULL,
  `owner` varchar(255) COLLATE utf8mb4_unicode_ci NOT NULL,
  `expiration` int NOT NULL,
  PRIMARY KEY (`key`)
) ENGINE=InnoDB DEFAULT CHARSET=utf8mb4 COLLATE=utf8mb4_unicode_ci;

-- Dumping data for table e_absensi_siswa.cache_locks: ~0 rows (approximately)
DELETE FROM `cache_locks`;

-- Dumping structure for table e_absensi_siswa.classes
DROP TABLE IF EXISTS `classes`;
CREATE TABLE IF NOT EXISTS `classes` (
  `id` bigint unsigned NOT NULL AUTO_INCREMENT,
  `name` varchar(255) COLLATE utf8mb4_unicode_ci NOT NULL,
  `grade` varchar(255) COLLATE utf8mb4_unicode_ci NOT NULL,
  `major` varchar(100) COLLATE utf8mb4_unicode_ci DEFAULT NULL,
  `description` text COLLATE utf8mb4_unicode_ci,
  `status` enum('active','inactive') COLLATE utf8mb4_unicode_ci NOT NULL DEFAULT 'active',
  `created_at` timestamp NULL DEFAULT NULL,
  `updated_at` timestamp NULL DEFAULT NULL,
  `dismissal_time` time DEFAULT NULL,
  PRIMARY KEY (`id`),
  UNIQUE KEY `classes_name_unique` (`name`)
) ENGINE=InnoDB AUTO_INCREMENT=20 DEFAULT CHARSET=utf8mb4 COLLATE=utf8mb4_unicode_ci;

-- Dumping data for table e_absensi_siswa.classes: ~18 rows (approximately)
DELETE FROM `classes`;
INSERT INTO `classes` (`id`, `name`, `grade`, `major`, `description`, `status`, `created_at`, `updated_at`, `dismissal_time`) VALUES
	(1, '1A', '1', 'UMUM', NULL, 'active', '2026-06-11 11:26:36', '2026-06-11 11:26:36', '09:30:00'),
	(2, '1B', '1', 'UMUM', NULL, 'active', '2026-06-11 11:26:58', '2026-06-11 11:26:58', '09:30:00'),
	(3, '1C', '1', 'UMUM', NULL, 'active', '2026-06-11 11:27:16', '2026-06-11 11:27:16', '09:30:00'),
	(4, '2A', '2', 'UMUM', NULL, 'active', '2026-06-11 11:28:08', '2026-06-11 11:28:08', '09:30:00'),
	(5, '2B', '2', 'UMUM', NULL, 'active', '2026-06-11 11:28:58', '2026-06-11 11:28:58', '09:30:00'),
	(6, '2C', '2', 'UMUM', NULL, 'active', '2026-06-11 11:29:19', '2026-06-11 11:29:19', '09:30:00'),
	(7, '3A', '3', 'UMUM', NULL, 'active', '2026-06-11 11:29:51', '2026-06-11 11:29:51', '09:30:00'),
	(8, '3B', '3', 'UMUM', NULL, 'active', '2026-06-11 11:30:16', '2026-06-11 11:30:16', '09:30:00'),
	(9, '3C', '3', 'UMUM', NULL, 'active', '2026-06-11 11:30:37', '2026-06-11 11:30:37', '09:30:00'),
	(10, '4A', '4', 'UMUM', NULL, 'active', '2026-06-11 11:31:19', '2026-06-11 11:31:19', '09:30:00'),
	(11, '4B', '4', 'UMUM', NULL, 'active', '2026-06-11 11:31:54', '2026-06-11 11:32:13', '09:30:00'),
	(12, '4C', '4', 'UMUM', NULL, 'active', '2026-06-11 11:32:38', '2026-06-11 11:32:38', '09:30:00'),
	(13, '5A', '5', 'UMUM', NULL, 'active', '2026-06-11 11:33:08', '2026-06-11 11:33:08', '12:00:00'),
	(14, '5B', '5', 'UMUM', NULL, 'active', '2026-06-11 11:33:37', '2026-06-11 11:34:34', '12:00:00'),
	(15, '5C', '5', 'UMUM', NULL, 'active', '2026-06-11 11:34:57', '2026-06-11 11:34:57', '12:00:00'),
	(16, '6A', '6', 'UMUM', NULL, 'active', '2026-06-11 11:35:33', '2026-06-11 11:35:33', '12:00:00'),
	(17, '6B', '6', 'UMUM', NULL, 'active', '2026-06-11 11:36:08', '2026-06-11 11:36:08', '12:00:00'),
	(18, '6C', '6', 'UMUM', NULL, 'active', '2026-06-11 11:36:44', '2026-06-11 11:36:44', '12:00:00');

-- Dumping structure for table e_absensi_siswa.failed_jobs
DROP TABLE IF EXISTS `failed_jobs`;
CREATE TABLE IF NOT EXISTS `failed_jobs` (
  `id` bigint unsigned NOT NULL AUTO_INCREMENT,
  `uuid` varchar(255) COLLATE utf8mb4_unicode_ci NOT NULL,
  `connection` text COLLATE utf8mb4_unicode_ci NOT NULL,
  `queue` text COLLATE utf8mb4_unicode_ci NOT NULL,
  `payload` longtext COLLATE utf8mb4_unicode_ci NOT NULL,
  `exception` longtext COLLATE utf8mb4_unicode_ci NOT NULL,
  `failed_at` timestamp NOT NULL DEFAULT CURRENT_TIMESTAMP,
  PRIMARY KEY (`id`),
  UNIQUE KEY `failed_jobs_uuid_unique` (`uuid`)
) ENGINE=InnoDB DEFAULT CHARSET=utf8mb4 COLLATE=utf8mb4_unicode_ci;

-- Dumping data for table e_absensi_siswa.failed_jobs: ~0 rows (approximately)
DELETE FROM `failed_jobs`;

-- Dumping structure for table e_absensi_siswa.holidays
DROP TABLE IF EXISTS `holidays`;
CREATE TABLE IF NOT EXISTS `holidays` (
  `id` bigint unsigned NOT NULL AUTO_INCREMENT,
  `date` date NOT NULL,
  `name` varchar(255) COLLATE utf8mb4_unicode_ci NOT NULL,
  `created_at` timestamp NULL DEFAULT NULL,
  `updated_at` timestamp NULL DEFAULT NULL,
  PRIMARY KEY (`id`),
  UNIQUE KEY `holidays_date_unique` (`date`)
) ENGINE=InnoDB AUTO_INCREMENT=28 DEFAULT CHARSET=utf8mb4 COLLATE=utf8mb4_unicode_ci;

-- Dumping data for table e_absensi_siswa.holidays: ~27 rows (approximately)
DELETE FROM `holidays`;
INSERT INTO `holidays` (`id`, `date`, `name`, `created_at`, `updated_at`) VALUES
	(1, '2026-01-01', 'New Year\'s Day', '2026-06-11 11:52:45', '2026-06-11 11:52:45'),
	(2, '2026-01-16', 'Ascension of the Prophet Muhammad', '2026-06-11 11:52:45', '2026-06-11 11:52:45'),
	(3, '2026-02-16', 'Chinese New Year Joint Holiday', '2026-06-11 11:52:45', '2026-06-11 11:52:45'),
	(4, '2026-02-17', 'Chinese New Year\'s Day', '2026-06-11 11:52:45', '2026-06-11 11:52:45'),
	(5, '2026-02-19', 'Ramadan Start', '2026-06-11 11:52:45', '2026-06-11 11:52:45'),
	(6, '2026-03-18', 'Joint Holiday for Bali\'s Day of Silence and Hindu New Year (Nyepi)', '2026-06-11 11:52:46', '2026-06-11 11:52:46'),
	(7, '2026-03-19', 'Bali\'s Day of Silence and Hindu New Year (Nyepi)', '2026-06-11 11:52:46', '2026-06-11 11:52:46'),
	(8, '2026-03-20', 'Idul Fitri Joint Holiday', '2026-06-11 11:52:46', '2026-06-11 11:52:46'),
	(9, '2026-03-21', 'Idul Fitri', '2026-06-11 11:52:46', '2026-06-11 11:52:46'),
	(10, '2026-03-22', 'Idul Fitri Holiday', '2026-06-11 11:52:46', '2026-06-11 11:52:46'),
	(11, '2026-03-23', 'Idul Fitri Joint Holiday', '2026-06-11 11:52:46', '2026-06-11 11:52:46'),
	(12, '2026-03-24', 'Idul Fitri Joint Holiday', '2026-06-11 11:52:46', '2026-06-11 11:52:46'),
	(13, '2026-04-03', 'Good Friday', '2026-06-11 11:52:46', '2026-06-11 11:52:46'),
	(14, '2026-04-05', 'Easter Sunday', '2026-06-11 11:52:46', '2026-06-11 11:52:46'),
	(15, '2026-05-01', 'International Labor Day', '2026-06-11 11:52:46', '2026-06-11 11:52:46'),
	(16, '2026-05-14', 'Ascension Day of Jesus Christ', '2026-06-11 11:52:46', '2026-06-11 11:52:46'),
	(17, '2026-05-15', 'Joint Holiday after Ascension Day', '2026-06-11 11:52:46', '2026-06-11 11:52:46'),
	(18, '2026-05-27', 'Idul Adha', '2026-06-11 11:52:46', '2026-06-11 11:52:46'),
	(19, '2026-05-28', 'Joint Holiday for Idul Adha', '2026-06-11 11:52:46', '2026-06-11 11:52:46'),
	(20, '2026-05-31', 'Waisak Day (Buddha\'s Anniversary) (tentative)', '2026-06-11 11:52:46', '2026-06-11 11:52:46'),
	(21, '2026-06-01', 'Pancasila Day', '2026-06-11 11:52:46', '2026-06-11 11:52:46'),
	(22, '2026-06-16', 'Muharram / Islamic New Year (tentative)', '2026-06-11 11:52:46', '2026-06-11 11:52:46'),
	(23, '2026-08-17', 'Indonesian Independence Day', '2026-06-11 11:52:46', '2026-06-11 11:52:46'),
	(24, '2026-08-25', 'Maulid Nabi Muhammad (tentative)', '2026-06-11 11:52:46', '2026-06-11 11:52:46'),
	(25, '2026-12-24', 'Christmas Eve Joint Holiday', '2026-06-11 11:52:46', '2026-06-11 11:52:46'),
	(26, '2026-12-25', 'Christmas Day', '2026-06-11 11:52:46', '2026-06-11 11:52:46'),
	(27, '2026-12-31', 'New Year\'s Eve', '2026-06-11 11:52:46', '2026-06-11 11:52:46');

-- Dumping structure for table e_absensi_siswa.homeroom_teachers
DROP TABLE IF EXISTS `homeroom_teachers`;
CREATE TABLE IF NOT EXISTS `homeroom_teachers` (
  `id` bigint unsigned NOT NULL AUTO_INCREMENT,
  `user_id` bigint unsigned NOT NULL,
  `scan_token` varchar(80) COLLATE utf8mb4_unicode_ci DEFAULT NULL,
  `class_id` bigint unsigned DEFAULT NULL,
  `created_at` timestamp NULL DEFAULT NULL,
  `updated_at` timestamp NULL DEFAULT NULL,
  PRIMARY KEY (`id`),
  UNIQUE KEY `homeroom_teachers_user_id_class_id_unique` (`user_id`,`class_id`),
  UNIQUE KEY `homeroom_teachers_class_id_unique` (`class_id`),
  UNIQUE KEY `homeroom_teachers_scan_token_unique` (`scan_token`),
  CONSTRAINT `homeroom_teachers_class_id_foreign` FOREIGN KEY (`class_id`) REFERENCES `classes` (`id`) ON DELETE RESTRICT,
  CONSTRAINT `homeroom_teachers_user_id_foreign` FOREIGN KEY (`user_id`) REFERENCES `users` (`id`) ON DELETE CASCADE
) ENGINE=InnoDB AUTO_INCREMENT=19 DEFAULT CHARSET=utf8mb4 COLLATE=utf8mb4_unicode_ci;

-- Dumping data for table e_absensi_siswa.homeroom_teachers: ~18 rows (approximately)
DELETE FROM `homeroom_teachers`;
INSERT INTO `homeroom_teachers` (`id`, `user_id`, `scan_token`, `class_id`, `created_at`, `updated_at`) VALUES
	(1, 2, 'jeYCUDWQ7HIqQR6NYvBZIiOVnGnSqrW2', 1, '2026-06-11 12:11:16', '2026-06-11 12:12:22'),
	(2, 3, 'LtvH2hQRldx9yk4XFJK7O5KzNijhL3QF', 2, '2026-06-11 12:11:17', '2026-06-11 12:13:26'),
	(3, 4, 'XPzCm2I179eHb6QRL8NTXnM8myOfyM6C', 3, '2026-06-11 12:11:19', '2026-06-11 12:15:50'),
	(4, 5, 'sSlM6b4d29O5ZFjyxXEmrqT9nJkzNVDX', 4, '2026-06-11 12:11:20', '2026-06-11 12:17:09'),
	(5, 6, '763AKRHTeuZYZjJ3vQ45gIMXj25zIMwn', 5, '2026-06-11 12:11:21', '2026-06-11 12:19:58'),
	(6, 7, 'NC9q5MZBoQNH0jmbGj252oH5KilUqi9L', 6, '2026-06-11 12:11:23', '2026-06-11 12:21:53'),
	(7, 8, 'ecjS3Fh0AWKMUm2IYztAJ7AGknxkbMXx', 7, '2026-06-11 12:11:23', '2026-06-11 12:21:35'),
	(8, 9, 'ifMjcIACtbs7EQs5RNbyUCgM4f1MlvF7', 8, '2026-06-11 12:11:24', '2026-06-11 12:21:20'),
	(9, 10, '6NpYIz8sAbcer5rIiKmwSGayrFQRMyK9', 9, '2026-06-11 12:11:25', '2026-06-11 12:21:00'),
	(10, 11, 'j1eM8SJflpgapXQVPbkbJlHwoiZZI0Pz', 10, '2026-06-11 12:11:26', '2026-06-11 12:20:45'),
	(11, 12, 'N35EOlTtOP817CcQLU5cmPeRswqot3W1', 11, '2026-06-11 12:11:27', '2026-06-11 12:20:30'),
	(12, 13, 'qa1W8XiWFCZ9TNNxhn9XtU7XnPW8UxOJ', 12, '2026-06-11 12:11:28', '2026-06-11 12:20:13'),
	(13, 14, 'Ryi0wEdFTwVZ1IKzR9G1r7M9QO4StPjy', 13, '2026-06-11 12:11:29', '2026-06-11 12:19:35'),
	(14, 15, '8hDOMC35Ntg1tHT3GDdAEdsgF08hz1Zi', 14, '2026-06-11 12:11:30', '2026-06-11 12:19:03'),
	(15, 16, 'MCRr073lSh2mSsYTW6oL33hSpH6bigZL', 15, '2026-06-11 12:11:31', '2026-06-11 12:18:44'),
	(16, 17, 'jJ6aAk0TmL8ls7T2c1Od2vZ4Wla2c9Aw', 16, '2026-06-11 12:11:32', '2026-06-11 12:18:17'),
	(17, 18, 'GuCI0yssqX41zAj6QaXMKbCMcRdauE3J', 17, '2026-06-11 12:11:32', '2026-06-11 12:18:00'),
	(18, 19, 'oICJhjL32O7VQfEZZsLGI3OJXOr3gqgd', 18, '2026-06-11 12:11:33', '2026-06-11 12:17:36');

-- Dumping structure for table e_absensi_siswa.izin_requests
DROP TABLE IF EXISTS `izin_requests`;
CREATE TABLE IF NOT EXISTS `izin_requests` (
  `id` bigint unsigned NOT NULL AUTO_INCREMENT,
  `student_id` bigint unsigned NOT NULL,
  `request_date` date NOT NULL,
  `type` enum('Sakit','Izin') COLLATE utf8mb4_unicode_ci NOT NULL,
  `reason` text COLLATE utf8mb4_unicode_ci NOT NULL,
  `attachment_path` varchar(255) COLLATE utf8mb4_unicode_ci DEFAULT NULL,
  `status` enum('Pending','Approved','Rejected') COLLATE utf8mb4_unicode_ci NOT NULL DEFAULT 'Pending',
  `approved_by` bigint unsigned DEFAULT NULL,
  `created_at` timestamp NULL DEFAULT NULL,
  `updated_at` timestamp NULL DEFAULT NULL,
  PRIMARY KEY (`id`),
  UNIQUE KEY `student_date_unique` (`student_id`,`request_date`),
  KEY `izin_requests_approved_by_foreign` (`approved_by`),
  CONSTRAINT `izin_requests_approved_by_foreign` FOREIGN KEY (`approved_by`) REFERENCES `users` (`id`),
  CONSTRAINT `izin_requests_student_id_foreign` FOREIGN KEY (`student_id`) REFERENCES `students` (`id`) ON DELETE CASCADE
) ENGINE=InnoDB DEFAULT CHARSET=utf8mb4 COLLATE=utf8mb4_unicode_ci;

-- Dumping data for table e_absensi_siswa.izin_requests: ~0 rows (approximately)
DELETE FROM `izin_requests`;

-- Dumping structure for table e_absensi_siswa.jobs
DROP TABLE IF EXISTS `jobs`;
CREATE TABLE IF NOT EXISTS `jobs` (
  `id` bigint unsigned NOT NULL AUTO_INCREMENT,
  `queue` varchar(255) COLLATE utf8mb4_unicode_ci NOT NULL,
  `payload` longtext COLLATE utf8mb4_unicode_ci NOT NULL,
  `attempts` tinyint unsigned NOT NULL,
  `reserved_at` int unsigned DEFAULT NULL,
  `available_at` int unsigned NOT NULL,
  `created_at` int unsigned NOT NULL,
  PRIMARY KEY (`id`),
  KEY `jobs_queue_index` (`queue`)
) ENGINE=InnoDB DEFAULT CHARSET=utf8mb4 COLLATE=utf8mb4_unicode_ci;

-- Dumping data for table e_absensi_siswa.jobs: ~0 rows (approximately)
DELETE FROM `jobs`;

-- Dumping structure for table e_absensi_siswa.job_batches
DROP TABLE IF EXISTS `job_batches`;
CREATE TABLE IF NOT EXISTS `job_batches` (
  `id` varchar(255) COLLATE utf8mb4_unicode_ci NOT NULL,
  `name` varchar(255) COLLATE utf8mb4_unicode_ci NOT NULL,
  `total_jobs` int NOT NULL,
  `pending_jobs` int NOT NULL,
  `failed_jobs` int NOT NULL,
  `failed_job_ids` longtext COLLATE utf8mb4_unicode_ci NOT NULL,
  `options` mediumtext COLLATE utf8mb4_unicode_ci,
  `cancelled_at` int DEFAULT NULL,
  `created_at` int NOT NULL,
  `finished_at` int DEFAULT NULL,
  PRIMARY KEY (`id`)
) ENGINE=InnoDB DEFAULT CHARSET=utf8mb4 COLLATE=utf8mb4_unicode_ci;

-- Dumping data for table e_absensi_siswa.job_batches: ~0 rows (approximately)
DELETE FROM `job_batches`;

-- Dumping structure for table e_absensi_siswa.migrations
DROP TABLE IF EXISTS `migrations`;
CREATE TABLE IF NOT EXISTS `migrations` (
  `id` int unsigned NOT NULL AUTO_INCREMENT,
  `migration` varchar(255) COLLATE utf8mb4_unicode_ci NOT NULL,
  `batch` int NOT NULL,
  PRIMARY KEY (`id`)
) ENGINE=InnoDB AUTO_INCREMENT=37 DEFAULT CHARSET=utf8mb4 COLLATE=utf8mb4_unicode_ci;

-- Dumping data for table e_absensi_siswa.migrations: ~36 rows (approximately)
DELETE FROM `migrations`;
INSERT INTO `migrations` (`id`, `migration`, `batch`) VALUES
	(1, '0001_01_01_000000_create_users_table', 1),
	(2, '0001_01_01_000001_create_cache_table', 1),
	(3, '0001_01_01_000002_create_jobs_table', 1),
	(4, '2025_11_02_125622_add_role_to_users_table', 1),
	(5, '2025_11_02_140334_create_personal_access_tokens_table', 1),
	(6, '2025_11_02_144311_create_class_models_table', 1),
	(7, '2025_11_02_145023_create_students_table', 1),
	(8, '2025_11_03_005701_create_homeroom_teachers_table', 1),
	(9, '2025_11_03_010534_create_parent_models_table', 1),
	(10, '2025_11_03_010749_create_parent_student_table', 1),
	(11, '2025_11_03_021930_create_absences_table', 1),
	(12, '2025_11_03_021954_create_settings_table', 1),
	(13, '2025_11_03_110810_add_status_to_classes_table', 1),
	(14, '2025_11_03_115348_add_status_to_students_table', 1),
	(15, '2025_11_03_235337_add_checkout_time_to_absences_table', 1),
	(16, '2025_11_04_030820_add_photo_to_students_table', 1),
	(17, '2025_11_04_044407_add_address_to_students_table', 1),
	(18, '2025_11_04_104306_add_email_to_students_table', 1),
	(19, '2025_11_04_105051_add_major_and_desc_to_classes_table', 1),
	(20, '2025_11_08_111315_add_birth_fields_to_students_table', 1),
	(21, '2025_11_08_152427_add_is_approved_to_users_table', 1),
	(22, '2025_11_11_094522_change_late_duration_to_integer_in_absences_table', 1),
	(23, '2025_11_11_101502_add_attendance_end_time_to_settings_table', 1),
	(24, '2025_11_11_141055_add_audit_fields_to_absences_table', 1),
	(25, '2025_11_11_153717_create_izin_requests_table', 1),
	(26, '2025_11_12_211635_make_class_id_nullable_on_homeroom_teachers_table', 1),
	(27, '2025_12_10_202521_create_announcements_table', 1),
	(28, '2025_12_10_211845_create_subjects_table', 1),
	(29, '2025_12_10_211850_create_schedules_table', 1),
	(30, '2025_12_11_130332_make_phone_number_nullable_in_parents_table', 1),
	(31, '2025_12_11_130631_fix_parents_nullable_sql', 1),
	(32, '2026_05_12_170851_add_dismissal_time_to_classes_table', 1),
	(33, '2026_05_17_225433_create_holidays_table', 1),
	(34, '2026_05_18_152505_add_notes_to_absences_table', 1),
	(35, '2026_05_23_212524_add_scan_token_to_homeroom_teachers_table', 1),
	(36, '2026_06_08_161141_remove_email_phone_from_students_table', 1);

-- Dumping structure for table e_absensi_siswa.parents
DROP TABLE IF EXISTS `parents`;
CREATE TABLE IF NOT EXISTS `parents` (
  `id` bigint unsigned NOT NULL AUTO_INCREMENT,
  `user_id` bigint unsigned NOT NULL,
  `name` varchar(255) COLLATE utf8mb4_unicode_ci NOT NULL,
  `relation_status` varchar(255) COLLATE utf8mb4_unicode_ci DEFAULT NULL,
  `phone_number` varchar(255) COLLATE utf8mb4_unicode_ci DEFAULT NULL,
  `created_at` timestamp NULL DEFAULT NULL,
  `updated_at` timestamp NULL DEFAULT NULL,
  PRIMARY KEY (`id`),
  UNIQUE KEY `parents_phone_number_unique` (`phone_number`),
  KEY `parents_user_id_foreign` (`user_id`),
  CONSTRAINT `parents_user_id_foreign` FOREIGN KEY (`user_id`) REFERENCES `users` (`id`) ON DELETE CASCADE
) ENGINE=InnoDB AUTO_INCREMENT=1723 DEFAULT CHARSET=utf8mb4 COLLATE=utf8mb4_unicode_ci;

-- Dumping data for table e_absensi_siswa.parents: ~432 rows (approximately)
DELETE FROM `parents`;
INSERT INTO `parents` (`id`, `user_id`, `name`, `relation_status`, `phone_number`, `created_at`, `updated_at`) VALUES
	(1291, 1316, 'Ani Anggriawan', 'Ayah', '087698843875', '2026-06-11 15:21:28', '2026-06-11 15:21:28'),
	(1292, 1317, 'Handoko Yulianti', 'Ayah', '088351901375', '2026-06-11 15:21:28', '2026-06-11 15:21:28'),
	(1293, 1318, 'Rina Astuti', 'Ayah', '080338144713', '2026-06-11 15:21:28', '2026-06-11 15:21:28'),
	(1294, 1319, 'Handoko Sitorus', 'Ayah', '080794724870', '2026-06-11 15:21:29', '2026-06-11 15:21:29'),
	(1295, 1320, 'Susanto Sihombing', 'Ayah', '085507843854', '2026-06-11 15:21:29', '2026-06-11 15:21:29'),
	(1296, 1321, 'Budi Suryono', 'Ayah', '083944536171', '2026-06-11 15:21:29', '2026-06-11 15:21:29'),
	(1297, 1322, 'Agus Oktaviani', 'Ayah', '082668698013', '2026-06-11 15:21:30', '2026-06-11 15:21:30'),
	(1298, 1323, 'Agus Kurniawan', 'Ayah', '088723661299', '2026-06-11 15:21:30', '2026-06-11 15:21:30'),
	(1299, 1324, 'Ahmad Maheswara', 'Ayah', '081658202268', '2026-06-11 15:21:30', '2026-06-11 15:21:30'),
	(1300, 1325, 'Joko Mandala', 'Ayah', '084210931653', '2026-06-11 15:21:31', '2026-06-11 15:21:31'),
	(1301, 1326, 'Budi Wahyuni', 'Ayah', '080685631950', '2026-06-11 15:21:31', '2026-06-11 15:21:31'),
	(1302, 1327, 'Handoko Wulandari', 'Ayah', '086668394002', '2026-06-11 15:21:31', '2026-06-11 15:21:31'),
	(1303, 1328, 'Siti Mayasari', 'Ayah', '087637791057', '2026-06-11 15:21:32', '2026-06-11 15:21:32'),
	(1304, 1329, 'Yulianti Prasetyo', 'Ayah', '083485687852', '2026-06-11 15:21:32', '2026-06-11 15:21:32'),
	(1305, 1330, 'Siti Susanti', 'Ayah', '085431899509', '2026-06-11 15:21:32', '2026-06-11 15:21:32'),
	(1306, 1331, 'Yulianti Marbun', 'Ayah', '087772537427', '2026-06-11 15:21:33', '2026-06-11 15:21:33'),
	(1307, 1332, 'Joko Firmansyah', 'Ayah', '084605995340', '2026-06-11 15:21:33', '2026-06-11 15:21:33'),
	(1308, 1333, 'Putri Natsir', 'Ayah', '085316661176', '2026-06-11 15:21:33', '2026-06-11 15:21:33'),
	(1309, 1334, 'Yulianti Zulaika', 'Ayah', '082416484748', '2026-06-11 15:21:34', '2026-06-11 15:21:34'),
	(1310, 1335, 'Joko Siregar', 'Ayah', '085237907783', '2026-06-11 15:21:34', '2026-06-11 15:21:34'),
	(1311, 1336, 'Agus Simbolon', 'Ayah', '080799096359', '2026-06-11 15:21:34', '2026-06-11 15:21:34'),
	(1312, 1337, 'Siti Suryatmi', 'Ayah', '083170994209', '2026-06-11 15:21:35', '2026-06-11 15:21:35'),
	(1313, 1338, 'Ahmad Samosir', 'Ayah', '088587648053', '2026-06-11 15:21:35', '2026-06-11 15:21:35'),
	(1314, 1339, 'Yulianti Maulana', 'Ayah', '084385426256', '2026-06-11 15:21:35', '2026-06-11 15:21:35'),
	(1315, 1340, 'Susanto Nainggolan', 'Ayah', '089537235993', '2026-06-11 15:21:36', '2026-06-11 15:21:36'),
	(1316, 1341, 'Handoko Permata', 'Ayah', '086552500643', '2026-06-11 15:21:36', '2026-06-11 15:21:36'),
	(1317, 1342, 'Ahmad Rajasa', 'Ayah', '081182752884', '2026-06-11 15:21:36', '2026-06-11 15:21:36'),
	(1318, 1343, 'Handoko Rahmawati', 'Ayah', '088656732799', '2026-06-11 15:21:37', '2026-06-11 15:21:37'),
	(1319, 1344, 'Yulianti Hasanah', 'Ayah', '087442160136', '2026-06-11 15:21:37', '2026-06-11 15:21:37'),
	(1320, 1345, 'Putri Sitorus', 'Ayah', '089698107994', '2026-06-11 15:21:37', '2026-06-11 15:21:37'),
	(1321, 1346, 'Siti Zulaika', 'Ayah', '087717665854', '2026-06-11 15:21:38', '2026-06-11 15:21:38'),
	(1322, 1347, 'Susanto Hakim', 'Ayah', '081222558052', '2026-06-11 15:21:38', '2026-06-11 15:21:38'),
	(1323, 1348, 'Handoko Mardhiyah', 'Ayah', '084260585198', '2026-06-11 15:21:38', '2026-06-11 15:21:38'),
	(1324, 1349, 'Putri Januar', 'Ayah', '080105518911', '2026-06-11 15:21:39', '2026-06-11 15:21:39'),
	(1325, 1350, 'Handoko Pratiwi', 'Ayah', '082104402313', '2026-06-11 15:21:39', '2026-06-11 15:21:39'),
	(1326, 1351, 'Yulianti Samosir', 'Ayah', '088880652254', '2026-06-11 15:21:39', '2026-06-11 15:21:39'),
	(1327, 1352, 'Ani Puspita', 'Ayah', '082792297092', '2026-06-11 15:21:40', '2026-06-11 15:21:40'),
	(1328, 1353, 'Putri Usada', 'Ayah', '087956638515', '2026-06-11 15:21:40', '2026-06-11 15:21:40'),
	(1329, 1354, 'Siti Pudjiastuti', 'Ayah', '089056832368', '2026-06-11 15:21:40', '2026-06-11 15:21:40'),
	(1330, 1355, 'Budi Oktaviani', 'Ayah', '081093303742', '2026-06-11 15:21:41', '2026-06-11 15:21:41'),
	(1331, 1356, 'Agus Mandala', 'Ayah', '082013328086', '2026-06-11 15:21:41', '2026-06-11 15:21:41'),
	(1332, 1357, 'Rina Pudjiastuti', 'Ayah', '083191113051', '2026-06-11 15:21:41', '2026-06-11 15:21:41'),
	(1333, 1358, 'Ahmad Hasanah', 'Ayah', '083286847828', '2026-06-11 15:21:42', '2026-06-11 15:21:42'),
	(1334, 1359, 'Rina Ardianto', 'Ayah', '081139669779', '2026-06-11 15:21:42', '2026-06-11 15:21:42'),
	(1335, 1360, 'Susanto Saptono', 'Ayah', '081162225438', '2026-06-11 15:21:42', '2026-06-11 15:21:42'),
	(1336, 1361, 'Susanto Sinaga', 'Ayah', '085627465318', '2026-06-11 15:21:43', '2026-06-11 15:21:43'),
	(1337, 1362, 'Joko Hartati', 'Ayah', '087953133809', '2026-06-11 15:21:43', '2026-06-11 15:21:43'),
	(1338, 1363, 'Susanto Setiawan', 'Ayah', '082698049497', '2026-06-11 15:21:43', '2026-06-11 15:21:43'),
	(1339, 1364, 'Dewi Habibi', 'Ayah', '084089990962', '2026-06-11 15:21:44', '2026-06-11 15:21:44'),
	(1340, 1365, 'Dewi Susanti', 'Ayah', '086417978084', '2026-06-11 15:21:44', '2026-06-11 15:21:44'),
	(1341, 1366, 'Dewi Hidayat', 'Ayah', '084282681408', '2026-06-11 15:21:44', '2026-06-11 15:21:44'),
	(1342, 1367, 'Agus Anggriawan', 'Ayah', '086825342788', '2026-06-11 15:21:45', '2026-06-11 15:21:45'),
	(1343, 1368, 'Ani Iswahyudi', 'Ayah', '088703972588', '2026-06-11 15:21:45', '2026-06-11 15:21:45'),
	(1344, 1369, 'Ahmad Suwarno', 'Ayah', '086358985545', '2026-06-11 15:21:45', '2026-06-11 15:21:45'),
	(1345, 1370, 'Budi Hasanah', 'Ayah', '083457416401', '2026-06-11 15:21:46', '2026-06-11 15:21:46'),
	(1346, 1371, 'Yulianti Melani', 'Ayah', '084853987063', '2026-06-11 15:21:46', '2026-06-11 15:21:46'),
	(1347, 1372, 'Joko Nainggolan', 'Ayah', '082171944194', '2026-06-11 15:21:46', '2026-06-11 15:21:46'),
	(1348, 1373, 'Handoko Utami', 'Ayah', '082431483420', '2026-06-11 15:21:47', '2026-06-11 15:21:47'),
	(1349, 1374, 'Joko Iswahyudi', 'Ayah', '081105750859', '2026-06-11 15:21:47', '2026-06-11 15:21:47'),
	(1350, 1375, 'Budi Kusumo', 'Ayah', '085421743735', '2026-06-11 15:21:47', '2026-06-11 15:21:47'),
	(1351, 1376, 'Putri Haryanti', 'Ayah', '082820421399', '2026-06-11 15:21:48', '2026-06-11 15:21:48'),
	(1352, 1377, 'Siti Prakasa', 'Ayah', '080098832908', '2026-06-11 15:21:48', '2026-06-11 15:21:48'),
	(1353, 1378, 'Ani Hardiansyah', 'Ayah', '084283109252', '2026-06-11 15:21:48', '2026-06-11 15:21:48'),
	(1354, 1379, 'Putri Susanti', 'Ayah', '080764855969', '2026-06-11 15:21:49', '2026-06-11 15:21:49'),
	(1355, 1380, 'Budi Nuraini', 'Ayah', '086674350518', '2026-06-11 15:21:49', '2026-06-11 15:21:49'),
	(1356, 1381, 'Joko Fujiati', 'Ayah', '088188416902', '2026-06-11 15:21:49', '2026-06-11 15:21:49'),
	(1357, 1382, 'Yulianti Purnawati', 'Ayah', '080592568579', '2026-06-11 15:21:50', '2026-06-11 15:21:50'),
	(1358, 1383, 'Siti Utami', 'Ayah', '084163853673', '2026-06-11 15:21:50', '2026-06-11 15:21:50'),
	(1359, 1384, 'Handoko Aryani', 'Ayah', '088128721575', '2026-06-11 15:21:50', '2026-06-11 15:21:50'),
	(1360, 1385, 'Putri Prasetya', 'Ayah', '085318443591', '2026-06-11 15:21:51', '2026-06-11 15:21:51'),
	(1361, 1386, 'Putri Padmasari', 'Ayah', '083175014508', '2026-06-11 15:21:51', '2026-06-11 15:21:51'),
	(1362, 1387, 'Rina Permadi', 'Ayah', '085398775034', '2026-06-11 15:21:51', '2026-06-11 15:21:51'),
	(1363, 1388, 'Handoko Astuti', 'Ayah', '080718274009', '2026-06-11 15:21:52', '2026-06-11 15:21:52'),
	(1364, 1389, 'Ani Purwanti', 'Ayah', '080354216388', '2026-06-11 15:21:52', '2026-06-11 15:21:52'),
	(1365, 1390, 'Joko Sudiati', 'Ayah', '082701988976', '2026-06-11 15:21:52', '2026-06-11 15:21:52'),
	(1366, 1391, 'Ani Marbun', 'Ayah', '086874925191', '2026-06-11 15:21:53', '2026-06-11 15:21:53'),
	(1367, 1392, 'Dewi Sihombing', 'Ayah', '084508294922', '2026-06-11 15:21:53', '2026-06-11 15:21:53'),
	(1368, 1393, 'Budi Mardhiyah', 'Ayah', '086854782918', '2026-06-11 15:21:53', '2026-06-11 15:21:53'),
	(1369, 1394, 'Putri Widodo', 'Ayah', '082332862022', '2026-06-11 15:21:54', '2026-06-11 15:21:54'),
	(1370, 1395, 'Ani Suryono', 'Ayah', '084437270423', '2026-06-11 15:21:54', '2026-06-11 15:21:54'),
	(1371, 1396, 'Putri Hasanah', 'Ayah', '085833042785', '2026-06-11 15:21:54', '2026-06-11 15:21:54'),
	(1372, 1397, 'Dewi Marpaung', 'Ayah', '087703728056', '2026-06-11 15:21:55', '2026-06-11 15:21:55'),
	(1373, 1398, 'Ani Zulaika', 'Ayah', '089618630317', '2026-06-11 15:21:55', '2026-06-11 15:21:55'),
	(1374, 1399, 'Rina Mansur', 'Ayah', '087982312335', '2026-06-11 15:21:55', '2026-06-11 15:21:55'),
	(1375, 1400, 'Budi Wastuti', 'Ayah', '082617453287', '2026-06-11 15:21:56', '2026-06-11 15:21:56'),
	(1376, 1401, 'Rina Mandasari', 'Ayah', '086984803580', '2026-06-11 15:21:56', '2026-06-11 15:21:56'),
	(1377, 1402, 'Rina Widodo', 'Ayah', '084843339275', '2026-06-11 15:21:57', '2026-06-11 15:21:57'),
	(1378, 1403, 'Susanto Namaga', 'Ayah', '081883637303', '2026-06-11 15:21:57', '2026-06-11 15:21:57'),
	(1379, 1404, 'Putri Purwanti', 'Ayah', '083539565123', '2026-06-11 15:21:57', '2026-06-11 15:21:57'),
	(1380, 1405, 'Siti Pradipta', 'Ayah', '087175876596', '2026-06-11 15:21:58', '2026-06-11 15:21:58'),
	(1381, 1406, 'Susanto Lestari', 'Ayah', '083859891114', '2026-06-11 15:21:58', '2026-06-11 15:21:58'),
	(1382, 1407, 'Yulianti Hartati', 'Ayah', '086175832326', '2026-06-11 15:21:58', '2026-06-11 15:21:58'),
	(1383, 1408, 'Dewi Uyainah', 'Ayah', '080008213420', '2026-06-11 15:21:59', '2026-06-11 15:21:59'),
	(1384, 1409, 'Susanto Namaga', 'Ayah', '082540687183', '2026-06-11 15:21:59', '2026-06-11 15:21:59'),
	(1385, 1410, 'Ahmad Padmasari', 'Ayah', '089301787652', '2026-06-11 15:21:59', '2026-06-11 15:21:59'),
	(1386, 1411, 'Joko Samosir', 'Ayah', '083864561916', '2026-06-11 15:22:00', '2026-06-11 15:22:00'),
	(1387, 1412, 'Dewi Pratama', 'Ayah', '081895026993', '2026-06-11 15:22:00', '2026-06-11 15:22:00'),
	(1388, 1413, 'Handoko Kusmawati', 'Ayah', '086867007677', '2026-06-11 15:22:00', '2026-06-11 15:22:00'),
	(1389, 1414, 'Budi Waluyo', 'Ayah', '082814969933', '2026-06-11 15:22:01', '2026-06-11 15:22:01'),
	(1390, 1415, 'Joko Astuti', 'Ayah', '080598487152', '2026-06-11 15:22:01', '2026-06-11 15:22:01'),
	(1391, 1416, 'Siti Mulyani', 'Ayah', '087160690295', '2026-06-11 15:22:01', '2026-06-11 15:22:01'),
	(1392, 1417, 'Putri Yuniar', 'Ayah', '080447635855', '2026-06-11 15:22:02', '2026-06-11 15:22:02'),
	(1393, 1418, 'Handoko Irawan', 'Ayah', '087434444505', '2026-06-11 15:22:02', '2026-06-11 15:22:02'),
	(1394, 1419, 'Siti Pudjiastuti', 'Ayah', '086036527210', '2026-06-11 15:22:02', '2026-06-11 15:22:02'),
	(1395, 1420, 'Handoko Hutasoit', 'Ayah', '088855022593', '2026-06-11 15:22:03', '2026-06-11 15:22:03'),
	(1396, 1421, 'Siti Utama', 'Ayah', '081240165966', '2026-06-11 15:22:03', '2026-06-11 15:22:03'),
	(1397, 1422, 'Susanto Lailasari', 'Ayah', '084797059557', '2026-06-11 15:22:03', '2026-06-11 15:22:03'),
	(1398, 1423, 'Siti Hutasoit', 'Ayah', '089305241792', '2026-06-11 15:22:04', '2026-06-11 15:22:04'),
	(1399, 1424, 'Joko Suryatmi', 'Ayah', '087880888274', '2026-06-11 15:22:04', '2026-06-11 15:22:04'),
	(1400, 1425, 'Rina Handayani', 'Ayah', '084955444033', '2026-06-11 15:22:04', '2026-06-11 15:22:04'),
	(1401, 1426, 'Handoko Yuliarti', 'Ayah', '080109891243', '2026-06-11 15:22:05', '2026-06-11 15:22:05'),
	(1402, 1427, 'Agus Agustina', 'Ayah', '087788278418', '2026-06-11 15:22:05', '2026-06-11 15:22:05'),
	(1403, 1428, 'Joko Irawan', 'Ayah', '081525577429', '2026-06-11 15:22:05', '2026-06-11 15:22:05'),
	(1404, 1429, 'Putri Melani', 'Ayah', '088428031479', '2026-06-11 15:22:06', '2026-06-11 15:22:06'),
	(1405, 1430, 'Yulianti Winarno', 'Ayah', '085053440459', '2026-06-11 15:22:06', '2026-06-11 15:22:06'),
	(1406, 1431, 'Ani Yolanda', 'Ayah', '082659310699', '2026-06-11 15:22:06', '2026-06-11 15:22:06'),
	(1407, 1432, 'Ahmad Widiastuti', 'Ayah', '083702090373', '2026-06-11 15:22:07', '2026-06-11 15:22:07'),
	(1408, 1433, 'Dewi Suryatmi', 'Ayah', '084649221189', '2026-06-11 15:22:07', '2026-06-11 15:22:07'),
	(1409, 1434, 'Yulianti Halimah', 'Ayah', '082282440342', '2026-06-11 15:22:07', '2026-06-11 15:22:07'),
	(1410, 1435, 'Ahmad Lestari', 'Ayah', '089003931317', '2026-06-11 15:22:08', '2026-06-11 15:22:08'),
	(1411, 1436, 'Ahmad Tamba', 'Ayah', '089764703012', '2026-06-11 15:22:08', '2026-06-11 15:22:08'),
	(1412, 1437, 'Yulianti Thamrin', 'Ayah', '081108208794', '2026-06-11 15:22:08', '2026-06-11 15:22:08'),
	(1413, 1438, 'Ahmad Firgantoro', 'Ayah', '080384577394', '2026-06-11 15:22:09', '2026-06-11 15:22:09'),
	(1414, 1439, 'Agus Sirait', 'Ayah', '087733985472', '2026-06-11 15:22:09', '2026-06-11 15:22:09'),
	(1415, 1440, 'Ahmad Ramadan', 'Ayah', '083713176550', '2026-06-11 15:22:09', '2026-06-11 15:22:09'),
	(1416, 1441, 'Joko Wulandari', 'Ayah', '080123331619', '2026-06-11 15:22:10', '2026-06-11 15:22:10'),
	(1417, 1442, 'Dewi Aryani', 'Ayah', '082651242744', '2026-06-11 15:22:10', '2026-06-11 15:22:10'),
	(1418, 1443, 'Dewi Simbolon', 'Ayah', '083440579368', '2026-06-11 15:22:10', '2026-06-11 15:22:10'),
	(1419, 1444, 'Handoko Prakasa', 'Ayah', '083081493109', '2026-06-11 15:22:11', '2026-06-11 15:22:11'),
	(1420, 1445, 'Dewi Hidayat', 'Ayah', '088857450491', '2026-06-11 15:22:11', '2026-06-11 15:22:11'),
	(1421, 1446, 'Rina Hidayanto', 'Ayah', '082608528226', '2026-06-11 15:22:11', '2026-06-11 15:22:11'),
	(1422, 1447, 'Putri Wijaya', 'Ayah', '080264357580', '2026-06-11 15:22:12', '2026-06-11 15:22:12'),
	(1423, 1448, 'Yulianti Mardhiyah', 'Ayah', '082941706424', '2026-06-11 15:22:12', '2026-06-11 15:22:12'),
	(1424, 1449, 'Agus Safitri', 'Ayah', '080559048695', '2026-06-11 15:22:12', '2026-06-11 15:22:12'),
	(1425, 1450, 'Ani Putra', 'Ayah', '083150739751', '2026-06-11 15:22:13', '2026-06-11 15:22:13'),
	(1426, 1451, 'Yulianti Yuniar', 'Ayah', '089114268740', '2026-06-11 15:22:13', '2026-06-11 15:22:13'),
	(1427, 1452, 'Joko Wulandari', 'Ayah', '085741905872', '2026-06-11 15:22:13', '2026-06-11 15:22:13'),
	(1428, 1453, 'Putri Irawan', 'Ayah', '088973687161', '2026-06-11 15:22:14', '2026-06-11 15:22:14'),
	(1429, 1454, 'Yulianti Novitasari', 'Ayah', '085194974254', '2026-06-11 15:22:14', '2026-06-11 15:22:14'),
	(1430, 1455, 'Dewi Sudiati', 'Ayah', '088628258759', '2026-06-11 15:22:14', '2026-06-11 15:22:14'),
	(1431, 1456, 'Agus Prastuti', 'Ayah', '082089438088', '2026-06-11 15:22:15', '2026-06-11 15:22:15'),
	(1432, 1457, 'Agus Novitasari', 'Ayah', '088819289193', '2026-06-11 15:22:15', '2026-06-11 15:22:15'),
	(1433, 1458, 'Ahmad Natsir', 'Ayah', '080147724098', '2026-06-11 15:22:15', '2026-06-11 15:22:15'),
	(1434, 1459, 'Yulianti Hakim', 'Ayah', '087800271651', '2026-06-11 15:22:16', '2026-06-11 15:22:16'),
	(1435, 1460, 'Joko Mandasari', 'Ayah', '082606099562', '2026-06-11 15:22:16', '2026-06-11 15:22:16'),
	(1436, 1461, 'Siti Yolanda', 'Ayah', '089932627208', '2026-06-11 15:22:16', '2026-06-11 15:22:16'),
	(1437, 1462, 'Ani Saragih', 'Ayah', '082816570064', '2026-06-11 15:22:17', '2026-06-11 15:22:17'),
	(1438, 1463, 'Ani Aryani', 'Ayah', '082015452925', '2026-06-11 15:22:17', '2026-06-11 15:22:17'),
	(1439, 1464, 'Joko Yuliarti', 'Ayah', '082546442124', '2026-06-11 15:22:17', '2026-06-11 15:22:17'),
	(1440, 1465, 'Ahmad Iswahyudi', 'Ayah', '088028507975', '2026-06-11 15:22:18', '2026-06-11 15:22:18'),
	(1441, 1466, 'Budi Hardiansyah', 'Ayah', '084697618184', '2026-06-11 15:22:18', '2026-06-11 15:22:18'),
	(1442, 1467, 'Dewi Uyainah', 'Ayah', '086441147769', '2026-06-11 15:22:18', '2026-06-11 15:22:18'),
	(1443, 1468, 'Joko Salahudin', 'Ayah', '088125246324', '2026-06-11 15:22:19', '2026-06-11 15:22:19'),
	(1444, 1469, 'Agus Usada', 'Ayah', '085181748552', '2026-06-11 15:22:19', '2026-06-11 15:22:19'),
	(1445, 1470, 'Yulianti Prabowo', 'Ayah', '086966623405', '2026-06-11 15:22:20', '2026-06-11 15:22:20'),
	(1446, 1471, 'Putri Hastuti', 'Ayah', '083708668567', '2026-06-11 15:22:20', '2026-06-11 15:22:20'),
	(1447, 1472, 'Rina Uyainah', 'Ayah', '089616545383', '2026-06-11 15:22:20', '2026-06-11 15:22:20'),
	(1448, 1473, 'Agus Permata', 'Ayah', '082002799931', '2026-06-11 15:22:21', '2026-06-11 15:22:21'),
	(1449, 1474, 'Yulianti Napitupulu', 'Ayah', '088277865208', '2026-06-11 15:22:21', '2026-06-11 15:22:21'),
	(1450, 1475, 'Yulianti Pudjiastuti', 'Ayah', '081979083149', '2026-06-11 15:22:21', '2026-06-11 15:22:21'),
	(1451, 1476, 'Rina Nasyidah', 'Ayah', '080128628453', '2026-06-11 15:22:22', '2026-06-11 15:22:22'),
	(1452, 1477, 'Joko Dongoran', 'Ayah', '085137828661', '2026-06-11 15:22:22', '2026-06-11 15:22:22'),
	(1453, 1478, 'Budi Wahyuni', 'Ayah', '080385577271', '2026-06-11 15:22:22', '2026-06-11 15:22:22'),
	(1454, 1479, 'Handoko Prasasta', 'Ayah', '085159197801', '2026-06-11 15:22:23', '2026-06-11 15:22:23'),
	(1455, 1480, 'Dewi Nashiruddin', 'Ayah', '089540678227', '2026-06-11 15:22:23', '2026-06-11 15:22:23'),
	(1456, 1481, 'Handoko Aryani', 'Ayah', '087478777354', '2026-06-11 15:22:23', '2026-06-11 15:22:23'),
	(1457, 1482, 'Putri Pratiwi', 'Ayah', '084769768336', '2026-06-11 15:22:24', '2026-06-11 15:22:24'),
	(1458, 1483, 'Susanto Wastuti', 'Ayah', '089883407346', '2026-06-11 15:22:24', '2026-06-11 15:22:24'),
	(1459, 1484, 'Handoko Handayani', 'Ayah', '084841652963', '2026-06-11 15:22:24', '2026-06-11 15:22:24'),
	(1460, 1485, 'Joko Maryati', 'Ayah', '082668240802', '2026-06-11 15:22:25', '2026-06-11 15:22:25'),
	(1461, 1486, 'Budi Lazuardi', 'Ayah', '081990822175', '2026-06-11 15:22:25', '2026-06-11 15:22:25'),
	(1462, 1487, 'Yulianti Tamba', 'Ayah', '085234764956', '2026-06-11 15:22:25', '2026-06-11 15:22:25'),
	(1463, 1488, 'Ani Handayani', 'Ayah', '084010446252', '2026-06-11 15:22:26', '2026-06-11 15:22:26'),
	(1464, 1489, 'Joko Kurniawan', 'Ayah', '086934987773', '2026-06-11 15:22:26', '2026-06-11 15:22:26'),
	(1465, 1490, 'Ahmad Mangunsong', 'Ayah', '089399822200', '2026-06-11 15:22:26', '2026-06-11 15:22:26'),
	(1466, 1491, 'Dewi Saefullah', 'Ayah', '087766874307', '2026-06-11 15:22:27', '2026-06-11 15:22:27'),
	(1467, 1492, 'Agus Kuswandari', 'Ayah', '083704379698', '2026-06-11 15:22:27', '2026-06-11 15:22:27'),
	(1468, 1493, 'Handoko Widiastuti', 'Ayah', '085488054690', '2026-06-11 15:22:27', '2026-06-11 15:22:27'),
	(1469, 1494, 'Siti Handayani', 'Ayah', '082012783264', '2026-06-11 15:22:28', '2026-06-11 15:22:28'),
	(1470, 1495, 'Yulianti Prastuti', 'Ayah', '088689262989', '2026-06-11 15:22:28', '2026-06-11 15:22:28'),
	(1471, 1496, 'Ahmad Widiastuti', 'Ayah', '085685711645', '2026-06-11 15:22:28', '2026-06-11 15:22:28'),
	(1472, 1497, 'Ahmad Sihombing', 'Ayah', '087449856599', '2026-06-11 15:22:29', '2026-06-11 15:22:29'),
	(1473, 1498, 'Susanto Uwais', 'Ayah', '087672229114', '2026-06-11 15:22:29', '2026-06-11 15:22:29'),
	(1474, 1499, 'Budi Dongoran', 'Ayah', '083600813092', '2026-06-11 15:22:30', '2026-06-11 15:22:30'),
	(1475, 1500, 'Agus Handayani', 'Ayah', '085583624514', '2026-06-11 15:22:30', '2026-06-11 15:22:30'),
	(1476, 1501, 'Siti Winarsih', 'Ayah', '088158314992', '2026-06-11 15:22:30', '2026-06-11 15:22:30'),
	(1477, 1502, 'Dewi Manullang', 'Ayah', '085819052702', '2026-06-11 15:22:31', '2026-06-11 15:22:31'),
	(1478, 1503, 'Dewi Hidayat', 'Ayah', '081072614285', '2026-06-11 15:22:31', '2026-06-11 15:22:31'),
	(1479, 1504, 'Budi Rajata', 'Ayah', '081413207694', '2026-06-11 15:22:31', '2026-06-11 15:22:31'),
	(1480, 1505, 'Rina Situmorang', 'Ayah', '083753771296', '2026-06-11 15:22:32', '2026-06-11 15:22:32'),
	(1481, 1506, 'Dewi Utama', 'Ayah', '080213631076', '2026-06-11 15:22:32', '2026-06-11 15:22:32'),
	(1482, 1507, 'Handoko Uwais', 'Ayah', '084479032192', '2026-06-11 15:22:32', '2026-06-11 15:22:32'),
	(1483, 1508, 'Putri Prasetyo', 'Ayah', '088834778160', '2026-06-11 15:22:33', '2026-06-11 15:22:33'),
	(1484, 1509, 'Yulianti Rahimah', 'Ayah', '082414062960', '2026-06-11 15:22:33', '2026-06-11 15:22:33'),
	(1485, 1510, 'Budi Prakasa', 'Ayah', '087731709641', '2026-06-11 15:22:33', '2026-06-11 15:22:33'),
	(1486, 1511, 'Joko Hariyah', 'Ayah', '083491283710', '2026-06-11 15:22:34', '2026-06-11 15:22:34'),
	(1487, 1512, 'Budi Nuraini', 'Ayah', '084607347685', '2026-06-11 15:22:34', '2026-06-11 15:22:34'),
	(1488, 1513, 'Agus Manullang', 'Ayah', '086288374469', '2026-06-11 15:22:34', '2026-06-11 15:22:34'),
	(1489, 1514, 'Agus Ardianto', 'Ayah', '085472035468', '2026-06-11 15:22:35', '2026-06-11 15:22:35'),
	(1490, 1515, 'Agus Saptono', 'Ayah', '083458032123', '2026-06-11 15:22:35', '2026-06-11 15:22:35'),
	(1491, 1516, 'Budi Yulianti', 'Ayah', '082595268204', '2026-06-11 15:22:35', '2026-06-11 15:22:35'),
	(1492, 1517, 'Budi Widodo', 'Ayah', '087677301828', '2026-06-11 15:22:36', '2026-06-11 15:22:36'),
	(1493, 1518, 'Budi Sitorus', 'Ayah', '089531125673', '2026-06-11 15:22:36', '2026-06-11 15:22:36'),
	(1494, 1519, 'Yulianti Ardianto', 'Ayah', '081784891843', '2026-06-11 15:22:37', '2026-06-11 15:22:37'),
	(1495, 1520, 'Joko Putra', 'Ayah', '082394692449', '2026-06-11 15:22:37', '2026-06-11 15:22:37'),
	(1496, 1521, 'Agus Laksmiwati', 'Ayah', '086214045174', '2026-06-11 15:22:37', '2026-06-11 15:22:37'),
	(1497, 1522, 'Budi Permadi', 'Ayah', '088534407961', '2026-06-11 15:22:38', '2026-06-11 15:22:38'),
	(1498, 1523, 'Rina Halim', 'Ayah', '085768248386', '2026-06-11 15:22:38', '2026-06-11 15:22:38'),
	(1499, 1524, 'Agus Aryani', 'Ayah', '082048137042', '2026-06-11 15:22:38', '2026-06-11 15:22:38'),
	(1500, 1525, 'Ani Astuti', 'Ayah', '084979559384', '2026-06-11 15:22:39', '2026-06-11 15:22:39'),
	(1501, 1526, 'Dewi Wasita', 'Ayah', '080945154542', '2026-06-11 15:22:39', '2026-06-11 15:22:39'),
	(1502, 1527, 'Rina Hariyah', 'Ayah', '080161641196', '2026-06-11 15:22:39', '2026-06-11 15:22:39'),
	(1503, 1528, 'Joko Prasetya', 'Ayah', '083853671113', '2026-06-11 15:22:40', '2026-06-11 15:22:40'),
	(1504, 1529, 'Susanto Pertiwi', 'Ayah', '085615074837', '2026-06-11 15:22:40', '2026-06-11 15:22:40'),
	(1505, 1530, 'Putri Pradana', 'Ayah', '083935331928', '2026-06-11 15:22:40', '2026-06-11 15:22:40'),
	(1506, 1531, 'Agus Manullang', 'Ayah', '087498355967', '2026-06-11 15:22:41', '2026-06-11 15:22:41'),
	(1507, 1532, 'Ahmad Utami', 'Ayah', '084952983173', '2026-06-11 15:22:41', '2026-06-11 15:22:41'),
	(1508, 1533, 'Yulianti Prastuti', 'Ayah', '088869315226', '2026-06-11 15:22:41', '2026-06-11 15:22:41'),
	(1509, 1534, 'Budi Wibisono', 'Ayah', '084238280901', '2026-06-11 15:22:42', '2026-06-11 15:22:42'),
	(1510, 1535, 'Agus Prasasta', 'Ayah', '088000561165', '2026-06-11 15:22:42', '2026-06-11 15:22:42'),
	(1511, 1536, 'Joko Halimah', 'Ayah', '080447423848', '2026-06-11 15:22:43', '2026-06-11 15:22:43'),
	(1512, 1537, 'Agus Maryadi', 'Ayah', '083257974310', '2026-06-11 15:22:43', '2026-06-11 15:22:43'),
	(1513, 1538, 'Putri Nasyidah', 'Ayah', '085186812937', '2026-06-11 15:22:43', '2026-06-11 15:22:43'),
	(1514, 1539, 'Joko Pertiwi', 'Ayah', '087098922768', '2026-06-11 15:22:44', '2026-06-11 15:22:44'),
	(1515, 1540, 'Handoko Suwarno', 'Ayah', '080968678976', '2026-06-11 15:22:44', '2026-06-11 15:22:44'),
	(1516, 1541, 'Susanto Januar', 'Ayah', '081003153470', '2026-06-11 15:22:44', '2026-06-11 15:22:44'),
	(1517, 1542, 'Handoko Prasetya', 'Ayah', '081054015724', '2026-06-11 15:22:45', '2026-06-11 15:22:45'),
	(1518, 1543, 'Ahmad Lestari', 'Ayah', '080695301872', '2026-06-11 15:22:45', '2026-06-11 15:22:45'),
	(1519, 1544, 'Handoko Rahimah', 'Ayah', '088583984378', '2026-06-11 15:22:46', '2026-06-11 15:22:46'),
	(1520, 1545, 'Ahmad Suryono', 'Ayah', '086689614959', '2026-06-11 15:22:46', '2026-06-11 15:22:46'),
	(1521, 1546, 'Handoko Hasanah', 'Ayah', '080516930156', '2026-06-11 15:22:46', '2026-06-11 15:22:46'),
	(1522, 1547, 'Siti Maryati', 'Ayah', '088765638500', '2026-06-11 15:22:47', '2026-06-11 15:22:47'),
	(1523, 1548, 'Ahmad Marbun', 'Ayah', '086823925215', '2026-06-11 15:22:47', '2026-06-11 15:22:47'),
	(1524, 1549, 'Dewi Hastuti', 'Ayah', '086994583389', '2026-06-11 15:22:48', '2026-06-11 15:22:48'),
	(1525, 1550, 'Handoko Farida', 'Ayah', '089863767976', '2026-06-11 15:22:48', '2026-06-11 15:22:48'),
	(1526, 1551, 'Susanto Najmudin', 'Ayah', '080756495299', '2026-06-11 15:22:48', '2026-06-11 15:22:48'),
	(1527, 1552, 'Putri Susanti', 'Ayah', '082188561902', '2026-06-11 15:22:49', '2026-06-11 15:22:49'),
	(1528, 1553, 'Ahmad Prabowo', 'Ayah', '085224552615', '2026-06-11 15:22:49', '2026-06-11 15:22:49'),
	(1529, 1554, 'Ahmad Wastuti', 'Ayah', '087746692713', '2026-06-11 15:22:49', '2026-06-11 15:22:49'),
	(1530, 1555, 'Rina Laksmiwati', 'Ayah', '084920231600', '2026-06-11 15:22:50', '2026-06-11 15:22:50'),
	(1531, 1556, 'Susanto Zulkarnain', 'Ayah', '084539540496', '2026-06-11 15:22:50', '2026-06-11 15:22:50'),
	(1532, 1557, 'Ahmad Maryati', 'Ayah', '087529456452', '2026-06-11 15:22:50', '2026-06-11 15:22:50'),
	(1533, 1558, 'Susanto Hasanah', 'Ayah', '089757556460', '2026-06-11 15:22:51', '2026-06-11 15:22:51'),
	(1534, 1559, 'Siti Nugroho', 'Ayah', '088770261854', '2026-06-11 15:22:51', '2026-06-11 15:22:51'),
	(1535, 1560, 'Budi Tamba', 'Ayah', '083115540076', '2026-06-11 15:22:51', '2026-06-11 15:22:51'),
	(1536, 1561, 'Ani Susanti', 'Ayah', '086144210863', '2026-06-11 15:22:52', '2026-06-11 15:22:52'),
	(1537, 1562, 'Ahmad Nasyiah', 'Ayah', '087833096333', '2026-06-11 15:22:52', '2026-06-11 15:22:52'),
	(1538, 1563, 'Siti Susanti', 'Ayah', '089537082685', '2026-06-11 15:22:52', '2026-06-11 15:22:52'),
	(1539, 1564, 'Budi Uwais', 'Ayah', '089847525415', '2026-06-11 15:22:53', '2026-06-11 15:22:53'),
	(1540, 1565, 'Yulianti Safitri', 'Ayah', '085350451304', '2026-06-11 15:22:53', '2026-06-11 15:22:53'),
	(1541, 1566, 'Siti Prayoga', 'Ayah', '087578111942', '2026-06-11 15:22:53', '2026-06-11 15:22:53'),
	(1542, 1567, 'Budi Maryati', 'Ayah', '086563446404', '2026-06-11 15:22:54', '2026-06-11 15:22:54'),
	(1543, 1568, 'Budi Mulyani', 'Ayah', '086515904223', '2026-06-11 15:22:54', '2026-06-11 15:22:54'),
	(1544, 1569, 'Putri Anggriawan', 'Ayah', '088283791903', '2026-06-11 15:22:54', '2026-06-11 15:22:54'),
	(1545, 1570, 'Yulianti Wahyuni', 'Ayah', '088591174026', '2026-06-11 15:22:55', '2026-06-11 15:22:55'),
	(1546, 1571, 'Ani Kuswandari', 'Ayah', '089692994411', '2026-06-11 15:22:55', '2026-06-11 15:22:55'),
	(1547, 1572, 'Rina Purwanti', 'Ayah', '083216135333', '2026-06-11 15:22:55', '2026-06-11 15:22:55'),
	(1548, 1573, 'Budi Halimah', 'Ayah', '089155045224', '2026-06-11 15:22:56', '2026-06-11 15:22:56'),
	(1549, 1574, 'Rina Marpaung', 'Ayah', '085338793856', '2026-06-11 15:22:56', '2026-06-11 15:22:56'),
	(1550, 1575, 'Susanto Wibisono', 'Ayah', '087999944392', '2026-06-11 15:22:56', '2026-06-11 15:22:56'),
	(1551, 1576, 'Yulianti Salahudin', 'Ayah', '083978747869', '2026-06-11 15:22:57', '2026-06-11 15:22:57'),
	(1552, 1577, 'Yulianti Wastuti', 'Ayah', '082702337962', '2026-06-11 15:22:57', '2026-06-11 15:22:57'),
	(1553, 1578, 'Rina Mandasari', 'Ayah', '084534068566', '2026-06-11 15:22:57', '2026-06-11 15:22:57'),
	(1554, 1579, 'Joko Purnawati', 'Ayah', '086732555498', '2026-06-11 15:22:58', '2026-06-11 15:22:58'),
	(1555, 1580, 'Agus Pradipta', 'Ayah', '085377849729', '2026-06-11 15:22:58', '2026-06-11 15:22:58'),
	(1556, 1581, 'Agus Habibi', 'Ayah', '088971196105', '2026-06-11 15:22:58', '2026-06-11 15:22:58'),
	(1557, 1582, 'Dewi Melani', 'Ayah', '083430698870', '2026-06-11 15:22:59', '2026-06-11 15:22:59'),
	(1558, 1583, 'Putri Purwanti', 'Ayah', '083308074322', '2026-06-11 15:22:59', '2026-06-11 15:22:59'),
	(1559, 1584, 'Handoko Pudjiastuti', 'Ayah', '088897015131', '2026-06-11 15:22:59', '2026-06-11 15:22:59'),
	(1560, 1585, 'Siti Puspasari', 'Ayah', '081349403930', '2026-06-11 15:23:00', '2026-06-11 15:23:00'),
	(1561, 1586, 'Budi Aryani', 'Ayah', '087898425530', '2026-06-11 15:23:00', '2026-06-11 15:23:00'),
	(1562, 1587, 'Handoko Maryadi', 'Ayah', '082507382230', '2026-06-11 15:23:00', '2026-06-11 15:23:00'),
	(1563, 1588, 'Putri Hastuti', 'Ayah', '089159362098', '2026-06-11 15:23:01', '2026-06-11 15:23:01'),
	(1564, 1589, 'Handoko Purwanti', 'Ayah', '085372309304', '2026-06-11 15:23:01', '2026-06-11 15:23:01'),
	(1565, 1590, 'Yulianti Hutagalung', 'Ayah', '086418634917', '2026-06-11 15:23:01', '2026-06-11 15:23:01'),
	(1566, 1591, 'Ahmad Siregar', 'Ayah', '089480092980', '2026-06-11 15:23:02', '2026-06-11 15:23:02'),
	(1567, 1592, 'Ahmad Saefullah', 'Ayah', '083302623218', '2026-06-11 15:23:02', '2026-06-11 15:23:02'),
	(1568, 1593, 'Dewi Saefullah', 'Ayah', '085751018709', '2026-06-11 15:23:02', '2026-06-11 15:23:02'),
	(1569, 1594, 'Yulianti Pangestu', 'Ayah', '083315259922', '2026-06-11 15:23:03', '2026-06-11 15:23:03'),
	(1570, 1595, 'Dewi Damanik', 'Ayah', '081008697168', '2026-06-11 15:23:03', '2026-06-11 15:23:03'),
	(1571, 1596, 'Dewi Marbun', 'Ayah', '089791068780', '2026-06-11 15:23:03', '2026-06-11 15:23:03'),
	(1572, 1597, 'Dewi Hariyah', 'Ayah', '082782807620', '2026-06-11 15:23:04', '2026-06-11 15:23:04'),
	(1573, 1598, 'Putri Nugroho', 'Ayah', '088412500766', '2026-06-11 15:23:04', '2026-06-11 15:23:04'),
	(1574, 1599, 'Yulianti Hastuti', 'Ayah', '087654205104', '2026-06-11 15:23:05', '2026-06-11 15:23:05'),
	(1575, 1600, 'Dewi Firgantoro', 'Ayah', '080052357560', '2026-06-11 15:23:05', '2026-06-11 15:23:05'),
	(1576, 1601, 'Susanto Sirait', 'Ayah', '089216657835', '2026-06-11 15:23:05', '2026-06-11 15:23:05'),
	(1577, 1602, 'Agus Puspasari', 'Ayah', '086370339777', '2026-06-11 15:23:06', '2026-06-11 15:23:06'),
	(1578, 1603, 'Dewi Fujiati', 'Ayah', '083710458850', '2026-06-11 15:23:06', '2026-06-11 15:23:06'),
	(1579, 1604, 'Ani Handayani', 'Ayah', '087797577160', '2026-06-11 15:23:06', '2026-06-11 15:23:06'),
	(1580, 1605, 'Yulianti Rahayu', 'Ayah', '085839005659', '2026-06-11 15:23:07', '2026-06-11 15:23:07'),
	(1581, 1606, 'Siti Yulianti', 'Ayah', '088040728135', '2026-06-11 15:23:07', '2026-06-11 15:23:07'),
	(1582, 1607, 'Susanto Hartati', 'Ayah', '083887228432', '2026-06-11 15:23:07', '2026-06-11 15:23:07'),
	(1583, 1608, 'Susanto Farida', 'Ayah', '080085050684', '2026-06-11 15:23:08', '2026-06-11 15:23:08'),
	(1584, 1609, 'Dewi Siregar', 'Ayah', '085429756049', '2026-06-11 15:23:08', '2026-06-11 15:23:08'),
	(1585, 1610, 'Yulianti Nuraini', 'Ayah', '080457615407', '2026-06-11 15:23:08', '2026-06-11 15:23:08'),
	(1586, 1611, 'Agus Simanjuntak', 'Ayah', '083775201550', '2026-06-11 15:23:09', '2026-06-11 15:23:09'),
	(1587, 1612, 'Putri Zulkarnain', 'Ayah', '085746670065', '2026-06-11 15:23:09', '2026-06-11 15:23:09'),
	(1588, 1613, 'Ani Prastuti', 'Ayah', '086055482713', '2026-06-11 15:23:09', '2026-06-11 15:23:09'),
	(1589, 1614, 'Yulianti Marbun', 'Ayah', '084294258511', '2026-06-11 15:23:10', '2026-06-11 15:23:10'),
	(1590, 1615, 'Handoko Mustofa', 'Ayah', '081939670872', '2026-06-11 15:23:10', '2026-06-11 15:23:10'),
	(1591, 1616, 'Budi Permata', 'Ayah', '080794904688', '2026-06-11 15:23:10', '2026-06-11 15:23:10'),
	(1592, 1617, 'Dewi Sihotang', 'Ayah', '084748623612', '2026-06-11 15:23:11', '2026-06-11 15:23:11'),
	(1593, 1618, 'Yulianti Hidayanto', 'Ayah', '088887442631', '2026-06-11 15:23:11', '2026-06-11 15:23:11'),
	(1594, 1619, 'Susanto Hastuti', 'Ayah', '086564684212', '2026-06-11 15:23:11', '2026-06-11 15:23:11'),
	(1595, 1620, 'Yulianti Natsir', 'Ayah', '086104667764', '2026-06-11 15:23:12', '2026-06-11 15:23:12'),
	(1596, 1621, 'Agus Nugroho', 'Ayah', '087152698071', '2026-06-11 15:23:12', '2026-06-11 15:23:12'),
	(1597, 1622, 'Dewi Laksita', 'Ayah', '086523877018', '2026-06-11 15:23:13', '2026-06-11 15:23:13'),
	(1598, 1623, 'Joko Prasetya', 'Ayah', '081932412963', '2026-06-11 15:23:13', '2026-06-11 15:23:13'),
	(1599, 1624, 'Dewi Farida', 'Ayah', '088608695720', '2026-06-11 15:23:13', '2026-06-11 15:23:13'),
	(1600, 1625, 'Budi Adriansyah', 'Ayah', '082800950059', '2026-06-11 15:23:14', '2026-06-11 15:23:14'),
	(1601, 1626, 'Susanto Rahayu', 'Ayah', '083522952066', '2026-06-11 15:23:14', '2026-06-11 15:23:14'),
	(1602, 1627, 'Budi Novitasari', 'Ayah', '087994703908', '2026-06-11 15:23:14', '2026-06-11 15:23:14'),
	(1603, 1628, 'Siti Pranowo', 'Ayah', '086569965196', '2026-06-11 15:23:15', '2026-06-11 15:23:15'),
	(1604, 1629, 'Siti Andriani', 'Ayah', '085441200544', '2026-06-11 15:23:15', '2026-06-11 15:23:15'),
	(1605, 1630, 'Rina Pratama', 'Ayah', '087504260898', '2026-06-11 15:23:15', '2026-06-11 15:23:15'),
	(1606, 1631, 'Ahmad Yuliarti', 'Ayah', '084230682960', '2026-06-11 15:23:16', '2026-06-11 15:23:16'),
	(1607, 1632, 'Ahmad Permadi', 'Ayah', '081858333919', '2026-06-11 15:23:16', '2026-06-11 15:23:16'),
	(1608, 1633, 'Putri Winarno', 'Ayah', '085760112631', '2026-06-11 15:23:16', '2026-06-11 15:23:16'),
	(1609, 1634, 'Dewi Mulyani', 'Ayah', '081533709515', '2026-06-11 15:23:17', '2026-06-11 15:23:17'),
	(1610, 1635, 'Susanto Nasyidah', 'Ayah', '087627699564', '2026-06-11 15:23:17', '2026-06-11 15:23:17'),
	(1611, 1636, 'Yulianti Hidayat', 'Ayah', '087860373734', '2026-06-11 15:23:17', '2026-06-11 15:23:17'),
	(1612, 1637, 'Handoko Firgantoro', 'Ayah', '083089390118', '2026-06-11 15:23:18', '2026-06-11 15:23:18'),
	(1613, 1638, 'Budi Yolanda', 'Ayah', '088882641230', '2026-06-11 15:23:18', '2026-06-11 15:23:18'),
	(1614, 1639, 'Joko Haryanto', 'Ayah', '081049481059', '2026-06-11 15:23:18', '2026-06-11 15:23:18'),
	(1615, 1640, 'Rina Simanjuntak', 'Ayah', '082270027243', '2026-06-11 15:23:19', '2026-06-11 15:23:19'),
	(1616, 1641, 'Joko Usamah', 'Ayah', '086412481125', '2026-06-11 15:23:19', '2026-06-11 15:23:19'),
	(1617, 1642, 'Susanto Yuniar', 'Ayah', '089720234884', '2026-06-11 15:23:19', '2026-06-11 15:23:19'),
	(1618, 1643, 'Putri Usamah', 'Ayah', '086967987191', '2026-06-11 15:23:20', '2026-06-11 15:23:20'),
	(1619, 1644, 'Putri Agustina', 'Ayah', '085035432549', '2026-06-11 15:23:20', '2026-06-11 15:23:20'),
	(1620, 1645, 'Joko Palastri', 'Ayah', '087210628439', '2026-06-11 15:23:20', '2026-06-11 15:23:20'),
	(1621, 1646, 'Agus Sihombing', 'Ayah', '086099038946', '2026-06-11 15:23:21', '2026-06-11 15:23:21'),
	(1622, 1647, 'Dewi Ramadan', 'Ayah', '080267517763', '2026-06-11 15:23:21', '2026-06-11 15:23:21'),
	(1623, 1648, 'Agus Yolanda', 'Ayah', '083894063844', '2026-06-11 15:23:22', '2026-06-11 15:23:22'),
	(1624, 1649, 'Dewi Narpati', 'Ayah', '085343320926', '2026-06-11 15:23:22', '2026-06-11 15:23:22'),
	(1625, 1650, 'Siti Aryani', 'Ayah', '086203882193', '2026-06-11 15:23:22', '2026-06-11 15:23:22'),
	(1626, 1651, 'Ahmad Pertiwi', 'Ayah', '081345768802', '2026-06-11 15:23:23', '2026-06-11 15:23:23'),
	(1627, 1652, 'Rina Najmudin', 'Ayah', '084207963973', '2026-06-11 15:23:23', '2026-06-11 15:23:23'),
	(1628, 1653, 'Joko Sihombing', 'Ayah', '081348914212', '2026-06-11 15:23:23', '2026-06-11 15:23:23'),
	(1629, 1654, 'Joko Manullang', 'Ayah', '080456787441', '2026-06-11 15:23:24', '2026-06-11 15:23:24'),
	(1630, 1655, 'Susanto Pratama', 'Ayah', '080021610035', '2026-06-11 15:23:24', '2026-06-11 15:23:24'),
	(1631, 1656, 'Rina Nugroho', 'Ayah', '082017382028', '2026-06-11 15:23:24', '2026-06-11 15:23:24'),
	(1632, 1657, 'Siti Maryati', 'Ayah', '082650827846', '2026-06-11 15:23:25', '2026-06-11 15:23:25'),
	(1633, 1658, 'Ani Adriansyah', 'Ayah', '088527188597', '2026-06-11 15:23:25', '2026-06-11 15:23:25'),
	(1634, 1659, 'Putri Zulaika', 'Ayah', '088848554109', '2026-06-11 15:23:26', '2026-06-11 15:23:26'),
	(1635, 1660, 'Ani Setiawan', 'Ayah', '085964639752', '2026-06-11 15:23:26', '2026-06-11 15:23:26'),
	(1636, 1661, 'Putri Mustofa', 'Ayah', '085229128772', '2026-06-11 15:23:26', '2026-06-11 15:23:26'),
	(1637, 1662, 'Ani Kusumo', 'Ayah', '084588637602', '2026-06-11 15:23:27', '2026-06-11 15:23:27'),
	(1638, 1663, 'Agus Mulyani', 'Ayah', '083708173901', '2026-06-11 15:23:27', '2026-06-11 15:23:27'),
	(1639, 1664, 'Joko Lestari', 'Ayah', '089019174936', '2026-06-11 15:23:27', '2026-06-11 15:23:27'),
	(1640, 1665, 'Ahmad Novitasari', 'Ayah', '080986307256', '2026-06-11 15:23:28', '2026-06-11 15:23:28'),
	(1641, 1666, 'Susanto Narpati', 'Ayah', '080595915518', '2026-06-11 15:23:28', '2026-06-11 15:23:28'),
	(1642, 1667, 'Susanto Sihotang', 'Ayah', '089705245824', '2026-06-11 15:23:29', '2026-06-11 15:23:29'),
	(1643, 1668, 'Putri Ramadan', 'Ayah', '083898700201', '2026-06-11 15:23:29', '2026-06-11 15:23:29'),
	(1644, 1669, 'Budi Kuswoyo', 'Ayah', '080103025980', '2026-06-11 15:23:29', '2026-06-11 15:23:29'),
	(1645, 1670, 'Putri Nasyiah', 'Ayah', '082164377946', '2026-06-11 15:23:30', '2026-06-11 15:23:30'),
	(1646, 1671, 'Joko Laksmiwati', 'Ayah', '088384907055', '2026-06-11 15:23:30', '2026-06-11 15:23:30'),
	(1647, 1672, 'Dewi Pradipta', 'Ayah', '087982473944', '2026-06-11 15:23:30', '2026-06-11 15:23:30'),
	(1648, 1673, 'Susanto Riyanti', 'Ayah', '080610652242', '2026-06-11 15:23:31', '2026-06-11 15:23:31'),
	(1649, 1674, 'Joko Winarsih', 'Ayah', '083809664924', '2026-06-11 15:23:31', '2026-06-11 15:23:31'),
	(1650, 1675, 'Budi Salahudin', 'Ayah', '085987924445', '2026-06-11 15:23:31', '2026-06-11 15:23:31'),
	(1651, 1676, 'Handoko Simbolon', 'Ayah', '085322943954', '2026-06-11 15:23:32', '2026-06-11 15:23:32'),
	(1652, 1677, 'Siti Anggriawan', 'Ayah', '080967948504', '2026-06-11 15:23:32', '2026-06-11 15:23:32'),
	(1653, 1678, 'Agus Prabowo', 'Ayah', '080086775838', '2026-06-11 15:23:33', '2026-06-11 15:23:33'),
	(1654, 1679, 'Yulianti Sitorus', 'Ayah', '082130104435', '2026-06-11 15:23:33', '2026-06-11 15:23:33'),
	(1655, 1680, 'Siti Halimah', 'Ayah', '086004807535', '2026-06-11 15:23:33', '2026-06-11 15:23:33'),
	(1656, 1681, 'Siti Wastuti', 'Ayah', '085727130778', '2026-06-11 15:23:34', '2026-06-11 15:23:34'),
	(1657, 1682, 'Ani Pradipta', 'Ayah', '080308996678', '2026-06-11 15:23:34', '2026-06-11 15:23:34'),
	(1658, 1683, 'Joko Wijayanti', 'Ayah', '081047768887', '2026-06-11 15:23:34', '2026-06-11 15:23:34'),
	(1659, 1684, 'Yulianti Wulandari', 'Ayah', '087470690261', '2026-06-11 15:23:35', '2026-06-11 15:23:35'),
	(1660, 1685, 'Yulianti Maryadi', 'Ayah', '085573270285', '2026-06-11 15:23:35', '2026-06-11 15:23:35'),
	(1661, 1686, 'Joko Rahimah', 'Ayah', '089736230132', '2026-06-11 15:23:35', '2026-06-11 15:23:35'),
	(1662, 1687, 'Dewi Agustina', 'Ayah', '089734174818', '2026-06-11 15:23:36', '2026-06-11 15:23:36'),
	(1663, 1688, 'Ani Haryanti', 'Ayah', '089909141900', '2026-06-11 15:23:36', '2026-06-11 15:23:36'),
	(1664, 1689, 'Rina Setiawan', 'Ayah', '080884713125', '2026-06-11 15:23:36', '2026-06-11 15:23:36'),
	(1665, 1690, 'Dewi Prasetyo', 'Ayah', '081592335602', '2026-06-11 15:23:37', '2026-06-11 15:23:37'),
	(1666, 1691, 'Ahmad Winarno', 'Ayah', '085690601132', '2026-06-11 15:23:37', '2026-06-11 15:23:37'),
	(1667, 1692, 'Yulianti Napitupulu', 'Ayah', '089302702295', '2026-06-11 15:23:37', '2026-06-11 15:23:37'),
	(1668, 1693, 'Dewi Hakim', 'Ayah', '086604944885', '2026-06-11 15:23:38', '2026-06-11 15:23:38'),
	(1669, 1694, 'Putri Mustofa', 'Ayah', '086878959389', '2026-06-11 15:23:38', '2026-06-11 15:23:38'),
	(1670, 1695, 'Putri Prastuti', 'Ayah', '088341624574', '2026-06-11 15:23:38', '2026-06-11 15:23:38'),
	(1671, 1696, 'Joko Saptono', 'Ayah', '085995991761', '2026-06-11 15:23:39', '2026-06-11 15:23:39'),
	(1672, 1697, 'Siti Halimah', 'Ayah', '087274629161', '2026-06-11 15:23:39', '2026-06-11 15:23:39'),
	(1673, 1698, 'Siti Adriansyah', 'Ayah', '089778805624', '2026-06-11 15:23:39', '2026-06-11 15:23:39'),
	(1674, 1699, 'Ahmad Prayoga', 'Ayah', '085950293218', '2026-06-11 15:23:40', '2026-06-11 15:23:40'),
	(1675, 1700, 'Handoko Mulyani', 'Ayah', '084790284613', '2026-06-11 15:23:40', '2026-06-11 15:23:40'),
	(1676, 1701, 'Susanto Puspita', 'Ayah', '084392404114', '2026-06-11 15:23:41', '2026-06-11 15:23:41'),
	(1677, 1702, 'Budi Prastuti', 'Ayah', '087648623411', '2026-06-11 15:23:41', '2026-06-11 15:23:41'),
	(1678, 1703, 'Putri Wibisono', 'Ayah', '086386972680', '2026-06-11 15:23:41', '2026-06-11 15:23:41'),
	(1679, 1704, 'Siti Pradipta', 'Ayah', '087515850414', '2026-06-11 15:23:42', '2026-06-11 15:23:42'),
	(1680, 1705, 'Joko Nainggolan', 'Ayah', '080917009489', '2026-06-11 15:23:42', '2026-06-11 15:23:42'),
	(1681, 1706, 'Dewi Damanik', 'Ayah', '083403636767', '2026-06-11 15:23:42', '2026-06-11 15:23:42'),
	(1682, 1707, 'Siti Prayoga', 'Ayah', '085634609770', '2026-06-11 15:23:43', '2026-06-11 15:23:43'),
	(1683, 1708, 'Putri Pranowo', 'Ayah', '084738127728', '2026-06-11 15:23:43', '2026-06-11 15:23:43'),
	(1684, 1709, 'Budi Pratiwi', 'Ayah', '089490961633', '2026-06-11 15:23:43', '2026-06-11 15:23:43'),
	(1685, 1710, 'Ani Hidayat', 'Ayah', '089113016240', '2026-06-11 15:23:44', '2026-06-11 15:23:44'),
	(1686, 1711, 'Joko Yuliarti', 'Ayah', '089442981999', '2026-06-11 15:23:44', '2026-06-11 15:23:44'),
	(1687, 1712, 'Budi Maulana', 'Ayah', '088331421942', '2026-06-11 15:23:44', '2026-06-11 15:23:44'),
	(1688, 1713, 'Rina Fujiati', 'Ayah', '089591146555', '2026-06-11 15:23:45', '2026-06-11 15:23:45'),
	(1689, 1714, 'Putri Wacana', 'Ayah', '087328593498', '2026-06-11 15:23:45', '2026-06-11 15:23:45'),
	(1690, 1715, 'Susanto Uyainah', 'Ayah', '083714264524', '2026-06-11 15:23:45', '2026-06-11 15:23:45'),
	(1691, 1716, 'Handoko Wijaya', 'Ayah', '082672694333', '2026-06-11 15:23:46', '2026-06-11 15:23:46'),
	(1692, 1717, 'Agus Widiastuti', 'Ayah', '081333972797', '2026-06-11 15:23:46', '2026-06-11 15:23:46'),
	(1693, 1718, 'Putri Prasetya', 'Ayah', '081909262931', '2026-06-11 15:23:46', '2026-06-11 15:23:46'),
	(1694, 1719, 'Dewi Maulana', 'Ayah', '088807317000', '2026-06-11 15:23:47', '2026-06-11 15:23:47'),
	(1695, 1720, 'Handoko Sitorus', 'Ayah', '082802246875', '2026-06-11 15:23:47', '2026-06-11 15:23:47'),
	(1696, 1721, 'Dewi Novitasari', 'Ayah', '081791669556', '2026-06-11 15:23:47', '2026-06-11 15:23:47'),
	(1697, 1722, 'Yulianti Maryadi', 'Ayah', '080441795349', '2026-06-11 15:23:48', '2026-06-11 15:23:48'),
	(1698, 1723, 'Ahmad Rahayu', 'Ayah', '086549455556', '2026-06-11 15:23:48', '2026-06-11 15:23:48'),
	(1699, 1724, 'Susanto Dabukke', 'Ayah', '087548937209', '2026-06-11 15:23:48', '2026-06-11 15:23:48'),
	(1700, 1725, 'Dewi Yuliarti', 'Ayah', '088544172152', '2026-06-11 15:23:49', '2026-06-11 15:23:49'),
	(1701, 1726, 'Budi Halimah', 'Ayah', '083165254139', '2026-06-11 15:23:49', '2026-06-11 15:23:49'),
	(1702, 1727, 'Ahmad Andriani', 'Ayah', '084516677920', '2026-06-11 15:23:49', '2026-06-11 15:23:49'),
	(1703, 1728, 'Budi Anggriawan', 'Ayah', '080468100244', '2026-06-11 15:23:50', '2026-06-11 15:23:50'),
	(1704, 1729, 'Agus Hartati', 'Ayah', '087133271993', '2026-06-11 15:23:50', '2026-06-11 15:23:50'),
	(1705, 1730, 'Agus Halimah', 'Ayah', '081877086902', '2026-06-11 15:23:51', '2026-06-11 15:23:51'),
	(1706, 1731, 'Ani Mayasari', 'Ayah', '087559989563', '2026-06-11 15:23:51', '2026-06-11 15:23:51'),
	(1707, 1732, 'Ani Jailani', 'Ayah', '086148047605', '2026-06-11 15:23:51', '2026-06-11 15:23:51'),
	(1708, 1733, 'Joko Nurdiyanti', 'Ayah', '084334573356', '2026-06-11 15:23:52', '2026-06-11 15:23:52'),
	(1709, 1734, 'Putri Kusmawati', 'Ayah', '082617611711', '2026-06-11 15:23:52', '2026-06-11 15:23:52'),
	(1710, 1735, 'Budi Putra', 'Ayah', '081696922803', '2026-06-11 15:23:52', '2026-06-11 15:23:52'),
	(1711, 1736, 'Yulianti Mandasari', 'Ayah', '081983117126', '2026-06-11 15:23:53', '2026-06-11 15:23:53'),
	(1712, 1737, 'Putri Hastuti', 'Ayah', '088337409493', '2026-06-11 15:23:53', '2026-06-11 15:23:53'),
	(1713, 1738, 'Ahmad Simbolon', 'Ayah', '087152160274', '2026-06-11 15:23:53', '2026-06-11 15:23:53'),
	(1714, 1739, 'Handoko Utama', 'Ayah', '083269347636', '2026-06-11 15:23:54', '2026-06-11 15:23:54'),
	(1715, 1740, 'Dewi Prastuti', 'Ayah', '082338908715', '2026-06-11 15:23:54', '2026-06-11 15:23:54'),
	(1716, 1741, 'Dewi Laksita', 'Ayah', '082206014062', '2026-06-11 15:23:54', '2026-06-11 15:23:54'),
	(1717, 1742, 'Budi Irawan', 'Ayah', '083761213267', '2026-06-11 15:23:55', '2026-06-11 15:23:55'),
	(1718, 1743, 'Agus Anggriawan', 'Ayah', '085536554170', '2026-06-11 15:23:55', '2026-06-11 15:23:55'),
	(1719, 1744, 'Joko Wastuti', 'Ayah', '088593365866', '2026-06-11 15:23:55', '2026-06-11 15:23:55'),
	(1720, 1745, 'Agus Hakim', 'Ayah', '088455104724', '2026-06-11 15:23:56', '2026-06-11 15:23:56'),
	(1721, 1746, 'Handoko Laksita', 'Ayah', '084915715529', '2026-06-11 15:23:56', '2026-06-11 15:23:56'),
	(1722, 1747, 'Agus Tampubolon', 'Ayah', '085732359237', '2026-06-11 15:23:56', '2026-06-11 15:23:56');

-- Dumping structure for table e_absensi_siswa.parent_student
DROP TABLE IF EXISTS `parent_student`;
CREATE TABLE IF NOT EXISTS `parent_student` (
  `parent_id` bigint unsigned NOT NULL,
  `student_id` bigint unsigned NOT NULL,
  PRIMARY KEY (`parent_id`,`student_id`),
  KEY `parent_student_student_id_foreign` (`student_id`),
  CONSTRAINT `parent_student_parent_id_foreign` FOREIGN KEY (`parent_id`) REFERENCES `parents` (`id`) ON DELETE CASCADE,
  CONSTRAINT `parent_student_student_id_foreign` FOREIGN KEY (`student_id`) REFERENCES `students` (`id`) ON DELETE CASCADE
) ENGINE=InnoDB DEFAULT CHARSET=utf8mb4 COLLATE=utf8mb4_unicode_ci;

-- Dumping data for table e_absensi_siswa.parent_student: ~432 rows (approximately)
DELETE FROM `parent_student`;
INSERT INTO `parent_student` (`parent_id`, `student_id`) VALUES
	(1291, 1),
	(1292, 2),
	(1293, 3),
	(1294, 4),
	(1295, 5),
	(1296, 6),
	(1297, 7),
	(1298, 8),
	(1299, 9),
	(1300, 10),
	(1301, 11),
	(1302, 12),
	(1303, 13),
	(1304, 14),
	(1305, 15),
	(1306, 16),
	(1307, 17),
	(1308, 18),
	(1309, 19),
	(1310, 20),
	(1311, 21),
	(1312, 22),
	(1313, 23),
	(1314, 24),
	(1315, 25),
	(1316, 26),
	(1317, 27),
	(1318, 28),
	(1319, 29),
	(1320, 30),
	(1321, 31),
	(1322, 32),
	(1323, 33),
	(1324, 34),
	(1325, 35),
	(1326, 36),
	(1327, 37),
	(1328, 38),
	(1329, 39),
	(1330, 40),
	(1331, 41),
	(1332, 42),
	(1333, 43),
	(1334, 44),
	(1335, 45),
	(1336, 46),
	(1337, 47),
	(1338, 48),
	(1339, 49),
	(1340, 50),
	(1341, 51),
	(1342, 52),
	(1343, 53),
	(1344, 54),
	(1345, 55),
	(1346, 56),
	(1347, 57),
	(1348, 58),
	(1349, 59),
	(1350, 60),
	(1351, 61),
	(1352, 62),
	(1353, 63),
	(1354, 64),
	(1355, 65),
	(1356, 66),
	(1357, 67),
	(1358, 68),
	(1359, 69),
	(1360, 70),
	(1361, 71),
	(1362, 72),
	(1363, 73),
	(1364, 74),
	(1365, 75),
	(1366, 76),
	(1367, 77),
	(1368, 78),
	(1369, 79),
	(1370, 80),
	(1371, 81),
	(1372, 82),
	(1373, 83),
	(1374, 84),
	(1375, 85),
	(1376, 86),
	(1377, 87),
	(1378, 88),
	(1379, 89),
	(1380, 90),
	(1381, 91),
	(1382, 92),
	(1383, 93),
	(1384, 94),
	(1385, 95),
	(1386, 96),
	(1387, 97),
	(1388, 98),
	(1389, 99),
	(1390, 100),
	(1391, 101),
	(1392, 102),
	(1393, 103),
	(1394, 104),
	(1395, 105),
	(1396, 106),
	(1397, 107),
	(1398, 108),
	(1399, 109),
	(1400, 110),
	(1401, 111),
	(1402, 112),
	(1403, 113),
	(1404, 114),
	(1405, 115),
	(1406, 116),
	(1407, 117),
	(1408, 118),
	(1409, 119),
	(1410, 120),
	(1411, 121),
	(1412, 122),
	(1413, 123),
	(1414, 124),
	(1415, 125),
	(1416, 126),
	(1417, 127),
	(1418, 128),
	(1419, 129),
	(1420, 130),
	(1421, 131),
	(1422, 132),
	(1423, 133),
	(1424, 134),
	(1425, 135),
	(1426, 136),
	(1427, 137),
	(1428, 138),
	(1429, 139),
	(1430, 140),
	(1431, 141),
	(1432, 142),
	(1433, 143),
	(1434, 144),
	(1435, 145),
	(1436, 146),
	(1437, 147),
	(1438, 148),
	(1439, 149),
	(1440, 150),
	(1441, 151),
	(1442, 152),
	(1443, 153),
	(1444, 154),
	(1445, 155),
	(1446, 156),
	(1447, 157),
	(1448, 158),
	(1449, 159),
	(1450, 160),
	(1451, 161),
	(1452, 162),
	(1453, 163),
	(1454, 164),
	(1455, 165),
	(1456, 166),
	(1457, 167),
	(1458, 168),
	(1459, 169),
	(1460, 170),
	(1461, 171),
	(1462, 172),
	(1463, 173),
	(1464, 174),
	(1465, 175),
	(1466, 176),
	(1467, 177),
	(1468, 178),
	(1469, 179),
	(1470, 180),
	(1471, 181),
	(1472, 182),
	(1473, 183),
	(1474, 184),
	(1475, 185),
	(1476, 186),
	(1477, 187),
	(1478, 188),
	(1479, 189),
	(1480, 190),
	(1481, 191),
	(1482, 192),
	(1483, 193),
	(1484, 194),
	(1485, 195),
	(1486, 196),
	(1487, 197),
	(1488, 198),
	(1489, 199),
	(1490, 200),
	(1491, 201),
	(1492, 202),
	(1493, 203),
	(1494, 204),
	(1495, 205),
	(1496, 206),
	(1497, 207),
	(1498, 208),
	(1499, 209),
	(1500, 210),
	(1501, 211),
	(1502, 212),
	(1503, 213),
	(1504, 214),
	(1505, 215),
	(1506, 216),
	(1507, 217),
	(1508, 218),
	(1509, 219),
	(1510, 220),
	(1511, 221),
	(1512, 222),
	(1513, 223),
	(1514, 224),
	(1515, 225),
	(1516, 226),
	(1517, 227),
	(1518, 228),
	(1519, 229),
	(1520, 230),
	(1521, 231),
	(1522, 232),
	(1523, 233),
	(1524, 234),
	(1525, 235),
	(1526, 236),
	(1527, 237),
	(1528, 238),
	(1529, 239),
	(1530, 240),
	(1531, 241),
	(1532, 242),
	(1533, 243),
	(1534, 244),
	(1535, 245),
	(1536, 246),
	(1537, 247),
	(1538, 248),
	(1539, 249),
	(1540, 250),
	(1541, 251),
	(1542, 252),
	(1543, 253),
	(1544, 254),
	(1545, 255),
	(1546, 256),
	(1547, 257),
	(1548, 258),
	(1549, 259),
	(1550, 260),
	(1551, 261),
	(1552, 262),
	(1553, 263),
	(1554, 264),
	(1555, 265),
	(1556, 266),
	(1557, 267),
	(1558, 268),
	(1559, 269),
	(1560, 270),
	(1561, 271),
	(1562, 272),
	(1563, 273),
	(1564, 274),
	(1565, 275),
	(1566, 276),
	(1567, 277),
	(1568, 278),
	(1569, 279),
	(1570, 280),
	(1571, 281),
	(1572, 282),
	(1573, 283),
	(1574, 284),
	(1575, 285),
	(1576, 286),
	(1577, 287),
	(1578, 288),
	(1579, 289),
	(1580, 290),
	(1581, 291),
	(1582, 292),
	(1583, 293),
	(1584, 294),
	(1585, 295),
	(1586, 296),
	(1587, 297),
	(1588, 298),
	(1589, 299),
	(1590, 300),
	(1591, 301),
	(1592, 302),
	(1593, 303),
	(1594, 304),
	(1595, 305),
	(1596, 306),
	(1597, 307),
	(1598, 308),
	(1599, 309),
	(1600, 310),
	(1601, 311),
	(1602, 312),
	(1603, 313),
	(1604, 314),
	(1605, 315),
	(1606, 316),
	(1607, 317),
	(1608, 318),
	(1609, 319),
	(1610, 320),
	(1611, 321),
	(1612, 322),
	(1613, 323),
	(1614, 324),
	(1615, 325),
	(1616, 326),
	(1617, 327),
	(1618, 328),
	(1619, 329),
	(1620, 330),
	(1621, 331),
	(1622, 332),
	(1623, 333),
	(1624, 334),
	(1625, 335),
	(1626, 336),
	(1627, 337),
	(1628, 338),
	(1629, 339),
	(1630, 340),
	(1631, 341),
	(1632, 342),
	(1633, 343),
	(1634, 344),
	(1635, 345),
	(1636, 346),
	(1637, 347),
	(1638, 348),
	(1639, 349),
	(1640, 350),
	(1641, 351),
	(1642, 352),
	(1643, 353),
	(1644, 354),
	(1645, 355),
	(1646, 356),
	(1647, 357),
	(1648, 358),
	(1649, 359),
	(1650, 360),
	(1651, 361),
	(1652, 362),
	(1653, 363),
	(1654, 364),
	(1655, 365),
	(1656, 366),
	(1657, 367),
	(1658, 368),
	(1659, 369),
	(1660, 370),
	(1661, 371),
	(1662, 372),
	(1663, 373),
	(1664, 374),
	(1665, 375),
	(1666, 376),
	(1667, 377),
	(1668, 378),
	(1669, 379),
	(1670, 380),
	(1671, 381),
	(1672, 382),
	(1673, 383),
	(1674, 384),
	(1675, 385),
	(1676, 386),
	(1677, 387),
	(1678, 388),
	(1679, 389),
	(1680, 390),
	(1681, 391),
	(1682, 392),
	(1683, 393),
	(1684, 394),
	(1685, 395),
	(1686, 396),
	(1687, 397),
	(1688, 398),
	(1689, 399),
	(1690, 400),
	(1691, 401),
	(1692, 402),
	(1693, 403),
	(1694, 404),
	(1695, 405),
	(1696, 406),
	(1697, 407),
	(1698, 408),
	(1699, 409),
	(1700, 410),
	(1701, 411),
	(1702, 412),
	(1703, 413),
	(1704, 414),
	(1705, 415),
	(1706, 416),
	(1707, 417),
	(1708, 418),
	(1709, 419),
	(1710, 420),
	(1711, 421),
	(1712, 422),
	(1713, 423),
	(1714, 424),
	(1715, 425),
	(1716, 426),
	(1717, 427),
	(1718, 428),
	(1719, 429),
	(1720, 430),
	(1721, 431),
	(1722, 432);

-- Dumping structure for table e_absensi_siswa.password_reset_tokens
DROP TABLE IF EXISTS `password_reset_tokens`;
CREATE TABLE IF NOT EXISTS `password_reset_tokens` (
  `email` varchar(255) COLLATE utf8mb4_unicode_ci NOT NULL,
  `token` varchar(255) COLLATE utf8mb4_unicode_ci NOT NULL,
  `created_at` timestamp NULL DEFAULT NULL,
  PRIMARY KEY (`email`)
) ENGINE=InnoDB DEFAULT CHARSET=utf8mb4 COLLATE=utf8mb4_unicode_ci;

-- Dumping data for table e_absensi_siswa.password_reset_tokens: ~0 rows (approximately)
DELETE FROM `password_reset_tokens`;

-- Dumping structure for table e_absensi_siswa.personal_access_tokens
DROP TABLE IF EXISTS `personal_access_tokens`;
CREATE TABLE IF NOT EXISTS `personal_access_tokens` (
  `id` bigint unsigned NOT NULL AUTO_INCREMENT,
  `tokenable_type` varchar(255) COLLATE utf8mb4_unicode_ci NOT NULL,
  `tokenable_id` bigint unsigned NOT NULL,
  `name` text COLLATE utf8mb4_unicode_ci NOT NULL,
  `token` varchar(64) COLLATE utf8mb4_unicode_ci NOT NULL,
  `abilities` text COLLATE utf8mb4_unicode_ci,
  `last_used_at` timestamp NULL DEFAULT NULL,
  `expires_at` timestamp NULL DEFAULT NULL,
  `created_at` timestamp NULL DEFAULT NULL,
  `updated_at` timestamp NULL DEFAULT NULL,
  PRIMARY KEY (`id`),
  UNIQUE KEY `personal_access_tokens_token_unique` (`token`),
  KEY `personal_access_tokens_tokenable_type_tokenable_id_index` (`tokenable_type`,`tokenable_id`),
  KEY `personal_access_tokens_expires_at_index` (`expires_at`)
) ENGINE=InnoDB DEFAULT CHARSET=utf8mb4 COLLATE=utf8mb4_unicode_ci;

-- Dumping data for table e_absensi_siswa.personal_access_tokens: ~0 rows (approximately)
DELETE FROM `personal_access_tokens`;

-- Dumping structure for table e_absensi_siswa.schedules
DROP TABLE IF EXISTS `schedules`;
CREATE TABLE IF NOT EXISTS `schedules` (
  `id` bigint unsigned NOT NULL AUTO_INCREMENT,
  `class_id` bigint unsigned NOT NULL,
  `subject_id` bigint unsigned NOT NULL,
  `day` varchar(255) COLLATE utf8mb4_unicode_ci NOT NULL,
  `start_time` time NOT NULL,
  `end_time` time NOT NULL,
  `created_at` timestamp NULL DEFAULT NULL,
  `updated_at` timestamp NULL DEFAULT NULL,
  PRIMARY KEY (`id`),
  KEY `schedules_class_id_foreign` (`class_id`),
  KEY `schedules_subject_id_foreign` (`subject_id`),
  CONSTRAINT `schedules_class_id_foreign` FOREIGN KEY (`class_id`) REFERENCES `classes` (`id`) ON DELETE CASCADE,
  CONSTRAINT `schedules_subject_id_foreign` FOREIGN KEY (`subject_id`) REFERENCES `subjects` (`id`) ON DELETE CASCADE
) ENGINE=InnoDB AUTO_INCREMENT=271 DEFAULT CHARSET=utf8mb4 COLLATE=utf8mb4_unicode_ci;

-- Dumping data for table e_absensi_siswa.schedules: ~270 rows (approximately)
DELETE FROM `schedules`;
INSERT INTO `schedules` (`id`, `class_id`, `subject_id`, `day`, `start_time`, `end_time`, `created_at`, `updated_at`) VALUES
	(1, 1, 1, 'Senin', '07:30:00', '09:00:00', '2026-06-11 16:02:35', '2026-06-11 16:02:35'),
	(2, 1, 9, 'Senin', '09:15:00', '10:45:00', '2026-06-11 16:02:35', '2026-06-11 16:02:35'),
	(3, 1, 12, 'Senin', '11:00:00', '12:30:00', '2026-06-11 16:02:35', '2026-06-11 16:02:35'),
	(4, 1, 2, 'Selasa', '07:30:00', '09:00:00', '2026-06-11 16:02:35', '2026-06-11 16:02:35'),
	(5, 1, 4, 'Selasa', '09:15:00', '10:45:00', '2026-06-11 16:02:35', '2026-06-11 16:02:35'),
	(6, 1, 8, 'Selasa', '11:00:00', '12:30:00', '2026-06-11 16:02:35', '2026-06-11 16:02:35'),
	(7, 1, 5, 'Rabu', '07:30:00', '09:00:00', '2026-06-11 16:02:35', '2026-06-11 16:02:35'),
	(8, 1, 8, 'Rabu', '09:15:00', '10:45:00', '2026-06-11 16:02:35', '2026-06-11 16:02:35'),
	(9, 1, 9, 'Rabu', '11:00:00', '12:30:00', '2026-06-11 16:02:35', '2026-06-11 16:02:35'),
	(10, 1, 2, 'Kamis', '07:30:00', '09:00:00', '2026-06-11 16:02:35', '2026-06-11 16:02:35'),
	(11, 1, 7, 'Kamis', '09:15:00', '10:45:00', '2026-06-11 16:02:35', '2026-06-11 16:02:35'),
	(12, 1, 13, 'Kamis', '11:00:00', '12:30:00', '2026-06-11 16:02:35', '2026-06-11 16:02:35'),
	(13, 1, 3, 'Jumat', '07:30:00', '09:00:00', '2026-06-11 16:02:35', '2026-06-11 16:02:35'),
	(14, 1, 7, 'Jumat', '09:15:00', '10:45:00', '2026-06-11 16:02:35', '2026-06-11 16:02:35'),
	(15, 1, 10, 'Jumat', '11:00:00', '12:30:00', '2026-06-11 16:02:35', '2026-06-11 16:02:35'),
	(16, 2, 4, 'Senin', '07:30:00', '09:00:00', '2026-06-11 16:02:35', '2026-06-11 16:02:35'),
	(17, 2, 8, 'Senin', '09:15:00', '10:45:00', '2026-06-11 16:02:35', '2026-06-11 16:02:35'),
	(18, 2, 12, 'Senin', '11:00:00', '12:30:00', '2026-06-11 16:02:35', '2026-06-11 16:02:35'),
	(19, 2, 1, 'Selasa', '07:30:00', '09:00:00', '2026-06-11 16:02:35', '2026-06-11 16:02:35'),
	(20, 2, 4, 'Selasa', '09:15:00', '10:45:00', '2026-06-11 16:02:35', '2026-06-11 16:02:35'),
	(21, 2, 10, 'Selasa', '11:00:00', '12:30:00', '2026-06-11 16:02:35', '2026-06-11 16:02:35'),
	(22, 2, 1, 'Rabu', '07:30:00', '09:00:00', '2026-06-11 16:02:35', '2026-06-11 16:02:35'),
	(23, 2, 4, 'Rabu', '09:15:00', '10:45:00', '2026-06-11 16:02:35', '2026-06-11 16:02:35'),
	(24, 2, 7, 'Rabu', '11:00:00', '12:30:00', '2026-06-11 16:02:35', '2026-06-11 16:02:35'),
	(25, 2, 2, 'Kamis', '07:30:00', '09:00:00', '2026-06-11 16:02:35', '2026-06-11 16:02:35'),
	(26, 2, 6, 'Kamis', '09:15:00', '10:45:00', '2026-06-11 16:02:35', '2026-06-11 16:02:35'),
	(27, 2, 11, 'Kamis', '11:00:00', '12:30:00', '2026-06-11 16:02:35', '2026-06-11 16:02:35'),
	(28, 2, 3, 'Jumat', '07:30:00', '09:00:00', '2026-06-11 16:02:35', '2026-06-11 16:02:35'),
	(29, 2, 4, 'Jumat', '09:15:00', '10:45:00', '2026-06-11 16:02:35', '2026-06-11 16:02:35'),
	(30, 2, 10, 'Jumat', '11:00:00', '12:30:00', '2026-06-11 16:02:35', '2026-06-11 16:02:35'),
	(31, 3, 5, 'Senin', '07:30:00', '09:00:00', '2026-06-11 16:02:35', '2026-06-11 16:02:35'),
	(32, 3, 7, 'Senin', '09:15:00', '10:45:00', '2026-06-11 16:02:35', '2026-06-11 16:02:35'),
	(33, 3, 13, 'Senin', '11:00:00', '12:30:00', '2026-06-11 16:02:35', '2026-06-11 16:02:35'),
	(34, 3, 3, 'Selasa', '07:30:00', '09:00:00', '2026-06-11 16:02:35', '2026-06-11 16:02:35'),
	(35, 3, 4, 'Selasa', '09:15:00', '10:45:00', '2026-06-11 16:02:35', '2026-06-11 16:02:35'),
	(36, 3, 13, 'Selasa', '11:00:00', '12:30:00', '2026-06-11 16:02:35', '2026-06-11 16:02:35'),
	(37, 3, 3, 'Rabu', '07:30:00', '09:00:00', '2026-06-11 16:02:35', '2026-06-11 16:02:35'),
	(38, 3, 9, 'Rabu', '09:15:00', '10:45:00', '2026-06-11 16:02:35', '2026-06-11 16:02:35'),
	(39, 3, 10, 'Rabu', '11:00:00', '12:30:00', '2026-06-11 16:02:35', '2026-06-11 16:02:35'),
	(40, 3, 3, 'Kamis', '07:30:00', '09:00:00', '2026-06-11 16:02:35', '2026-06-11 16:02:35'),
	(41, 3, 5, 'Kamis', '09:15:00', '10:45:00', '2026-06-11 16:02:35', '2026-06-11 16:02:35'),
	(42, 3, 9, 'Kamis', '11:00:00', '12:30:00', '2026-06-11 16:02:35', '2026-06-11 16:02:35'),
	(43, 3, 1, 'Jumat', '07:30:00', '09:00:00', '2026-06-11 16:02:35', '2026-06-11 16:02:35'),
	(44, 3, 4, 'Jumat', '09:15:00', '10:45:00', '2026-06-11 16:02:35', '2026-06-11 16:02:35'),
	(45, 3, 11, 'Jumat', '11:00:00', '12:30:00', '2026-06-11 16:02:35', '2026-06-11 16:02:35'),
	(46, 4, 2, 'Senin', '07:30:00', '09:00:00', '2026-06-11 16:02:35', '2026-06-11 16:02:35'),
	(47, 4, 9, 'Senin', '09:15:00', '10:45:00', '2026-06-11 16:02:35', '2026-06-11 16:02:35'),
	(48, 4, 10, 'Senin', '11:00:00', '12:30:00', '2026-06-11 16:02:35', '2026-06-11 16:02:35'),
	(49, 4, 2, 'Selasa', '07:30:00', '09:00:00', '2026-06-11 16:02:35', '2026-06-11 16:02:35'),
	(50, 4, 8, 'Selasa', '09:15:00', '10:45:00', '2026-06-11 16:02:35', '2026-06-11 16:02:35'),
	(51, 4, 13, 'Selasa', '11:00:00', '12:30:00', '2026-06-11 16:02:35', '2026-06-11 16:02:35'),
	(52, 4, 2, 'Rabu', '07:30:00', '09:00:00', '2026-06-11 16:02:35', '2026-06-11 16:02:35'),
	(53, 4, 9, 'Rabu', '09:15:00', '10:45:00', '2026-06-11 16:02:35', '2026-06-11 16:02:35'),
	(54, 4, 13, 'Rabu', '11:00:00', '12:30:00', '2026-06-11 16:02:35', '2026-06-11 16:02:35'),
	(55, 4, 5, 'Kamis', '07:30:00', '09:00:00', '2026-06-11 16:02:35', '2026-06-11 16:02:35'),
	(56, 4, 7, 'Kamis', '09:15:00', '10:45:00', '2026-06-11 16:02:35', '2026-06-11 16:02:35'),
	(57, 4, 8, 'Kamis', '11:00:00', '12:30:00', '2026-06-11 16:02:35', '2026-06-11 16:02:35'),
	(58, 4, 5, 'Jumat', '07:30:00', '09:00:00', '2026-06-11 16:02:35', '2026-06-11 16:02:35'),
	(59, 4, 7, 'Jumat', '09:15:00', '10:45:00', '2026-06-11 16:02:35', '2026-06-11 16:02:35'),
	(60, 4, 10, 'Jumat', '11:00:00', '12:30:00', '2026-06-11 16:02:35', '2026-06-11 16:02:35'),
	(61, 5, 8, 'Senin', '07:30:00', '09:00:00', '2026-06-11 16:02:35', '2026-06-11 16:02:35'),
	(62, 5, 9, 'Senin', '09:15:00', '10:45:00', '2026-06-11 16:02:35', '2026-06-11 16:02:35'),
	(63, 5, 13, 'Senin', '11:00:00', '12:30:00', '2026-06-11 16:02:35', '2026-06-11 16:02:35'),
	(64, 5, 3, 'Selasa', '07:30:00', '09:00:00', '2026-06-11 16:02:35', '2026-06-11 16:02:35'),
	(65, 5, 8, 'Selasa', '09:15:00', '10:45:00', '2026-06-11 16:02:35', '2026-06-11 16:02:35'),
	(66, 5, 11, 'Selasa', '11:00:00', '12:30:00', '2026-06-11 16:02:35', '2026-06-11 16:02:35'),
	(67, 5, 5, 'Rabu', '07:30:00', '09:00:00', '2026-06-11 16:02:35', '2026-06-11 16:02:35'),
	(68, 5, 9, 'Rabu', '09:15:00', '10:45:00', '2026-06-11 16:02:35', '2026-06-11 16:02:35'),
	(69, 5, 13, 'Rabu', '11:00:00', '12:30:00', '2026-06-11 16:02:35', '2026-06-11 16:02:35'),
	(70, 5, 3, 'Kamis', '07:30:00', '09:00:00', '2026-06-11 16:02:35', '2026-06-11 16:02:35'),
	(71, 5, 8, 'Kamis', '09:15:00', '10:45:00', '2026-06-11 16:02:35', '2026-06-11 16:02:35'),
	(72, 5, 10, 'Kamis', '11:00:00', '12:30:00', '2026-06-11 16:02:35', '2026-06-11 16:02:35'),
	(73, 5, 1, 'Jumat', '07:30:00', '09:00:00', '2026-06-11 16:02:35', '2026-06-11 16:02:35'),
	(74, 5, 4, 'Jumat', '09:15:00', '10:45:00', '2026-06-11 16:02:35', '2026-06-11 16:02:35'),
	(75, 5, 7, 'Jumat', '11:00:00', '12:30:00', '2026-06-11 16:02:35', '2026-06-11 16:02:35'),
	(76, 6, 3, 'Senin', '07:30:00', '09:00:00', '2026-06-11 16:02:35', '2026-06-11 16:02:35'),
	(77, 6, 7, 'Senin', '09:15:00', '10:45:00', '2026-06-11 16:02:35', '2026-06-11 16:02:35'),
	(78, 6, 10, 'Senin', '11:00:00', '12:30:00', '2026-06-11 16:02:35', '2026-06-11 16:02:35'),
	(79, 6, 1, 'Selasa', '07:30:00', '09:00:00', '2026-06-11 16:02:35', '2026-06-11 16:02:35'),
	(80, 6, 6, 'Selasa', '09:15:00', '10:45:00', '2026-06-11 16:02:35', '2026-06-11 16:02:35'),
	(81, 6, 12, 'Selasa', '11:00:00', '12:30:00', '2026-06-11 16:02:35', '2026-06-11 16:02:35'),
	(82, 6, 2, 'Rabu', '07:30:00', '09:00:00', '2026-06-11 16:02:35', '2026-06-11 16:02:35'),
	(83, 6, 5, 'Rabu', '09:15:00', '10:45:00', '2026-06-11 16:02:35', '2026-06-11 16:02:35'),
	(84, 6, 6, 'Rabu', '11:00:00', '12:30:00', '2026-06-11 16:02:36', '2026-06-11 16:02:36'),
	(85, 6, 2, 'Kamis', '07:30:00', '09:00:00', '2026-06-11 16:02:36', '2026-06-11 16:02:36'),
	(86, 6, 10, 'Kamis', '09:15:00', '10:45:00', '2026-06-11 16:02:36', '2026-06-11 16:02:36'),
	(87, 6, 11, 'Kamis', '11:00:00', '12:30:00', '2026-06-11 16:02:36', '2026-06-11 16:02:36'),
	(88, 6, 1, 'Jumat', '07:30:00', '09:00:00', '2026-06-11 16:02:36', '2026-06-11 16:02:36'),
	(89, 6, 7, 'Jumat', '09:15:00', '10:45:00', '2026-06-11 16:02:36', '2026-06-11 16:02:36'),
	(90, 6, 12, 'Jumat', '11:00:00', '12:30:00', '2026-06-11 16:02:36', '2026-06-11 16:02:36'),
	(91, 7, 5, 'Senin', '07:30:00', '09:00:00', '2026-06-11 16:02:36', '2026-06-11 16:02:36'),
	(92, 7, 11, 'Senin', '09:15:00', '10:45:00', '2026-06-11 16:02:36', '2026-06-11 16:02:36'),
	(93, 7, 12, 'Senin', '11:00:00', '12:30:00', '2026-06-11 16:02:36', '2026-06-11 16:02:36'),
	(94, 7, 1, 'Selasa', '07:30:00', '09:00:00', '2026-06-11 16:02:36', '2026-06-11 16:02:36'),
	(95, 7, 8, 'Selasa', '09:15:00', '10:45:00', '2026-06-11 16:02:36', '2026-06-11 16:02:36'),
	(96, 7, 13, 'Selasa', '11:00:00', '12:30:00', '2026-06-11 16:02:36', '2026-06-11 16:02:36'),
	(97, 7, 1, 'Rabu', '07:30:00', '09:00:00', '2026-06-11 16:02:36', '2026-06-11 16:02:36'),
	(98, 7, 8, 'Rabu', '09:15:00', '10:45:00', '2026-06-11 16:02:36', '2026-06-11 16:02:36'),
	(99, 7, 11, 'Rabu', '11:00:00', '12:30:00', '2026-06-11 16:02:36', '2026-06-11 16:02:36'),
	(100, 7, 2, 'Kamis', '07:30:00', '09:00:00', '2026-06-11 16:02:36', '2026-06-11 16:02:36'),
	(101, 7, 8, 'Kamis', '09:15:00', '10:45:00', '2026-06-11 16:02:36', '2026-06-11 16:02:36'),
	(102, 7, 12, 'Kamis', '11:00:00', '12:30:00', '2026-06-11 16:02:36', '2026-06-11 16:02:36'),
	(103, 7, 3, 'Jumat', '07:30:00', '09:00:00', '2026-06-11 16:02:36', '2026-06-11 16:02:36'),
	(104, 7, 10, 'Jumat', '09:15:00', '10:45:00', '2026-06-11 16:02:36', '2026-06-11 16:02:36'),
	(105, 7, 13, 'Jumat', '11:00:00', '12:30:00', '2026-06-11 16:02:36', '2026-06-11 16:02:36'),
	(106, 8, 5, 'Senin', '07:30:00', '09:00:00', '2026-06-11 16:02:36', '2026-06-11 16:02:36'),
	(107, 8, 6, 'Senin', '09:15:00', '10:45:00', '2026-06-11 16:02:36', '2026-06-11 16:02:36'),
	(108, 8, 12, 'Senin', '11:00:00', '12:30:00', '2026-06-11 16:02:36', '2026-06-11 16:02:36'),
	(109, 8, 1, 'Selasa', '07:30:00', '09:00:00', '2026-06-11 16:02:36', '2026-06-11 16:02:36'),
	(110, 8, 3, 'Selasa', '09:15:00', '10:45:00', '2026-06-11 16:02:36', '2026-06-11 16:02:36'),
	(111, 8, 7, 'Selasa', '11:00:00', '12:30:00', '2026-06-11 16:02:36', '2026-06-11 16:02:36'),
	(112, 8, 3, 'Rabu', '07:30:00', '09:00:00', '2026-06-11 16:02:36', '2026-06-11 16:02:36'),
	(113, 8, 6, 'Rabu', '09:15:00', '10:45:00', '2026-06-11 16:02:36', '2026-06-11 16:02:36'),
	(114, 8, 11, 'Rabu', '11:00:00', '12:30:00', '2026-06-11 16:02:36', '2026-06-11 16:02:36'),
	(115, 8, 2, 'Kamis', '07:30:00', '09:00:00', '2026-06-11 16:02:36', '2026-06-11 16:02:36'),
	(116, 8, 7, 'Kamis', '09:15:00', '10:45:00', '2026-06-11 16:02:36', '2026-06-11 16:02:36'),
	(117, 8, 8, 'Kamis', '11:00:00', '12:30:00', '2026-06-11 16:02:36', '2026-06-11 16:02:36'),
	(118, 8, 1, 'Jumat', '07:30:00', '09:00:00', '2026-06-11 16:02:36', '2026-06-11 16:02:36'),
	(119, 8, 5, 'Jumat', '09:15:00', '10:45:00', '2026-06-11 16:02:36', '2026-06-11 16:02:36'),
	(120, 8, 11, 'Jumat', '11:00:00', '12:30:00', '2026-06-11 16:02:36', '2026-06-11 16:02:36'),
	(121, 9, 1, 'Senin', '07:30:00', '09:00:00', '2026-06-11 16:02:36', '2026-06-11 16:02:36'),
	(122, 9, 6, 'Senin', '09:15:00', '10:45:00', '2026-06-11 16:02:36', '2026-06-11 16:02:36'),
	(123, 9, 7, 'Senin', '11:00:00', '12:30:00', '2026-06-11 16:02:36', '2026-06-11 16:02:36'),
	(124, 9, 1, 'Selasa', '07:30:00', '09:00:00', '2026-06-11 16:02:36', '2026-06-11 16:02:36'),
	(125, 9, 11, 'Selasa', '09:15:00', '10:45:00', '2026-06-11 16:02:36', '2026-06-11 16:02:36'),
	(126, 9, 12, 'Selasa', '11:00:00', '12:30:00', '2026-06-11 16:02:36', '2026-06-11 16:02:36'),
	(127, 9, 2, 'Rabu', '07:30:00', '09:00:00', '2026-06-11 16:02:36', '2026-06-11 16:02:36'),
	(128, 9, 6, 'Rabu', '09:15:00', '10:45:00', '2026-06-11 16:02:36', '2026-06-11 16:02:36'),
	(129, 9, 12, 'Rabu', '11:00:00', '12:30:00', '2026-06-11 16:02:36', '2026-06-11 16:02:36'),
	(130, 9, 4, 'Kamis', '07:30:00', '09:00:00', '2026-06-11 16:02:36', '2026-06-11 16:02:36'),
	(131, 9, 10, 'Kamis', '09:15:00', '10:45:00', '2026-06-11 16:02:36', '2026-06-11 16:02:36'),
	(132, 9, 12, 'Kamis', '11:00:00', '12:30:00', '2026-06-11 16:02:36', '2026-06-11 16:02:36'),
	(133, 9, 3, 'Jumat', '07:30:00', '09:00:00', '2026-06-11 16:02:36', '2026-06-11 16:02:36'),
	(134, 9, 10, 'Jumat', '09:15:00', '10:45:00', '2026-06-11 16:02:36', '2026-06-11 16:02:36'),
	(135, 9, 12, 'Jumat', '11:00:00', '12:30:00', '2026-06-11 16:02:36', '2026-06-11 16:02:36'),
	(136, 10, 5, 'Senin', '07:30:00', '09:00:00', '2026-06-11 16:02:36', '2026-06-11 16:02:36'),
	(137, 10, 8, 'Senin', '09:15:00', '10:45:00', '2026-06-11 16:02:36', '2026-06-11 16:02:36'),
	(138, 10, 13, 'Senin', '11:00:00', '12:30:00', '2026-06-11 16:02:36', '2026-06-11 16:02:36'),
	(139, 10, 1, 'Selasa', '07:30:00', '09:00:00', '2026-06-11 16:02:36', '2026-06-11 16:02:36'),
	(140, 10, 8, 'Selasa', '09:15:00', '10:45:00', '2026-06-11 16:02:36', '2026-06-11 16:02:36'),
	(141, 10, 13, 'Selasa', '11:00:00', '12:30:00', '2026-06-11 16:02:36', '2026-06-11 16:02:36'),
	(142, 10, 2, 'Rabu', '07:30:00', '09:00:00', '2026-06-11 16:02:36', '2026-06-11 16:02:36'),
	(143, 10, 7, 'Rabu', '09:15:00', '10:45:00', '2026-06-11 16:02:36', '2026-06-11 16:02:36'),
	(144, 10, 10, 'Rabu', '11:00:00', '12:30:00', '2026-06-11 16:02:36', '2026-06-11 16:02:36'),
	(145, 10, 6, 'Kamis', '07:30:00', '09:00:00', '2026-06-11 16:02:36', '2026-06-11 16:02:36'),
	(146, 10, 12, 'Kamis', '09:15:00', '10:45:00', '2026-06-11 16:02:36', '2026-06-11 16:02:36'),
	(147, 10, 13, 'Kamis', '11:00:00', '12:30:00', '2026-06-11 16:02:36', '2026-06-11 16:02:36'),
	(148, 10, 6, 'Jumat', '07:30:00', '09:00:00', '2026-06-11 16:02:36', '2026-06-11 16:02:36'),
	(149, 10, 12, 'Jumat', '09:15:00', '10:45:00', '2026-06-11 16:02:36', '2026-06-11 16:02:36'),
	(150, 10, 13, 'Jumat', '11:00:00', '12:30:00', '2026-06-11 16:02:36', '2026-06-11 16:02:36'),
	(151, 11, 1, 'Senin', '07:30:00', '09:00:00', '2026-06-11 16:02:36', '2026-06-11 16:02:36'),
	(152, 11, 3, 'Senin', '09:15:00', '10:45:00', '2026-06-11 16:02:36', '2026-06-11 16:02:36'),
	(153, 11, 8, 'Senin', '11:00:00', '12:30:00', '2026-06-11 16:02:36', '2026-06-11 16:02:36'),
	(154, 11, 5, 'Selasa', '07:30:00', '09:00:00', '2026-06-11 16:02:36', '2026-06-11 16:02:36'),
	(155, 11, 6, 'Selasa', '09:15:00', '10:45:00', '2026-06-11 16:02:36', '2026-06-11 16:02:36'),
	(156, 11, 11, 'Selasa', '11:00:00', '12:30:00', '2026-06-11 16:02:36', '2026-06-11 16:02:36'),
	(157, 11, 1, 'Rabu', '07:30:00', '09:00:00', '2026-06-11 16:02:36', '2026-06-11 16:02:36'),
	(158, 11, 7, 'Rabu', '09:15:00', '10:45:00', '2026-06-11 16:02:36', '2026-06-11 16:02:36'),
	(159, 11, 12, 'Rabu', '11:00:00', '12:30:00', '2026-06-11 16:02:36', '2026-06-11 16:02:36'),
	(160, 11, 3, 'Kamis', '07:30:00', '09:00:00', '2026-06-11 16:02:36', '2026-06-11 16:02:36'),
	(161, 11, 6, 'Kamis', '09:15:00', '10:45:00', '2026-06-11 16:02:36', '2026-06-11 16:02:36'),
	(162, 11, 10, 'Kamis', '11:00:00', '12:30:00', '2026-06-11 16:02:36', '2026-06-11 16:02:36'),
	(163, 11, 1, 'Jumat', '07:30:00', '09:00:00', '2026-06-11 16:02:36', '2026-06-11 16:02:36'),
	(164, 11, 2, 'Jumat', '09:15:00', '10:45:00', '2026-06-11 16:02:36', '2026-06-11 16:02:36'),
	(165, 11, 13, 'Jumat', '11:00:00', '12:30:00', '2026-06-11 16:02:36', '2026-06-11 16:02:36'),
	(166, 12, 7, 'Senin', '07:30:00', '09:00:00', '2026-06-11 16:02:36', '2026-06-11 16:02:36'),
	(167, 12, 8, 'Senin', '09:15:00', '10:45:00', '2026-06-11 16:02:36', '2026-06-11 16:02:36'),
	(168, 12, 10, 'Senin', '11:00:00', '12:30:00', '2026-06-11 16:02:36', '2026-06-11 16:02:36'),
	(169, 12, 3, 'Selasa', '07:30:00', '09:00:00', '2026-06-11 16:02:36', '2026-06-11 16:02:36'),
	(170, 12, 9, 'Selasa', '09:15:00', '10:45:00', '2026-06-11 16:02:36', '2026-06-11 16:02:36'),
	(171, 12, 11, 'Selasa', '11:00:00', '12:30:00', '2026-06-11 16:02:36', '2026-06-11 16:02:36'),
	(172, 12, 6, 'Rabu', '07:30:00', '09:00:00', '2026-06-11 16:02:37', '2026-06-11 16:02:37'),
	(173, 12, 12, 'Rabu', '09:15:00', '10:45:00', '2026-06-11 16:02:37', '2026-06-11 16:02:37'),
	(174, 12, 13, 'Rabu', '11:00:00', '12:30:00', '2026-06-11 16:02:37', '2026-06-11 16:02:37'),
	(175, 12, 2, 'Kamis', '07:30:00', '09:00:00', '2026-06-11 16:02:37', '2026-06-11 16:02:37'),
	(176, 12, 7, 'Kamis', '09:15:00', '10:45:00', '2026-06-11 16:02:37', '2026-06-11 16:02:37'),
	(177, 12, 10, 'Kamis', '11:00:00', '12:30:00', '2026-06-11 16:02:37', '2026-06-11 16:02:37'),
	(178, 12, 3, 'Jumat', '07:30:00', '09:00:00', '2026-06-11 16:02:37', '2026-06-11 16:02:37'),
	(179, 12, 4, 'Jumat', '09:15:00', '10:45:00', '2026-06-11 16:02:37', '2026-06-11 16:02:37'),
	(180, 12, 9, 'Jumat', '11:00:00', '12:30:00', '2026-06-11 16:02:37', '2026-06-11 16:02:37'),
	(181, 13, 5, 'Senin', '07:30:00', '09:00:00', '2026-06-11 16:02:37', '2026-06-11 16:02:37'),
	(182, 13, 10, 'Senin', '09:15:00', '10:45:00', '2026-06-11 16:02:37', '2026-06-11 16:02:37'),
	(183, 13, 12, 'Senin', '11:00:00', '12:30:00', '2026-06-11 16:02:37', '2026-06-11 16:02:37'),
	(184, 13, 1, 'Selasa', '07:30:00', '09:00:00', '2026-06-11 16:02:37', '2026-06-11 16:02:37'),
	(185, 13, 9, 'Selasa', '09:15:00', '10:45:00', '2026-06-11 16:02:37', '2026-06-11 16:02:37'),
	(186, 13, 11, 'Selasa', '11:00:00', '12:30:00', '2026-06-11 16:02:37', '2026-06-11 16:02:37'),
	(187, 13, 4, 'Rabu', '07:30:00', '09:00:00', '2026-06-11 16:02:37', '2026-06-11 16:02:37'),
	(188, 13, 10, 'Rabu', '09:15:00', '10:45:00', '2026-06-11 16:02:37', '2026-06-11 16:02:37'),
	(189, 13, 13, 'Rabu', '11:00:00', '12:30:00', '2026-06-11 16:02:37', '2026-06-11 16:02:37'),
	(190, 13, 1, 'Kamis', '07:30:00', '09:00:00', '2026-06-11 16:02:37', '2026-06-11 16:02:37'),
	(191, 13, 2, 'Kamis', '09:15:00', '10:45:00', '2026-06-11 16:02:37', '2026-06-11 16:02:37'),
	(192, 13, 5, 'Kamis', '11:00:00', '12:30:00', '2026-06-11 16:02:37', '2026-06-11 16:02:37'),
	(193, 13, 2, 'Jumat', '07:30:00', '09:00:00', '2026-06-11 16:02:37', '2026-06-11 16:02:37'),
	(194, 13, 4, 'Jumat', '09:15:00', '10:45:00', '2026-06-11 16:02:37', '2026-06-11 16:02:37'),
	(195, 13, 11, 'Jumat', '11:00:00', '12:30:00', '2026-06-11 16:02:37', '2026-06-11 16:02:37'),
	(196, 14, 1, 'Senin', '07:30:00', '09:00:00', '2026-06-11 16:02:37', '2026-06-11 16:02:37'),
	(197, 14, 8, 'Senin', '09:15:00', '10:45:00', '2026-06-11 16:02:37', '2026-06-11 16:02:37'),
	(198, 14, 12, 'Senin', '11:00:00', '12:30:00', '2026-06-11 16:02:37', '2026-06-11 16:02:37'),
	(199, 14, 7, 'Selasa', '07:30:00', '09:00:00', '2026-06-11 16:02:37', '2026-06-11 16:02:37'),
	(200, 14, 10, 'Selasa', '09:15:00', '10:45:00', '2026-06-11 16:02:37', '2026-06-11 16:02:37'),
	(201, 14, 13, 'Selasa', '11:00:00', '12:30:00', '2026-06-11 16:02:37', '2026-06-11 16:02:37'),
	(202, 14, 1, 'Rabu', '07:30:00', '09:00:00', '2026-06-11 16:02:37', '2026-06-11 16:02:37'),
	(203, 14, 6, 'Rabu', '09:15:00', '10:45:00', '2026-06-11 16:02:37', '2026-06-11 16:02:37'),
	(204, 14, 9, 'Rabu', '11:00:00', '12:30:00', '2026-06-11 16:02:37', '2026-06-11 16:02:37'),
	(205, 14, 7, 'Kamis', '07:30:00', '09:00:00', '2026-06-11 16:02:37', '2026-06-11 16:02:37'),
	(206, 14, 8, 'Kamis', '09:15:00', '10:45:00', '2026-06-11 16:02:37', '2026-06-11 16:02:37'),
	(207, 14, 10, 'Kamis', '11:00:00', '12:30:00', '2026-06-11 16:02:37', '2026-06-11 16:02:37'),
	(208, 14, 5, 'Jumat', '07:30:00', '09:00:00', '2026-06-11 16:02:37', '2026-06-11 16:02:37'),
	(209, 14, 9, 'Jumat', '09:15:00', '10:45:00', '2026-06-11 16:02:37', '2026-06-11 16:02:37'),
	(210, 14, 13, 'Jumat', '11:00:00', '12:30:00', '2026-06-11 16:02:37', '2026-06-11 16:02:37'),
	(211, 15, 4, 'Senin', '07:30:00', '09:00:00', '2026-06-11 16:02:37', '2026-06-11 16:02:37'),
	(212, 15, 10, 'Senin', '09:15:00', '10:45:00', '2026-06-11 16:02:37', '2026-06-11 16:02:37'),
	(213, 15, 12, 'Senin', '11:00:00', '12:30:00', '2026-06-11 16:02:37', '2026-06-11 16:02:37'),
	(214, 15, 7, 'Selasa', '07:30:00', '09:00:00', '2026-06-11 16:02:37', '2026-06-11 16:02:37'),
	(215, 15, 8, 'Selasa', '09:15:00', '10:45:00', '2026-06-11 16:02:37', '2026-06-11 16:02:37'),
	(216, 15, 9, 'Selasa', '11:00:00', '12:30:00', '2026-06-11 16:02:37', '2026-06-11 16:02:37'),
	(217, 15, 5, 'Rabu', '07:30:00', '09:00:00', '2026-06-11 16:02:37', '2026-06-11 16:02:37'),
	(218, 15, 6, 'Rabu', '09:15:00', '10:45:00', '2026-06-11 16:02:37', '2026-06-11 16:02:37'),
	(219, 15, 12, 'Rabu', '11:00:00', '12:30:00', '2026-06-11 16:02:37', '2026-06-11 16:02:37'),
	(220, 15, 5, 'Kamis', '07:30:00', '09:00:00', '2026-06-11 16:02:37', '2026-06-11 16:02:37'),
	(221, 15, 7, 'Kamis', '09:15:00', '10:45:00', '2026-06-11 16:02:37', '2026-06-11 16:02:37'),
	(222, 15, 10, 'Kamis', '11:00:00', '12:30:00', '2026-06-11 16:02:37', '2026-06-11 16:02:37'),
	(223, 15, 1, 'Jumat', '07:30:00', '09:00:00', '2026-06-11 16:02:37', '2026-06-11 16:02:37'),
	(224, 15, 10, 'Jumat', '09:15:00', '10:45:00', '2026-06-11 16:02:37', '2026-06-11 16:02:37'),
	(225, 15, 11, 'Jumat', '11:00:00', '12:30:00', '2026-06-11 16:02:37', '2026-06-11 16:02:37'),
	(226, 16, 5, 'Senin', '07:30:00', '09:00:00', '2026-06-11 16:02:37', '2026-06-11 16:02:37'),
	(227, 16, 6, 'Senin', '09:15:00', '10:45:00', '2026-06-11 16:02:37', '2026-06-11 16:02:37'),
	(228, 16, 8, 'Senin', '11:00:00', '12:30:00', '2026-06-11 16:02:37', '2026-06-11 16:02:37'),
	(229, 16, 3, 'Selasa', '07:30:00', '09:00:00', '2026-06-11 16:02:37', '2026-06-11 16:02:37'),
	(230, 16, 4, 'Selasa', '09:15:00', '10:45:00', '2026-06-11 16:02:37', '2026-06-11 16:02:37'),
	(231, 16, 8, 'Selasa', '11:00:00', '12:30:00', '2026-06-11 16:02:37', '2026-06-11 16:02:37'),
	(232, 16, 4, 'Rabu', '07:30:00', '09:00:00', '2026-06-11 16:02:37', '2026-06-11 16:02:37'),
	(233, 16, 9, 'Rabu', '09:15:00', '10:45:00', '2026-06-11 16:02:37', '2026-06-11 16:02:37'),
	(234, 16, 11, 'Rabu', '11:00:00', '12:30:00', '2026-06-11 16:02:37', '2026-06-11 16:02:37'),
	(235, 16, 1, 'Kamis', '07:30:00', '09:00:00', '2026-06-11 16:02:37', '2026-06-11 16:02:37'),
	(236, 16, 7, 'Kamis', '09:15:00', '10:45:00', '2026-06-11 16:02:37', '2026-06-11 16:02:37'),
	(237, 16, 10, 'Kamis', '11:00:00', '12:30:00', '2026-06-11 16:02:37', '2026-06-11 16:02:37'),
	(238, 16, 6, 'Jumat', '07:30:00', '09:00:00', '2026-06-11 16:02:37', '2026-06-11 16:02:37'),
	(239, 16, 7, 'Jumat', '09:15:00', '10:45:00', '2026-06-11 16:02:37', '2026-06-11 16:02:37'),
	(240, 16, 12, 'Jumat', '11:00:00', '12:30:00', '2026-06-11 16:02:37', '2026-06-11 16:02:37'),
	(241, 17, 2, 'Senin', '07:30:00', '09:00:00', '2026-06-11 16:02:37', '2026-06-11 16:02:37'),
	(242, 17, 4, 'Senin', '09:15:00', '10:45:00', '2026-06-11 16:02:37', '2026-06-11 16:02:37'),
	(243, 17, 8, 'Senin', '11:00:00', '12:30:00', '2026-06-11 16:02:37', '2026-06-11 16:02:37'),
	(244, 17, 6, 'Selasa', '07:30:00', '09:00:00', '2026-06-11 16:02:37', '2026-06-11 16:02:37'),
	(245, 17, 8, 'Selasa', '09:15:00', '10:45:00', '2026-06-11 16:02:37', '2026-06-11 16:02:37'),
	(246, 17, 12, 'Selasa', '11:00:00', '12:30:00', '2026-06-11 16:02:37', '2026-06-11 16:02:37'),
	(247, 17, 1, 'Rabu', '07:30:00', '09:00:00', '2026-06-11 16:02:37', '2026-06-11 16:02:37'),
	(248, 17, 4, 'Rabu', '09:15:00', '10:45:00', '2026-06-11 16:02:37', '2026-06-11 16:02:37'),
	(249, 17, 9, 'Rabu', '11:00:00', '12:30:00', '2026-06-11 16:02:37', '2026-06-11 16:02:37'),
	(250, 17, 2, 'Kamis', '07:30:00', '09:00:00', '2026-06-11 16:02:37', '2026-06-11 16:02:37'),
	(251, 17, 5, 'Kamis', '09:15:00', '10:45:00', '2026-06-11 16:02:37', '2026-06-11 16:02:37'),
	(252, 17, 6, 'Kamis', '11:00:00', '12:30:00', '2026-06-11 16:02:37', '2026-06-11 16:02:37'),
	(253, 17, 5, 'Jumat', '07:30:00', '09:00:00', '2026-06-11 16:02:37', '2026-06-11 16:02:37'),
	(254, 17, 8, 'Jumat', '09:15:00', '10:45:00', '2026-06-11 16:02:37', '2026-06-11 16:02:37'),
	(255, 17, 13, 'Jumat', '11:00:00', '12:30:00', '2026-06-11 16:02:37', '2026-06-11 16:02:37'),
	(256, 18, 1, 'Senin', '07:30:00', '09:00:00', '2026-06-11 16:02:38', '2026-06-11 16:02:38'),
	(257, 18, 5, 'Senin', '09:15:00', '10:45:00', '2026-06-11 16:02:38', '2026-06-11 16:02:38'),
	(258, 18, 7, 'Senin', '11:00:00', '12:30:00', '2026-06-11 16:02:38', '2026-06-11 16:02:38'),
	(259, 18, 10, 'Selasa', '07:30:00', '09:00:00', '2026-06-11 16:02:38', '2026-06-11 16:02:38'),
	(260, 18, 11, 'Selasa', '09:15:00', '10:45:00', '2026-06-11 16:02:38', '2026-06-11 16:02:38'),
	(261, 18, 13, 'Selasa', '11:00:00', '12:30:00', '2026-06-11 16:02:38', '2026-06-11 16:02:38'),
	(262, 18, 2, 'Rabu', '07:30:00', '09:00:00', '2026-06-11 16:02:38', '2026-06-11 16:02:38'),
	(263, 18, 3, 'Rabu', '09:15:00', '10:45:00', '2026-06-11 16:02:38', '2026-06-11 16:02:38'),
	(264, 18, 13, 'Rabu', '11:00:00', '12:30:00', '2026-06-11 16:02:38', '2026-06-11 16:02:38'),
	(265, 18, 3, 'Kamis', '07:30:00', '09:00:00', '2026-06-11 16:02:38', '2026-06-11 16:02:38'),
	(266, 18, 8, 'Kamis', '09:15:00', '10:45:00', '2026-06-11 16:02:38', '2026-06-11 16:02:38'),
	(267, 18, 9, 'Kamis', '11:00:00', '12:30:00', '2026-06-11 16:02:38', '2026-06-11 16:02:38'),
	(268, 18, 1, 'Jumat', '07:30:00', '09:00:00', '2026-06-11 16:02:38', '2026-06-11 16:02:38'),
	(269, 18, 2, 'Jumat', '09:15:00', '10:45:00', '2026-06-11 16:02:38', '2026-06-11 16:02:38'),
	(270, 18, 9, 'Jumat', '11:00:00', '12:30:00', '2026-06-11 16:02:38', '2026-06-11 16:02:38');

-- Dumping structure for table e_absensi_siswa.sessions
DROP TABLE IF EXISTS `sessions`;
CREATE TABLE IF NOT EXISTS `sessions` (
  `id` varchar(255) COLLATE utf8mb4_unicode_ci NOT NULL,
  `user_id` bigint unsigned DEFAULT NULL,
  `ip_address` varchar(45) COLLATE utf8mb4_unicode_ci DEFAULT NULL,
  `user_agent` text COLLATE utf8mb4_unicode_ci,
  `payload` longtext COLLATE utf8mb4_unicode_ci NOT NULL,
  `last_activity` int NOT NULL,
  PRIMARY KEY (`id`),
  KEY `sessions_user_id_index` (`user_id`),
  KEY `sessions_last_activity_index` (`last_activity`)
) ENGINE=InnoDB DEFAULT CHARSET=utf8mb4 COLLATE=utf8mb4_unicode_ci;

-- Dumping data for table e_absensi_siswa.sessions: ~0 rows (approximately)
DELETE FROM `sessions`;

-- Dumping structure for table e_absensi_siswa.settings
DROP TABLE IF EXISTS `settings`;
CREATE TABLE IF NOT EXISTS `settings` (
  `id` bigint unsigned NOT NULL AUTO_INCREMENT,
  `key` varchar(255) COLLATE utf8mb4_unicode_ci NOT NULL,
  `value` text COLLATE utf8mb4_unicode_ci,
  `description` varchar(255) COLLATE utf8mb4_unicode_ci DEFAULT NULL,
  `created_at` timestamp NULL DEFAULT NULL,
  `updated_at` timestamp NULL DEFAULT NULL,
  PRIMARY KEY (`id`),
  UNIQUE KEY `settings_key_unique` (`key`)
) ENGINE=InnoDB AUTO_INCREMENT=13 DEFAULT CHARSET=utf8mb4 COLLATE=utf8mb4_unicode_ci;

-- Dumping data for table e_absensi_siswa.settings: ~12 rows (approximately)
DELETE FROM `settings`;
INSERT INTO `settings` (`id`, `key`, `value`, `description`, `created_at`, `updated_at`) VALUES
	(1, 'school_name', 'E-ABSENSI SISWA', NULL, NULL, NULL),
	(2, 'attendance_start_time', '07:00', NULL, '2026-06-11 11:12:34', '2026-06-11 11:12:34'),
	(3, 'attendance_end_time', '15:00', NULL, '2026-06-11 11:12:34', '2026-06-11 11:12:34'),
	(4, 'late_tolerance_minutes', '10', NULL, '2026-06-11 11:12:34', '2026-06-11 11:12:34'),
	(5, 'wa_api_endpoint', 'https://api.fonnte.com/send', NULL, '2026-06-11 11:12:34', '2026-06-11 11:12:34'),
	(6, 'wa_api_key', 'GjXvpZ6RzsYXywixspND', NULL, '2026-06-11 11:12:34', '2026-06-11 11:12:34'),
	(7, 'school_email', '', NULL, '2026-06-11 11:12:34', '2026-06-11 11:12:34'),
	(8, 'school_phone', '', NULL, '2026-06-11 11:12:34', '2026-06-11 11:12:34'),
	(9, 'school_address', '', NULL, '2026-06-11 11:12:34', '2026-06-11 11:12:34'),
	(10, 'social_facebook', '', NULL, '2026-06-11 11:12:34', '2026-06-11 11:12:34'),
	(11, 'social_instagram', '', NULL, '2026-06-11 11:12:34', '2026-06-11 11:12:34'),
	(12, 'school_logo', 'logo/DMpqmXssOnTr6dNMQG2gkZ5Lpndf8QBnUbZVbNtM.png', NULL, '2026-06-11 11:12:34', '2026-06-11 11:12:34');

-- Dumping structure for table e_absensi_siswa.students
DROP TABLE IF EXISTS `students`;
CREATE TABLE IF NOT EXISTS `students` (
  `id` bigint unsigned NOT NULL AUTO_INCREMENT,
  `nisn` varchar(255) COLLATE utf8mb4_unicode_ci NOT NULL,
  `nis` varchar(255) COLLATE utf8mb4_unicode_ci DEFAULT NULL,
  `name` varchar(255) COLLATE utf8mb4_unicode_ci NOT NULL,
  `gender` enum('Laki-laki','Perempuan') COLLATE utf8mb4_unicode_ci NOT NULL,
  `class_id` bigint unsigned NOT NULL,
  `photo` varchar(255) COLLATE utf8mb4_unicode_ci DEFAULT 'default_avatar.png',
  `barcode_data` varchar(255) COLLATE utf8mb4_unicode_ci NOT NULL,
  `address` varchar(500) COLLATE utf8mb4_unicode_ci DEFAULT NULL,
  `birth_place` varchar(100) COLLATE utf8mb4_unicode_ci DEFAULT NULL,
  `birth_date` date DEFAULT NULL,
  `status` enum('active','inactive') COLLATE utf8mb4_unicode_ci NOT NULL DEFAULT 'active',
  `created_at` timestamp NULL DEFAULT NULL,
  `updated_at` timestamp NULL DEFAULT NULL,
  PRIMARY KEY (`id`),
  UNIQUE KEY `students_nisn_unique` (`nisn`),
  UNIQUE KEY `students_barcode_data_unique` (`barcode_data`),
  UNIQUE KEY `students_nis_unique` (`nis`),
  KEY `students_class_id_foreign` (`class_id`),
  CONSTRAINT `students_class_id_foreign` FOREIGN KEY (`class_id`) REFERENCES `classes` (`id`) ON DELETE RESTRICT
) ENGINE=InnoDB AUTO_INCREMENT=433 DEFAULT CHARSET=utf8mb4 COLLATE=utf8mb4_unicode_ci;

-- Dumping data for table e_absensi_siswa.students: ~432 rows (approximately)
DELETE FROM `students`;
INSERT INTO `students` (`id`, `nisn`, `nis`, `name`, `gender`, `class_id`, `photo`, `barcode_data`, `address`, `birth_place`, `birth_date`, `status`, `created_at`, `updated_at`) VALUES
	(1, '0183456701', '2401-001', 'Ahmad Dzikri Maulana', 'Laki-laki', 1, 'default_avatar.png', '410d604f-12bf-4c51-863a-af1c8f3760b6', NULL, 'Jakarta', '2018-02-14', 'active', '2026-06-11 11:37:25', '2026-06-11 11:37:25'),
	(2, '0183456702', '2401-002', 'Aisyah Nur Fadhilah', 'Perempuan', 1, 'default_avatar.png', '9fc5bb07-bb6e-4407-9c68-57a2ee6119ec', NULL, 'Bogor', '2018-04-22', 'active', '2026-06-11 11:37:25', '2026-06-11 11:37:25'),
	(3, '0183456703', '2401-003', 'Bilal Hakim Santoso', 'Laki-laki', 1, 'default_avatar.png', '69ea129c-22d3-4635-ba10-e01305a88ce5', NULL, 'Depok', '2018-01-09', 'active', '2026-06-11 11:37:25', '2026-06-11 11:37:25'),
	(4, '0183456704', '2401-004', 'Dina Rahmatul Ummah', 'Perempuan', 1, 'default_avatar.png', '2569b6f2-980f-4089-8b23-4f94f4a6e61b', NULL, 'Jakarta', '2018-07-17', 'active', '2026-06-11 11:37:25', '2026-06-11 11:37:25'),
	(5, '0183456705', '2401-005', 'Faris Abdurrahman', 'Laki-laki', 1, 'default_avatar.png', '229b4109-8089-4b60-873d-aa6a91e92a35', NULL, 'Tangerang', '2018-03-05', 'active', '2026-06-11 11:37:25', '2026-06-11 11:37:25'),
	(6, '0183456706', '2401-006', 'Ghina Salsabila', 'Perempuan', 1, 'default_avatar.png', 'd88bcfd3-26d8-4192-8587-b66440a374c1', NULL, 'Bekasi', '2018-09-28', 'active', '2026-06-11 11:37:25', '2026-06-11 11:37:25'),
	(7, '0183456707', '2401-007', 'Hamzah Bin Malik', 'Laki-laki', 1, 'default_avatar.png', '11446222-5dd8-44b7-9dbf-5e789e9d22a9', NULL, 'Jakarta', '2018-05-11', 'active', '2026-06-11 11:37:25', '2026-06-11 11:37:25'),
	(8, '0183456708', '2401-008', 'Inayah Putri Utami', 'Perempuan', 1, 'default_avatar.png', '9bec7b42-376b-45df-8c2d-5e51e770676b', NULL, 'Bogor', '2018-11-03', 'active', '2026-06-11 11:37:25', '2026-06-11 11:37:25'),
	(9, '0183456709', '2401-009', 'Jabir Bin Abdullah', 'Laki-laki', 1, 'default_avatar.png', 'f742bb1b-3be2-409f-871c-0b3873985e77', NULL, 'Jakarta', '2018-06-19', 'active', '2026-06-11 11:37:25', '2026-06-11 11:37:25'),
	(10, '0183456710', '2401-010', 'Kautsar Ramadhani', 'Perempuan', 1, 'default_avatar.png', '35eabc4e-4c70-48ac-ab7a-d9690fb3e255', NULL, 'Depok', '2018-08-30', 'active', '2026-06-11 11:37:25', '2026-06-11 11:37:25'),
	(11, '0183456711', '2401-011', 'Luqman Hakim Putra', 'Laki-laki', 1, 'default_avatar.png', '656dd275-03ee-4a73-b09b-de9fd6b73219', NULL, 'Jakarta', '2018-10-07', 'active', '2026-06-11 11:37:25', '2026-06-11 11:37:25'),
	(12, '0183456712', '2401-012', 'Maulida Azzahra', 'Perempuan', 1, 'default_avatar.png', '9e0b726d-d34b-4c44-b294-c3fc432f0964', NULL, 'Tangerang', '2018-12-15', 'active', '2026-06-11 11:37:25', '2026-06-11 11:37:25'),
	(13, '0183456713', '2401-013', 'Nabil Arif Wicaksono', 'Laki-laki', 1, 'default_avatar.png', 'c361c56e-c527-4975-ae26-f0fe168c7cdf', NULL, 'Bekasi', '2018-02-28', 'active', '2026-06-11 11:37:25', '2026-06-11 11:37:25'),
	(14, '0183456714', '2401-014', 'Nurul Aini Rahayu', 'Perempuan', 1, 'default_avatar.png', 'd561e949-ce8e-4bf3-b867-f2bbc94f2cf6', NULL, 'Jakarta', '2018-04-10', 'active', '2026-06-11 11:37:25', '2026-06-11 11:37:25'),
	(15, '0183456715', '2401-015', 'Omar Farouq Latif', 'Laki-laki', 1, 'default_avatar.png', 'b2b4a9a0-9aad-470e-8e09-08ed6f4e027b', NULL, 'Bogor', '2018-06-23', 'active', '2026-06-11 11:37:25', '2026-06-11 11:37:25'),
	(16, '0183456716', '2401-016', 'Putri Rohmah Dewi', 'Perempuan', 1, 'default_avatar.png', '6df92ae9-ad7c-4197-9724-237feccb91e9', NULL, 'Jakarta', '2018-08-04', 'active', '2026-06-11 11:37:25', '2026-06-11 11:37:25'),
	(17, '0183456717', '2401-017', 'Qays Bin Mukhtar', 'Laki-laki', 1, 'default_avatar.png', 'af1bd6a1-6882-4b77-85f6-7397b8049535', NULL, 'Depok', '2018-10-16', 'active', '2026-06-11 11:37:25', '2026-06-11 11:37:25'),
	(18, '0183456718', '2401-018', 'Rania Husna Nabila', 'Perempuan', 1, 'default_avatar.png', 'f5de7293-d0f9-447b-b8f5-d8ca16272f75', NULL, 'Tangerang', '2018-12-27', 'active', '2026-06-11 11:37:25', '2026-06-11 11:37:25'),
	(19, '0183456719', '2401-019', 'Saad Bin Ubadah', 'Laki-laki', 1, 'default_avatar.png', '5b025a7b-8f01-4219-b358-37d6b81fca59', NULL, 'Jakarta', '2018-03-08', 'active', '2026-06-11 11:37:25', '2026-06-11 11:37:25'),
	(20, '0183456720', '2401-020', 'Tsabita Nur Azizah', 'Perempuan', 1, 'default_avatar.png', 'aaae8e83-1e87-4139-a387-fad675932512', NULL, 'Bekasi', '2018-05-20', 'active', '2026-06-11 11:37:25', '2026-06-11 11:37:25'),
	(21, '0183456721', '2401-021', 'Ubaid Arrahman', 'Laki-laki', 1, 'default_avatar.png', '19e3cc84-976d-424e-aad6-0b4e860002ca', NULL, 'Jakarta', '2018-07-31', 'active', '2026-06-11 11:37:25', '2026-06-11 11:37:25'),
	(22, '0183456722', '2401-022', 'Virna Siti Khoiriyah', 'Perempuan', 1, 'default_avatar.png', '92b84dae-7172-4059-8b79-e4a12b465432', NULL, 'Bogor', '2018-09-12', 'active', '2026-06-11 11:37:25', '2026-06-11 11:37:25'),
	(23, '0183456723', '2401-023', 'Walid Bin Mughirah', 'Laki-laki', 1, 'default_avatar.png', '40421ce7-8ef5-45c1-88d1-7f5c043496d2', NULL, 'Depok', '2018-11-24', 'active', '2026-06-11 11:37:25', '2026-06-11 11:37:25'),
	(24, '0183456724', '2401-024', 'Yasmin Putri Sari', 'Perempuan', 1, 'default_avatar.png', '397411f8-306a-404e-b457-34dce42ca4e7', NULL, 'Jakarta', '2018-01-15', 'active', '2026-06-11 11:37:25', '2026-06-11 11:37:25'),
	(25, '0183456725', '2401-025', 'Ziyad Bin Harits', 'Laki-laki', 1, 'default_avatar.png', '48744f86-8469-44d5-8ba4-f8952ee810c9', NULL, 'Tangerang', '2018-03-26', 'active', '2026-06-11 11:37:25', '2026-06-11 11:37:25'),
	(26, '0183456726', '2402-001', 'Abdul Aziz Ramadhan', 'Laki-laki', 2, 'default_avatar.png', '561c96ae-c41e-4444-90b8-d7b37a12db70', NULL, 'Jakarta', '2018-02-08', 'active', '2026-06-11 11:37:25', '2026-06-11 11:37:25'),
	(27, '0183456727', '2402-002', 'Badriyah Nur Iman', 'Perempuan', 2, 'default_avatar.png', '7ec5c9b6-faa1-416c-b7a1-e863d3c8ba59', NULL, 'Bekasi', '2018-04-19', 'active', '2026-06-11 11:37:25', '2026-06-11 11:37:25'),
	(28, '0183456728', '2402-003', 'Dzulkifli Habibi', 'Laki-laki', 2, 'default_avatar.png', '059351d5-0cb3-4006-8eab-a7f0fea02656', NULL, 'Bogor', '2018-06-30', 'active', '2026-06-11 11:37:25', '2026-06-11 11:37:25'),
	(29, '0183456729', '2402-004', 'Farah Adila Husna', 'Perempuan', 2, 'default_avatar.png', '2870a6e7-0243-43dc-8aa7-9b9d3677205d', NULL, 'Jakarta', '2018-09-11', 'active', '2026-06-11 11:37:25', '2026-06-11 11:37:25'),
	(30, '0183456730', '2402-005', 'Ghalib Bin Qasim', 'Laki-laki', 2, 'default_avatar.png', '81824ef9-32f3-4bc3-8925-c593f3796853', NULL, 'Depok', '2018-11-22', 'active', '2026-06-11 11:37:25', '2026-06-11 11:37:25'),
	(31, '0183456731', '2402-006', 'Hanin Afifah Zahra', 'Perempuan', 2, 'default_avatar.png', 'b5b8d31e-0639-488d-b3e6-9491cb00a709', NULL, 'Tangerang', '2018-01-13', 'active', '2026-06-11 11:37:25', '2026-06-11 11:37:25'),
	(32, '0183456732', '2402-007', 'Idris Maulana Putra', 'Laki-laki', 2, 'default_avatar.png', '46c00c9b-8427-4ed5-a90f-6d206bac4566', NULL, 'Jakarta', '2018-03-24', 'active', '2026-06-11 11:37:25', '2026-06-11 11:37:25'),
	(33, '0183456733', '2402-008', 'Jihan Raihana Putri', 'Perempuan', 2, 'default_avatar.png', 'fdf6dada-063c-48d3-9dfc-dde36e47651e', NULL, 'Bekasi', '2018-05-05', 'active', '2026-06-11 11:37:25', '2026-06-11 11:37:25'),
	(34, '0183456734', '2402-009', 'Khalid Bin Walid', 'Laki-laki', 2, 'default_avatar.png', 'a55cde66-36eb-4db1-a1e1-71a27ce3e232', NULL, 'Bogor', '2018-07-16', 'active', '2026-06-11 11:37:25', '2026-06-11 11:37:25'),
	(35, '0183456735', '2402-010', 'Laila Nur Baiti', 'Perempuan', 2, 'default_avatar.png', 'ecab5aa4-78c6-4f5e-9b8e-865fc9f440c0', NULL, 'Jakarta', '2018-09-27', 'active', '2026-06-11 11:37:25', '2026-06-11 11:37:25'),
	(36, '0183456736', '2402-011', 'Mahir Bin Anas', 'Laki-laki', 2, 'default_avatar.png', '2fbbea6e-7fc4-4d78-affc-40cf6a2476d3', NULL, 'Depok', '2018-12-08', 'active', '2026-06-11 11:37:25', '2026-06-11 11:37:25'),
	(37, '0183456737', '2402-012', 'Najla Siti Aisyah', 'Perempuan', 2, 'default_avatar.png', '53af1103-4305-4ba3-979f-b995d7021877', NULL, 'Tangerang', '2018-02-17', 'active', '2026-06-11 11:37:25', '2026-06-11 11:37:25'),
	(38, '0183456738', '2402-013', 'Othman Bin Affan', 'Laki-laki', 2, 'default_avatar.png', '000ede4c-3687-4dc7-840b-cc53075db960', NULL, 'Jakarta', '2018-04-28', 'active', '2026-06-11 11:37:25', '2026-06-11 11:37:25'),
	(39, '0183456739', '2402-014', 'Paras Salsabila', 'Perempuan', 2, 'default_avatar.png', 'a2d38147-08f0-4c43-a8c4-508d7b26cd13', NULL, 'Bekasi', '2018-07-09', 'active', '2026-06-11 11:37:25', '2026-06-11 11:37:25'),
	(40, '0183456740', '2402-015', 'Qomaruddin Faris', 'Laki-laki', 2, 'default_avatar.png', '31d250b4-c3aa-461b-bf87-94b749294ef0', NULL, 'Bogor', '2018-09-20', 'active', '2026-06-11 11:37:25', '2026-06-11 11:37:25'),
	(41, '0183456741', '2402-016', 'Rihlah Nabila Putri', 'Perempuan', 2, 'default_avatar.png', 'ca980f39-99f9-4b69-a2ac-f36fbe738985', NULL, 'Jakarta', '2018-11-01', 'active', '2026-06-11 11:37:25', '2026-06-11 11:37:25'),
	(42, '0183456742', '2402-017', 'Sufyan Bin Said', 'Laki-laki', 2, 'default_avatar.png', '79f07883-23e3-4d62-824d-5984559434ea', NULL, 'Depok', '2018-01-12', 'active', '2026-06-11 11:37:25', '2026-06-11 11:37:25'),
	(43, '0183456743', '2402-018', 'Tazkiyah Nur Faiz', 'Perempuan', 2, 'default_avatar.png', '12c926b9-a1d0-459e-a308-8e55c608896d', NULL, 'Tangerang', '2018-03-23', 'active', '2026-06-11 11:37:25', '2026-06-11 11:37:25'),
	(44, '0183456744', '2402-019', 'Usamah Bin Zaid', 'Laki-laki', 2, 'default_avatar.png', 'c63789f0-4a4c-4200-a19f-4e279bceccf8', NULL, 'Jakarta', '2018-06-04', 'active', '2026-06-11 11:37:25', '2026-06-11 11:37:25'),
	(45, '0183456745', '2402-020', 'Wardah Khoirunnisa', 'Perempuan', 2, 'default_avatar.png', 'ffdb75a4-2dac-4170-8d16-10f8223af4f0', NULL, 'Bekasi', '2018-08-15', 'active', '2026-06-11 11:37:25', '2026-06-11 11:37:25'),
	(46, '0183456746', '2402-021', 'Yahya Bin Zakariya', 'Laki-laki', 2, 'default_avatar.png', '924b1fdc-b8f0-4beb-ae45-7ebbfcc131bf', NULL, 'Bogor', '2018-10-26', 'active', '2026-06-11 11:37:25', '2026-06-11 11:37:25'),
	(47, '0183456747', '2402-022', 'Zulfa Khoirun Nisa', 'Perempuan', 2, 'default_avatar.png', '84eb157f-be69-4caa-8cc6-b5f919ed706a', NULL, 'Jakarta', '2018-12-07', 'active', '2026-06-11 11:37:25', '2026-06-11 11:37:25'),
	(48, '0183456748', '2402-023', 'Ammar Bin Tsabit', 'Laki-laki', 2, 'default_avatar.png', 'b4ce7f55-2f25-42ee-b33c-a9f13ebf5432', NULL, 'Depok', '2018-02-18', 'active', '2026-06-11 11:37:25', '2026-06-11 11:37:25'),
	(49, '0183456749', '2402-024', 'Bashirah Putri Sari', 'Perempuan', 2, 'default_avatar.png', '617c155c-582d-4d5d-a874-dc0660e888cc', NULL, 'Tangerang', '2018-04-29', 'active', '2026-06-11 11:37:25', '2026-06-11 11:37:25'),
	(50, '0183456750', '2403-001', 'Abdurrahman Wahid', 'Laki-laki', 3, 'default_avatar.png', 'e874ef2c-e85b-49ea-ae24-93be29e1e929', NULL, 'Jakarta', '2018-01-07', 'active', '2026-06-11 11:37:25', '2026-06-11 11:37:25'),
	(51, '0183456751', '2403-002', 'Citra Maulida Hani', 'Perempuan', 3, 'default_avatar.png', 'a4dea35d-a9e1-4645-a597-8ad61fa29e60', NULL, 'Bogor', '2018-03-18', 'active', '2026-06-11 11:37:25', '2026-06-11 11:37:25'),
	(52, '0183456752', '2403-003', 'Daffa Bin Khalid', 'Laki-laki', 3, 'default_avatar.png', 'c9167e19-1a21-4d76-8a3c-d3797c8a73f0', NULL, 'Bekasi', '2018-05-29', 'active', '2026-06-11 11:37:25', '2026-06-11 11:37:25'),
	(53, '0183456753', '2403-004', 'Erna Wati Rahayu', 'Perempuan', 3, 'default_avatar.png', '3ff75b6d-3b14-4246-bf3e-c262a58937b8', NULL, 'Jakarta', '2018-08-09', 'active', '2026-06-11 11:37:25', '2026-06-11 11:37:25'),
	(54, '0183456754', '2403-005', 'Fauzan Hakim Ali', 'Laki-laki', 3, 'default_avatar.png', 'b80d3dba-bcb5-4274-a211-6569e15ce15a', NULL, 'Depok', '2018-10-20', 'active', '2026-06-11 11:37:25', '2026-06-11 11:37:25'),
	(55, '0183456755', '2403-006', 'Hafizah Nur Lathifah', 'Perempuan', 3, 'default_avatar.png', 'd5021e6e-1c77-4104-86dd-d417de1c709c', NULL, 'Tangerang', '2018-12-31', 'active', '2026-06-11 11:37:25', '2026-06-11 11:37:25'),
	(56, '0183456756', '2403-007', 'Ilyas Bin Musa', 'Laki-laki', 3, 'default_avatar.png', 'b350c732-81cf-4c8c-8f2f-69d4ac84cf06', NULL, 'Jakarta', '2018-03-11', 'active', '2026-06-11 11:37:25', '2026-06-11 11:37:25'),
	(57, '0183456757', '2403-008', 'Jamilah Binti Saad', 'Perempuan', 3, 'default_avatar.png', 'a8555d5e-78b5-4259-a16d-004ae368d003', NULL, 'Bekasi', '2018-05-22', 'active', '2026-06-11 11:37:25', '2026-06-11 11:37:25'),
	(58, '0183456758', '2403-009', 'Kamil Bin Ibrahim', 'Laki-laki', 3, 'default_avatar.png', 'c56bf837-9a4d-4d81-972d-0dd4c54ed332', NULL, 'Bogor', '2018-07-03', 'active', '2026-06-11 11:37:25', '2026-06-11 11:37:25'),
	(59, '0183456759', '2403-010', 'Luthfiyah Nur Salam', 'Perempuan', 3, 'default_avatar.png', 'a4060183-00b0-48eb-a1e3-c8ce5d942174', NULL, 'Jakarta', '2018-09-14', 'active', '2026-06-11 11:37:25', '2026-06-11 11:37:25'),
	(60, '0183456760', '2403-011', 'Marwan Bin Hakam', 'Laki-laki', 3, 'default_avatar.png', '8e154bee-8bf1-4e2a-a190-054abb132174', NULL, 'Depok', '2018-11-25', 'active', '2026-06-11 11:37:25', '2026-06-11 11:37:25'),
	(61, '0183456761', '2403-012', 'Nada Salsabila Putri', 'Perempuan', 3, 'default_avatar.png', '1b7b41c2-5bad-4568-8a71-a68b1d06513f', NULL, 'Tangerang', '2018-01-06', 'active', '2026-06-11 11:37:25', '2026-06-11 11:37:25'),
	(62, '0183456762', '2403-013', 'Naufal Rizqi Akbar', 'Laki-laki', 3, 'default_avatar.png', '37284478-f76d-4e4b-962c-186b30eb703c', NULL, 'Jakarta', '2018-03-17', 'active', '2026-06-11 11:37:25', '2026-06-11 11:37:25'),
	(63, '0183456763', '2403-014', 'Qurratul Aini', 'Perempuan', 3, 'default_avatar.png', '41ad3163-487a-4715-ac9e-fb6d4ee35652', NULL, 'Bekasi', '2018-06-28', 'active', '2026-06-11 11:37:25', '2026-06-11 11:37:25'),
	(64, '0183456764', '2403-015', 'Raihan Bin Faris', 'Laki-laki', 3, 'default_avatar.png', '1932e390-9b1e-4948-b742-dc77142f3383', NULL, 'Bogor', '2018-08-08', 'active', '2026-06-11 11:37:25', '2026-06-11 11:37:25'),
	(65, '0183456765', '2403-016', 'Sabrina Putri Azhar', 'Perempuan', 3, 'default_avatar.png', '589ea507-7c25-4444-ac00-78142a583ce5', NULL, 'Jakarta', '2018-10-19', 'active', '2026-06-11 11:37:25', '2026-06-11 11:37:25'),
	(66, '0183456766', '2403-017', 'Taufiq Hidayatullah', 'Laki-laki', 3, 'default_avatar.png', 'a6fc4d02-e104-43c1-bb4d-c53286d487a5', NULL, 'Depok', '2018-12-30', 'active', '2026-06-11 11:37:25', '2026-06-11 11:37:25'),
	(67, '0183456767', '2403-018', 'Ulfa Mardiyah', 'Perempuan', 3, 'default_avatar.png', 'f574f3ec-fcb0-46da-bf97-29b07a7e3e18', NULL, 'Tangerang', '2018-02-10', 'active', '2026-06-11 11:37:25', '2026-06-11 11:37:25'),
	(68, '0183456768', '2403-019', 'Valdi Bin Hasan', 'Laki-laki', 3, 'default_avatar.png', '1f55c7c6-f70a-4f5c-870e-b5284af467a8', NULL, 'Jakarta', '2018-04-21', 'active', '2026-06-11 11:37:25', '2026-06-11 11:37:25'),
	(69, '0183456769', '2403-020', 'Widad Nur Rahmah', 'Perempuan', 3, 'default_avatar.png', 'efe7c6d4-0dff-4643-b3a0-882fc1282671', NULL, 'Bekasi', '2018-07-02', 'active', '2026-06-11 11:37:25', '2026-06-11 11:37:25'),
	(70, '0183456770', '2403-021', 'Yazid Bin Muawiyah', 'Laki-laki', 3, 'default_avatar.png', '5ee8dcda-1a44-4e59-af88-89a167db4c1d', NULL, 'Bogor', '2018-09-13', 'active', '2026-06-11 11:37:25', '2026-06-11 11:37:25'),
	(71, '0183456771', '2403-022', 'Zahra Binti Ahmad', 'Perempuan', 3, 'default_avatar.png', '8ead1071-8777-434b-9587-537cefd073a0', NULL, 'Jakarta', '2018-11-24', 'active', '2026-06-11 11:37:25', '2026-06-11 11:37:25'),
	(72, '0183456772', '2403-023', 'Azzam Fauzan Nabil', 'Laki-laki', 3, 'default_avatar.png', 'f6fc1dcf-7c9b-483f-9a6a-4efdb520102b', NULL, 'Depok', '2018-02-04', 'active', '2026-06-11 11:37:25', '2026-06-11 11:37:25'),
	(73, '0173456801', '2301-001', 'Ahmad Syauqi Amin', 'Laki-laki', 4, 'default_avatar.png', '43ab1c3c-c88f-4c94-bb0e-85ab70f49ccb', NULL, 'Jakarta', '2017-01-15', 'active', '2026-06-11 11:37:25', '2026-06-11 11:37:25'),
	(74, '0173456802', '2301-002', 'Alya Khoirun Nisa', 'Perempuan', 4, 'default_avatar.png', 'bacf9eef-c537-4fe3-8f43-089a23da18d5', NULL, 'Bogor', '2017-03-26', 'active', '2026-06-11 11:37:25', '2026-06-11 11:37:25'),
	(75, '0173456803', '2301-003', 'Burhan Bin Daud', 'Laki-laki', 4, 'default_avatar.png', 'a40fa70e-40c4-40a9-af7e-0b766587c818', NULL, 'Depok', '2017-06-07', 'active', '2026-06-11 11:37:25', '2026-06-11 11:37:25'),
	(76, '0173456804', '2301-004', 'Dalilah Putri Hanum', 'Perempuan', 4, 'default_avatar.png', '1c799607-0830-420c-9200-0763d973a856', NULL, 'Tangerang', '2017-08-18', 'active', '2026-06-11 11:37:25', '2026-06-11 11:37:25'),
	(77, '0173456805', '2301-005', 'Fadlan Akbar Putra', 'Laki-laki', 4, 'default_avatar.png', 'a71a7ccf-2b7b-4b19-b169-c2cdf6c36723', NULL, 'Bekasi', '2017-10-29', 'active', '2026-06-11 11:37:25', '2026-06-11 11:37:25'),
	(78, '0173456806', '2301-006', 'Habibah Nur Aisyah', 'Perempuan', 4, 'default_avatar.png', '869ae518-e8e5-4e0a-9340-fdd994bc5431', NULL, 'Jakarta', '2017-01-09', 'active', '2026-06-11 11:37:25', '2026-06-11 11:37:25'),
	(79, '0173456807', '2301-007', 'Izzatul Islam', 'Laki-laki', 4, 'default_avatar.png', 'cef921f3-3912-4788-b5d4-07bd2fe59fbd', NULL, 'Bogor', '2017-03-20', 'active', '2026-06-11 11:37:25', '2026-06-11 11:37:25'),
	(80, '0173456808', '2301-008', 'Jauharah Binti Ali', 'Perempuan', 4, 'default_avatar.png', '320a20f5-a6be-470c-9f82-58574171562d', NULL, 'Depok', '2017-06-01', 'active', '2026-06-11 11:37:25', '2026-06-11 11:37:25'),
	(81, '0173456809', '2301-009', 'Kareem Bin Yusuf', 'Laki-laki', 4, 'default_avatar.png', '4dbc2577-3dcb-442b-a519-6416a99be6a2', NULL, 'Tangerang', '2017-08-12', 'active', '2026-06-11 11:37:25', '2026-06-11 11:37:25'),
	(82, '0173456810', '2301-010', 'Latifah Binti Umar', 'Perempuan', 4, 'default_avatar.png', 'd620cfa8-8f98-4e45-ba90-604c9b2ae78a', NULL, 'Bekasi', '2017-10-23', 'active', '2026-06-11 11:37:25', '2026-06-11 11:37:25'),
	(83, '0173456811', '2301-011', 'Muzakkir Bin Said', 'Laki-laki', 4, 'default_avatar.png', '8d4f7b60-3999-435d-ba4f-93fd89d91697', NULL, 'Jakarta', '2017-12-04', 'active', '2026-06-11 11:37:25', '2026-06-11 11:37:25'),
	(84, '0173456812', '2301-012', 'Nabighah Siti Hawa', 'Perempuan', 4, 'default_avatar.png', '048093b2-7fb0-48a8-9cd8-b98935efd266', NULL, 'Bogor', '2017-02-13', 'active', '2026-06-11 11:37:25', '2026-06-11 11:37:25'),
	(85, '0173456813', '2301-013', 'Nizar Bin Qohar', 'Laki-laki', 4, 'default_avatar.png', '09264912-56f1-4137-8a32-24467080f80d', NULL, 'Depok', '2017-04-24', 'active', '2026-06-11 11:37:25', '2026-06-11 11:37:25'),
	(86, '0173456814', '2301-014', 'Raudhah Binti Amin', 'Perempuan', 4, 'default_avatar.png', 'd20d97a0-6066-4f11-9f69-fd5a76645c60', NULL, 'Tangerang', '2017-07-05', 'active', '2026-06-11 11:37:25', '2026-06-11 11:37:25'),
	(87, '0173456815', '2301-015', 'Salim Bin Maimun', 'Laki-laki', 4, 'default_avatar.png', 'bf2ec18f-a52d-43af-9a71-7b814dda5e4c', NULL, 'Bekasi', '2017-09-16', 'active', '2026-06-11 11:37:25', '2026-06-11 11:37:25'),
	(88, '0173456816', '2301-016', 'Salmah Putri Indah', 'Perempuan', 4, 'default_avatar.png', '66b6ed9b-4dcf-4fc3-a072-205e152da18f', NULL, 'Jakarta', '2017-11-27', 'active', '2026-06-11 11:37:25', '2026-06-11 11:37:25'),
	(89, '0173456817', '2301-017', 'Thariq Bin Ziyad', 'Laki-laki', 4, 'default_avatar.png', 'c9c109c0-89fb-4b11-9fc5-bc95f7c8f2e7', NULL, 'Bogor', '2017-02-07', 'active', '2026-06-11 11:37:25', '2026-06-11 11:37:25'),
	(90, '0173456818', '2301-018', 'Ulfah Binti Hasan', 'Perempuan', 4, 'default_avatar.png', 'b615f053-cd2f-41c2-bcfa-fda2e8c9c4e3', NULL, 'Depok', '2017-04-18', 'active', '2026-06-11 11:37:25', '2026-06-11 11:37:25'),
	(91, '0173456819', '2301-019', 'Uwais Al-Qarni', 'Laki-laki', 4, 'default_avatar.png', '1211f774-b6ca-46f5-8572-b91ee91395b8', NULL, 'Tangerang', '2017-06-29', 'active', '2026-06-11 11:37:25', '2026-06-11 11:37:25'),
	(92, '0173456820', '2301-020', 'Wasilah Nur Amani', 'Perempuan', 4, 'default_avatar.png', '3f7149aa-d1c5-4e3e-be5e-ca7d58768165', NULL, 'Bekasi', '2017-09-09', 'active', '2026-06-11 11:37:25', '2026-06-11 11:37:25'),
	(93, '0173456821', '2301-021', 'Yazid Harun Putra', 'Laki-laki', 4, 'default_avatar.png', 'caadebed-9ed1-4e34-82a7-d556c207f780', NULL, 'Jakarta', '2017-11-20', 'active', '2026-06-11 11:37:25', '2026-06-11 11:37:25'),
	(94, '0173456822', '2301-022', 'Zainab Binti Jahsy', 'Perempuan', 4, 'default_avatar.png', '77ddba97-1250-4a85-9fc0-49aa0118f416', NULL, 'Bogor', '2017-01-31', 'active', '2026-06-11 11:37:25', '2026-06-11 11:37:25'),
	(95, '0173456823', '2301-023', 'Afif Bin Hisyam', 'Laki-laki', 4, 'default_avatar.png', '50304600-344b-45fa-a1b1-a99620317cce', NULL, 'Depok', '2017-04-11', 'active', '2026-06-11 11:37:25', '2026-06-11 11:37:25'),
	(96, '0173456824', '2301-024', 'Amirah Binti Walid', 'Perempuan', 4, 'default_avatar.png', '5eebc6cd-e706-480e-afa9-8ac9de8c6e42', NULL, 'Tangerang', '2017-07-22', 'active', '2026-06-11 11:37:25', '2026-06-11 11:37:25'),
	(97, '0173456825', '2301-025', 'Basyar Bin Naufal', 'Laki-laki', 4, 'default_avatar.png', '2b6c94a2-90ce-447f-b7f0-2f9ff13b8a42', NULL, 'Bekasi', '2017-10-02', 'active', '2026-06-11 11:37:25', '2026-06-11 11:37:25'),
	(98, '0173456826', '2302-001', 'Abdullah Bin Rawahah', 'Laki-laki', 5, 'default_avatar.png', '82af55a7-b64a-4356-8adf-65f5fc482a2a', NULL, 'Jakarta', '2017-01-05', 'active', '2026-06-11 11:37:25', '2026-06-11 11:37:25'),
	(99, '0173456827', '2302-002', 'Afifah Binti Tsabit', 'Perempuan', 5, 'default_avatar.png', '9576373d-cbbc-4134-b010-cd0ea7b8a088', NULL, 'Bogor', '2017-03-16', 'active', '2026-06-11 11:37:25', '2026-06-11 11:37:25'),
	(100, '0173456828', '2302-003', 'Bashir Bin Aqil', 'Laki-laki', 5, 'default_avatar.png', '1aa049f9-23ac-4731-bfc9-d8d577ad6ad7', NULL, 'Bekasi', '2017-05-27', 'active', '2026-06-11 11:37:26', '2026-06-11 11:37:26'),
	(101, '0173456829', '2302-004', 'Dzikriyah Nur Sifa', 'Perempuan', 5, 'default_avatar.png', '5e4af1f7-9d14-467d-840a-45c2d61e7d82', NULL, 'Depok', '2017-08-07', 'active', '2026-06-11 11:37:26', '2026-06-11 11:37:26'),
	(102, '0173456830', '2302-005', 'Fuad Bin Hudzaifah', 'Laki-laki', 5, 'default_avatar.png', 'a9bd4ce0-fbbd-4ced-93b5-9e0f4dc570dd', NULL, 'Tangerang', '2017-10-18', 'active', '2026-06-11 11:37:26', '2026-06-11 11:37:26'),
	(103, '0173456831', '2302-006', 'Ghaidah Putri Sari', 'Perempuan', 5, 'default_avatar.png', 'cbb066cb-eff6-4ba8-afe1-912df0a58c42', NULL, 'Jakarta', '2017-12-29', 'active', '2026-06-11 11:37:26', '2026-06-11 11:37:26'),
	(104, '0173456832', '2302-007', 'Haidar Ali Putra', 'Laki-laki', 5, 'default_avatar.png', 'b54ef8b5-9a05-412a-8443-d2e1dad85f29', NULL, 'Bogor', '2017-03-09', 'active', '2026-06-11 11:37:26', '2026-06-11 11:37:26'),
	(105, '0173456833', '2302-008', 'Insyirah Binti Kamal', 'Perempuan', 5, 'default_avatar.png', '454a77d2-cb47-41b1-a976-7c1222915ec0', NULL, 'Bekasi', '2017-05-20', 'active', '2026-06-11 11:37:26', '2026-06-11 11:37:26'),
	(106, '0173456834', '2302-009', 'Ja\'far Bin Musa', 'Laki-laki', 5, 'default_avatar.png', '9d4250f8-d2e1-47ae-8b0b-3447fd9dcc73', NULL, 'Depok', '2017-07-31', 'active', '2026-06-11 11:37:26', '2026-06-11 11:37:26'),
	(107, '0173456835', '2302-010', 'Kamilah Putri Hani', 'Perempuan', 5, 'default_avatar.png', '9ea00031-aa36-4298-b8a3-e7d84cc74cd0', NULL, 'Tangerang', '2017-10-11', 'active', '2026-06-11 11:37:26', '2026-06-11 11:37:26'),
	(108, '0173456836', '2302-011', 'Lathif Bin Qasim', 'Laki-laki', 5, 'default_avatar.png', 'b43cf500-b141-4ac8-871a-fd07104f7bbb', NULL, 'Jakarta', '2017-12-22', 'active', '2026-06-11 11:37:26', '2026-06-11 11:37:26'),
	(109, '0173456837', '2302-012', 'Madinah Nur Fajri', 'Perempuan', 5, 'default_avatar.png', '8572ee5c-34ee-46ea-87fb-509a41231e61', NULL, 'Bogor', '2017-02-02', 'active', '2026-06-11 11:37:26', '2026-06-11 11:37:26'),
	(110, '0173456838', '2302-013', 'Nadim Bin Shalih', 'Laki-laki', 5, 'default_avatar.png', '2ab38a5d-e47d-487e-9297-171930f114f4', NULL, 'Bekasi', '2017-04-13', 'active', '2026-06-11 11:37:26', '2026-06-11 11:37:26'),
	(111, '0173456839', '2302-014', 'Nailah Binti Faruq', 'Perempuan', 5, 'default_avatar.png', '5460c202-ddd4-47c5-ab10-f2e841b70da0', NULL, 'Depok', '2017-06-24', 'active', '2026-06-11 11:37:26', '2026-06-11 11:37:26'),
	(112, '0173456840', '2302-015', 'Qodir Bin Harun', 'Laki-laki', 5, 'default_avatar.png', '90efbc7e-82a7-4b12-8cc8-663f90dfa7b8', NULL, 'Tangerang', '2017-09-04', 'active', '2026-06-11 11:37:26', '2026-06-11 11:37:26'),
	(113, '0173456841', '2302-016', 'Raihana Binti Syafiq', 'Perempuan', 5, 'default_avatar.png', '6616960e-3713-453c-a9ab-b9288c884888', NULL, 'Jakarta', '2017-11-15', 'active', '2026-06-11 11:37:26', '2026-06-11 11:37:26'),
	(114, '0173456842', '2302-017', 'Shafiq Bin Marwan', 'Laki-laki', 5, 'default_avatar.png', 'f3de676f-f1fa-4e3c-b311-e4c0704032a1', NULL, 'Bogor', '2017-01-25', 'active', '2026-06-11 11:37:26', '2026-06-11 11:37:26'),
	(115, '0173456843', '2302-018', 'Thurayya Putri Aini', 'Perempuan', 5, 'default_avatar.png', '63c35791-0690-4291-8252-63e11bfbd53a', NULL, 'Bekasi', '2017-04-05', 'active', '2026-06-11 11:37:26', '2026-06-11 11:37:26'),
	(116, '0173456844', '2302-019', 'Uqbah Bin Amir', 'Laki-laki', 5, 'default_avatar.png', '18a727b6-e3f6-437f-985e-eb4ee6989edc', NULL, 'Depok', '2017-06-16', 'active', '2026-06-11 11:37:26', '2026-06-11 11:37:26'),
	(117, '0173456845', '2302-020', 'Wafiyah Nur Izza', 'Perempuan', 5, 'default_avatar.png', 'dfce64e1-54aa-4027-8229-83fb44bbd367', NULL, 'Tangerang', '2017-08-27', 'active', '2026-06-11 11:37:26', '2026-06-11 11:37:26'),
	(118, '0173456846', '2302-021', 'Zafar Bin Harith', 'Laki-laki', 5, 'default_avatar.png', 'b2d2549e-bd3c-47f5-ba57-fc6128729f1b', NULL, 'Jakarta', '2017-11-07', 'active', '2026-06-11 11:37:26', '2026-06-11 11:37:26'),
	(119, '0173456847', '2302-022', 'Zulaikha Putri Anis', 'Perempuan', 5, 'default_avatar.png', 'a2890005-21d0-448e-b9a9-5db6ceedcd4c', NULL, 'Bogor', '2017-01-17', 'active', '2026-06-11 11:37:26', '2026-06-11 11:37:26'),
	(120, '0173456848', '2302-023', 'Arif Bin Maimun', 'Laki-laki', 5, 'default_avatar.png', '0737ff3f-59d6-4f25-9dec-f8c5f40dc212', NULL, 'Bekasi', '2017-03-28', 'active', '2026-06-11 11:37:26', '2026-06-11 11:37:26'),
	(121, '0173456849', '2302-024', 'Azizah Nur Hidayah', 'Perempuan', 5, 'default_avatar.png', '45331966-6ee8-44a9-8d66-06dfeb5e46b8', NULL, 'Depok', '2017-06-08', 'active', '2026-06-11 11:37:26', '2026-06-11 11:37:26'),
	(122, '0173456850', '2303-001', 'Ahnaf Bin Qays', 'Laki-laki', 6, 'default_avatar.png', '101604ca-efd4-40e3-a49a-1f83cef2b392', NULL, 'Jakarta', '2017-02-11', 'active', '2026-06-11 11:37:26', '2026-06-11 11:37:26'),
	(123, '0173456851', '2303-002', 'Aminah Binti Wahab', 'Perempuan', 6, 'default_avatar.png', 'c4b77d86-095e-45b6-83c1-6b43d3b80f8c', NULL, 'Bogor', '2017-04-22', 'active', '2026-06-11 11:37:26', '2026-06-11 11:37:26'),
	(124, '0173456852', '2303-003', 'Bilal Bin Rabah', 'Laki-laki', 6, 'default_avatar.png', 'ebe5a6b1-37a6-469a-b103-130a77437129', NULL, 'Tangerang', '2017-07-03', 'active', '2026-06-11 11:37:26', '2026-06-11 11:37:26'),
	(125, '0173456853', '2303-004', 'Dhiya Nur Kamila', 'Perempuan', 6, 'default_avatar.png', '158bb33d-f6a8-4488-9bea-a1fab1a11a80', NULL, 'Bekasi', '2017-09-14', 'active', '2026-06-11 11:37:26', '2026-06-11 11:37:26'),
	(126, '0173456854', '2303-005', 'Fadhil Bin Umar', 'Laki-laki', 6, 'default_avatar.png', '70114ecb-bce2-4d8a-965b-9e2113b858e2', NULL, 'Depok', '2017-11-25', 'active', '2026-06-11 11:37:26', '2026-06-11 11:37:26'),
	(127, '0173456855', '2303-006', 'Halimah Putri Sari', 'Perempuan', 6, 'default_avatar.png', 'd4240c29-deb4-4281-8117-9555657a1d2a', NULL, 'Jakarta', '2017-01-05', 'active', '2026-06-11 11:37:26', '2026-06-11 11:37:26'),
	(128, '0173456856', '2303-007', 'Ikhwan Bin Mujahid', 'Laki-laki', 6, 'default_avatar.png', '405abb6c-7709-44e6-af5f-309aeb34d2f2', NULL, 'Bogor', '2017-03-16', 'active', '2026-06-11 11:37:26', '2026-06-11 11:37:26'),
	(129, '0173456857', '2303-008', 'Jannah Binti Razak', 'Perempuan', 6, 'default_avatar.png', 'c56157e1-7185-4266-ad11-fd1e6309db3a', NULL, 'Tangerang', '2017-05-27', 'active', '2026-06-11 11:37:26', '2026-06-11 11:37:26'),
	(130, '0173456858', '2303-009', 'Khairullah Putra', 'Laki-laki', 6, 'default_avatar.png', 'fbef06c7-134a-407c-b950-51fd6ef58ba3', NULL, 'Bekasi', '2017-08-07', 'active', '2026-06-11 11:37:26', '2026-06-11 11:37:26'),
	(131, '0173456859', '2303-010', 'Lina Rohmatul Izza', 'Perempuan', 6, 'default_avatar.png', '9b66a2ba-cddf-43fc-a45c-caadc34b8b02', NULL, 'Depok', '2017-10-18', 'active', '2026-06-11 11:37:26', '2026-06-11 11:37:26'),
	(132, '0173456860', '2303-011', 'Miftah Bin Husen', 'Laki-laki', 6, 'default_avatar.png', '1f6e550b-7020-460b-8035-46bca2903077', NULL, 'Jakarta', '2017-12-29', 'active', '2026-06-11 11:37:26', '2026-06-11 11:37:26'),
	(133, '0173456861', '2303-012', 'Nahdah Binti Aqil', 'Perempuan', 6, 'default_avatar.png', '3eddab02-177d-4ba0-b592-a630cde4e40f', NULL, 'Bogor', '2017-02-08', 'active', '2026-06-11 11:37:26', '2026-06-11 11:37:26'),
	(134, '0173456862', '2303-013', 'Nashir Bin Khalid', 'Laki-laki', 6, 'default_avatar.png', 'f3f68da1-d9f2-4991-9305-6a92ae0e28c7', NULL, 'Tangerang', '2017-04-19', 'active', '2026-06-11 11:37:26', '2026-06-11 11:37:26'),
	(135, '0173456863', '2303-014', 'Rana Salsabila', 'Perempuan', 6, 'default_avatar.png', '13991e9a-985a-45c8-8cef-22c226f86537', NULL, 'Bekasi', '2017-07-01', 'active', '2026-06-11 11:37:26', '2026-06-11 11:37:26'),
	(136, '0173456864', '2303-015', 'Ridha Bin Hamid', 'Laki-laki', 6, 'default_avatar.png', 'eca63615-889c-4878-9552-2f3534e72039', NULL, 'Depok', '2017-09-11', 'active', '2026-06-11 11:37:26', '2026-06-11 11:37:26'),
	(137, '0173456865', '2303-016', 'Safiyah Binti Nabil', 'Perempuan', 6, 'default_avatar.png', 'c54d76b4-fa48-437e-b2a4-9055a82ddcd6', NULL, 'Jakarta', '2017-11-22', 'active', '2026-06-11 11:37:26', '2026-06-11 11:37:26'),
	(138, '0173456866', '2303-017', 'Tamim Bin Aus', 'Laki-laki', 6, 'default_avatar.png', '23c3ecf5-603c-4ec9-8ab4-80f8a9679893', NULL, 'Bogor', '2017-02-01', 'active', '2026-06-11 11:37:26', '2026-06-11 11:37:26'),
	(139, '0173456867', '2303-018', 'Umaimah Nur Azka', 'Perempuan', 6, 'default_avatar.png', '2f794be4-3f30-4db2-9c38-1c12f78f8142', NULL, 'Tangerang', '2017-04-12', 'active', '2026-06-11 11:37:26', '2026-06-11 11:37:26'),
	(140, '0173456868', '2303-019', 'Walid Bin Syammas', 'Laki-laki', 6, 'default_avatar.png', '88d77a7f-339c-443a-b49b-9f9fe166342f', NULL, 'Bekasi', '2017-06-23', 'active', '2026-06-11 11:37:26', '2026-06-11 11:37:26'),
	(141, '0173456869', '2303-020', 'Wardatun Nisa', 'Perempuan', 6, 'default_avatar.png', 'c61e49bc-b6bb-4b72-93ee-dcb1939cadbf', NULL, 'Depok', '2017-09-03', 'active', '2026-06-11 11:37:26', '2026-06-11 11:37:26'),
	(142, '0173456870', '2303-021', 'Yahya Bin Aktham', 'Laki-laki', 6, 'default_avatar.png', '7f7453bb-d6a5-4595-9140-6a3b91b5ac8b', NULL, 'Jakarta', '2017-11-14', 'active', '2026-06-11 11:37:26', '2026-06-11 11:37:26'),
	(143, '0173456871', '2303-022', 'Yasmin Raudhatul', 'Perempuan', 6, 'default_avatar.png', '9c282ad8-8947-4ce0-a2f8-fc445870a6a9', NULL, 'Bogor', '2017-01-24', 'active', '2026-06-11 11:37:26', '2026-06-11 11:37:26'),
	(144, '0173456872', '2303-023', 'Zaid Bin Arqam', 'Laki-laki', 6, 'default_avatar.png', 'af629567-d2cf-4050-99ac-a9102394f805', NULL, 'Tangerang', '2017-04-04', 'active', '2026-06-11 11:37:26', '2026-06-11 11:37:26'),
	(145, '0163456901', '2201-001', 'Abdillah Bin Amr', 'Laki-laki', 7, 'default_avatar.png', '01c9b6ef-6d65-4a4f-8e9e-f7cd5c066bc8', NULL, 'Jakarta', '2016-01-12', 'active', '2026-06-11 11:37:26', '2026-06-11 11:37:26'),
	(146, '0163456902', '2201-002', 'Afra Binti Awf', 'Perempuan', 7, 'default_avatar.png', 'ad0a5102-354f-400e-9e03-9e380ade90dc', NULL, 'Bogor', '2016-03-23', 'active', '2026-06-11 11:37:26', '2026-06-11 11:37:26'),
	(147, '0163456903', '2201-003', 'Bisyir Bin Maruf', 'Laki-laki', 7, 'default_avatar.png', '9fdf8b35-7f1b-4bb1-91b0-873870f4feaf', NULL, 'Bekasi', '2016-06-04', 'active', '2026-06-11 11:37:26', '2026-06-11 11:37:26'),
	(148, '0163456904', '2201-004', 'Dalilah Binti Zaid', 'Perempuan', 7, 'default_avatar.png', '637a10ea-ba3a-4cda-a1f1-b5748d9040c6', NULL, 'Depok', '2016-08-15', 'active', '2026-06-11 11:37:26', '2026-06-11 11:37:26'),
	(149, '0163456905', '2201-005', 'Firas Bin Nafi', 'Laki-laki', 7, 'default_avatar.png', 'f1a5bea2-dd19-4ac5-a8d5-970e9374c13d', NULL, 'Tangerang', '2016-10-26', 'active', '2026-06-11 11:37:26', '2026-06-11 11:37:26'),
	(150, '0163456906', '2201-006', 'Hana Binti Muadz', 'Perempuan', 7, 'default_avatar.png', '81802dd5-e2bc-4314-8035-e43035fdfcd0', NULL, 'Jakarta', '2016-01-06', 'active', '2026-06-11 11:37:26', '2026-06-11 11:37:26'),
	(151, '0163456907', '2201-007', 'Irsyad Bin Bilal', 'Laki-laki', 7, 'default_avatar.png', '3525bc12-cb3c-4106-b50f-24f7b64345ee', NULL, 'Bogor', '2016-03-17', 'active', '2026-06-11 11:37:26', '2026-06-11 11:37:26'),
	(152, '0163456908', '2201-008', 'Juwairiyah Putri', 'Perempuan', 7, 'default_avatar.png', '9d9a97f5-45ce-4fa9-b83f-a236cd65b86b', NULL, 'Bekasi', '2016-05-28', 'active', '2026-06-11 11:37:26', '2026-06-11 11:37:26'),
	(153, '0163456909', '2201-009', 'Karim Bin Tsabit', 'Laki-laki', 7, 'default_avatar.png', '9ef9cfe4-76f2-4da3-b52f-eeb6a7969610', NULL, 'Depok', '2016-08-08', 'active', '2026-06-11 11:37:26', '2026-06-11 11:37:26'),
	(154, '0163456910', '2201-010', 'Lubna Binti Hakam', 'Perempuan', 7, 'default_avatar.png', '568c270f-4fe9-41ad-8bf4-184d531873f9', NULL, 'Tangerang', '2016-10-19', 'active', '2026-06-11 11:37:26', '2026-06-11 11:37:26'),
	(155, '0163456911', '2201-011', 'Marwan Bin Hisyam', 'Laki-laki', 7, 'default_avatar.png', 'c134f7bd-3a1e-43ce-b91b-2c958d336c25', NULL, 'Jakarta', '2016-12-30', 'active', '2026-06-11 11:37:26', '2026-06-11 11:37:26'),
	(156, '0163456912', '2201-012', 'Munibah Putri Sari', 'Perempuan', 7, 'default_avatar.png', 'c0aadac9-ba43-4115-9334-c837459329c6', NULL, 'Bogor', '2016-02-09', 'active', '2026-06-11 11:37:26', '2026-06-11 11:37:26'),
	(157, '0163456913', '2201-013', 'Nufail Bin Harits', 'Laki-laki', 7, 'default_avatar.png', 'd95b6ebb-9be1-4960-8a04-fc7eed4a1854', NULL, 'Bekasi', '2016-04-20', 'active', '2026-06-11 11:37:26', '2026-06-11 11:37:26'),
	(158, '0163456914', '2201-014', 'Nuha Binti Waqid', 'Perempuan', 7, 'default_avatar.png', '38346712-d4fc-4019-be0e-1f9cbe9d7845', NULL, 'Depok', '2016-07-01', 'active', '2026-06-11 11:37:26', '2026-06-11 11:37:26'),
	(159, '0163456915', '2201-015', 'Qudamah Bin Mazun', 'Laki-laki', 7, 'default_avatar.png', 'a9aa6676-ad86-491d-a44d-d4a96dd568db', NULL, 'Tangerang', '2016-09-12', 'active', '2026-06-11 11:37:26', '2026-06-11 11:37:26'),
	(160, '0163456916', '2201-016', 'Rubayyi Binti Muawwidz', 'Perempuan', 7, 'default_avatar.png', '97a81b1a-7ab5-4328-93b8-69b1c3dabaf4', NULL, 'Jakarta', '2016-11-23', 'active', '2026-06-11 11:37:26', '2026-06-11 11:37:26'),
	(161, '0163456917', '2201-017', 'Suhail Bin Amr', 'Laki-laki', 7, 'default_avatar.png', 'bd217a5f-1066-4550-9921-fd167cb63f0c', NULL, 'Bogor', '2016-02-02', 'active', '2026-06-11 11:37:26', '2026-06-11 11:37:26'),
	(162, '0163456918', '2201-018', 'Sukaynah Putri', 'Perempuan', 7, 'default_avatar.png', '44b1c67d-fc97-455b-8790-29c6b729a319', NULL, 'Bekasi', '2016-04-13', 'active', '2026-06-11 11:37:26', '2026-06-11 11:37:26'),
	(163, '0163456919', '2201-019', 'Thalhah Bin Barra', 'Laki-laki', 7, 'default_avatar.png', 'c2138fbf-ef56-4fb2-8829-915101bc2ad5', NULL, 'Depok', '2016-06-24', 'active', '2026-06-11 11:37:26', '2026-06-11 11:37:26'),
	(164, '0163456920', '2201-020', 'Ummu Kultsum', 'Perempuan', 7, 'default_avatar.png', '216fee29-ec90-44cf-9593-cf9b23feccba', NULL, 'Tangerang', '2016-09-04', 'active', '2026-06-11 11:37:26', '2026-06-11 11:37:26'),
	(165, '0163456921', '2201-021', 'Wail Bin Hujr', 'Laki-laki', 7, 'default_avatar.png', '25032e55-0e15-4c9b-a88f-5151a123adff', NULL, 'Jakarta', '2016-11-15', 'active', '2026-06-11 11:37:26', '2026-06-11 11:37:26'),
	(166, '0163456922', '2201-022', 'Wahidah Nur Iman', 'Perempuan', 7, 'default_avatar.png', '196f4af1-6921-4f11-8bb5-bd74fbd2323e', NULL, 'Bogor', '2016-01-25', 'active', '2026-06-11 11:37:26', '2026-06-11 11:37:26'),
	(167, '0163456923', '2201-023', 'Yazid Bin Mufarrij', 'Laki-laki', 7, 'default_avatar.png', '2577f3ba-8ca0-4a8a-b3ed-e15289ffe762', NULL, 'Bekasi', '2016-04-05', 'active', '2026-06-11 11:37:26', '2026-06-11 11:37:26'),
	(168, '0163456924', '2201-024', 'Zainab Binti Khuzaymah', 'Perempuan', 7, 'default_avatar.png', '8972566f-6e12-453c-ab5f-78bba36c1d78', NULL, 'Depok', '2016-06-16', 'active', '2026-06-11 11:37:26', '2026-06-11 11:37:26'),
	(169, '0163456925', '2201-025', 'Ziyadah Putri Aini', 'Perempuan', 7, 'default_avatar.png', 'c9d7ea5b-ffe1-4b3b-b0c8-9884e0e848d1', NULL, 'Tangerang', '2016-08-27', 'active', '2026-06-11 11:37:26', '2026-06-11 11:37:26'),
	(170, '0163456926', '2202-001', 'Anas Bin Nadhr', 'Laki-laki', 8, 'default_avatar.png', '3331712b-131e-4b27-ad1a-9751f588ee98', NULL, 'Jakarta', '2016-01-08', 'active', '2026-06-11 11:37:26', '2026-06-11 11:37:26'),
	(171, '0163456927', '2202-002', 'Arwa Binti Rabiah', 'Perempuan', 8, 'default_avatar.png', '3df2cbd9-d733-4f21-a062-1b10a6ba2f8d', NULL, 'Bogor', '2016-03-19', 'active', '2026-06-11 11:37:26', '2026-06-11 11:37:26'),
	(172, '0163456928', '2202-003', 'Bakr Bin Abdillah', 'Laki-laki', 8, 'default_avatar.png', 'ee2b2eb2-f71b-4db9-b260-683b27e77b07', NULL, 'Tangerang', '2016-05-30', 'active', '2026-06-11 11:37:26', '2026-06-11 11:37:26'),
	(173, '0163456929', '2202-004', 'Duha Putri Cahaya', 'Perempuan', 8, 'default_avatar.png', 'cd54bb18-99f7-4700-a12f-3c9f117dc1aa', NULL, 'Bekasi', '2016-08-10', 'active', '2026-06-11 11:37:26', '2026-06-11 11:37:26'),
	(174, '0163456930', '2202-005', 'Fadhl Bin Qudamah', 'Laki-laki', 8, 'default_avatar.png', 'b857ee2b-ef7e-4527-8748-7e5a3708ccbb', NULL, 'Depok', '2016-10-21', 'active', '2026-06-11 11:37:26', '2026-06-11 11:37:26'),
	(175, '0163456931', '2202-006', 'Ghufran Nur Ilahi', 'Laki-laki', 8, 'default_avatar.png', '9eccee87-99e0-4fba-83ec-306ab113a3f4', NULL, 'Jakarta', '2016-12-01', 'active', '2026-06-11 11:37:26', '2026-06-11 11:37:26'),
	(176, '0163456932', '2202-007', 'Hajar Binti Humayd', 'Perempuan', 8, 'default_avatar.png', '3d1ce31f-ee43-4b8a-ad50-f3363d99eae7', NULL, 'Bogor', '2016-02-10', 'active', '2026-06-11 11:37:26', '2026-06-11 11:37:26'),
	(177, '0163456933', '2202-008', 'Ikrimah Bin Ammar', 'Laki-laki', 8, 'default_avatar.png', 'af6afb8a-fdb4-49cf-9442-0e4855dd05bd', NULL, 'Tangerang', '2016-04-21', 'active', '2026-06-11 11:37:26', '2026-06-11 11:37:26'),
	(178, '0163456934', '2202-009', 'Jumana Binti Aqil', 'Perempuan', 8, 'default_avatar.png', 'a577a306-2795-4deb-b100-05e9c11bcfc9', NULL, 'Bekasi', '2016-07-02', 'active', '2026-06-11 11:37:26', '2026-06-11 11:37:26'),
	(179, '0163456935', '2202-010', 'Labid Bin Rabi', 'Laki-laki', 8, 'default_avatar.png', 'a941545f-b239-4a98-9aee-76cef4665011', NULL, 'Depok', '2016-09-13', 'active', '2026-06-11 11:37:26', '2026-06-11 11:37:26'),
	(180, '0163456936', '2202-011', 'Maisun Putri Nadia', 'Perempuan', 8, 'default_avatar.png', '9f093c37-c142-4f4d-9e2f-a591149488cb', NULL, 'Jakarta', '2016-11-24', 'active', '2026-06-11 11:37:26', '2026-06-11 11:37:26'),
	(181, '0163456937', '2202-012', 'Musab Bin Umayr', 'Laki-laki', 8, 'default_avatar.png', '3bbd17d1-d848-464e-8082-e1d632a61cf3', NULL, 'Bogor', '2016-02-03', 'active', '2026-06-11 11:37:26', '2026-06-11 11:37:26'),
	(182, '0163456938', '2202-013', 'Nawfal Bin Khuwaylid', 'Laki-laki', 8, 'default_avatar.png', 'd8da9f05-e754-4b2e-b972-38233e98471a', NULL, 'Tangerang', '2016-04-14', 'active', '2026-06-11 11:37:26', '2026-06-11 11:37:26'),
	(183, '0163456939', '2202-014', 'Nusaybah Binti Kaab', 'Perempuan', 8, 'default_avatar.png', '1aaf17ae-5ade-4f5b-8940-4d76aa5bf4de', NULL, 'Bekasi', '2016-06-25', 'active', '2026-06-11 11:37:26', '2026-06-11 11:37:26'),
	(184, '0163456940', '2202-015', 'Qays Bin Shammas', 'Laki-laki', 8, 'default_avatar.png', 'f22f58dd-7e53-4452-acba-0095280a9b6c', NULL, 'Depok', '2016-09-05', 'active', '2026-06-11 11:37:26', '2026-06-11 11:37:26'),
	(185, '0163456941', '2202-016', 'Rumaylah Putri', 'Perempuan', 8, 'default_avatar.png', '46174f57-81cc-4882-942e-7d6baf43806c', NULL, 'Jakarta', '2016-11-16', 'active', '2026-06-11 11:37:26', '2026-06-11 11:37:26'),
	(186, '0163456942', '2202-017', 'Saddad Bin Aws', 'Laki-laki', 8, 'default_avatar.png', '5d8a7507-4c34-4540-9415-8e844ba161ef', NULL, 'Bogor', '2016-01-26', 'active', '2026-06-11 11:37:26', '2026-06-11 11:37:26'),
	(187, '0163456943', '2202-018', 'Shafwah Binti Uqbah', 'Perempuan', 8, 'default_avatar.png', '855e0f66-a7c4-41b1-aab2-87eaeae1786e', NULL, 'Tangerang', '2016-04-06', 'active', '2026-06-11 11:37:26', '2026-06-11 11:37:26'),
	(188, '0163456944', '2202-019', 'Tariq Bin Abdullah', 'Laki-laki', 8, 'default_avatar.png', '3b0152fe-7963-4f4c-8ce0-7f37946b848e', NULL, 'Bekasi', '2016-06-17', 'active', '2026-06-11 11:37:26', '2026-06-11 11:37:26'),
	(189, '0163456945', '2202-020', 'Umaymah Putri Sari', 'Perempuan', 8, 'default_avatar.png', 'edf6c418-01d1-47f4-b1ef-8d5b0def2d62', NULL, 'Depok', '2016-08-28', 'active', '2026-06-11 11:37:26', '2026-06-11 11:37:26'),
	(190, '0163456946', '2202-021', 'Wathilah Bin Asqa', 'Laki-laki', 8, 'default_avatar.png', 'e0dd98c6-b7ec-42f7-a812-4b85a7346aeb', NULL, 'Jakarta', '2016-11-08', 'active', '2026-06-11 11:37:26', '2026-06-11 11:37:26'),
	(191, '0163456947', '2202-022', 'Widadun Nisa Putri', 'Perempuan', 8, 'default_avatar.png', '017fbee7-7994-41a4-9bbd-87a664673ba6', NULL, 'Bogor', '2016-01-18', 'active', '2026-06-11 11:37:26', '2026-06-11 11:37:26'),
	(192, '0163456948', '2202-023', 'Zakariya Bin Yahya', 'Laki-laki', 8, 'default_avatar.png', '02b28fac-e591-4477-a2d0-9752464fb25b', NULL, 'Tangerang', '2016-03-29', 'active', '2026-06-11 11:37:26', '2026-06-11 11:37:26'),
	(193, '0163456949', '2202-024', 'Zulfa Binti Tsabit', 'Perempuan', 8, 'default_avatar.png', '69b00df9-5550-40a7-90a3-55be2d9afae6', NULL, 'Bekasi', '2016-06-09', 'active', '2026-06-11 11:37:26', '2026-06-11 11:37:26'),
	(194, '0163456950', '2203-001', 'Adiy Bin Hatim', 'Laki-laki', 9, 'default_avatar.png', 'f4cedf7d-fdef-4d05-94fc-0804687f3f6f', NULL, 'Jakarta', '2016-02-14', 'active', '2026-06-11 11:37:26', '2026-06-11 11:37:26'),
	(195, '0163456951', '2203-002', 'Aminah Binti Khalaf', 'Perempuan', 9, 'default_avatar.png', '7ad0e8c3-9211-45f0-bd31-8d317702466b', NULL, 'Bogor', '2016-04-25', 'active', '2026-06-11 11:37:26', '2026-06-11 11:37:26'),
	(196, '0163456952', '2203-003', 'Bashir Bin Khabbab', 'Laki-laki', 9, 'default_avatar.png', 'd1d67cdf-39e6-411d-b354-0ba3f654afe8', NULL, 'Bekasi', '2016-07-06', 'active', '2026-06-11 11:37:26', '2026-06-11 11:37:26'),
	(197, '0163456953', '2203-004', 'Dina Khoirunnisa', 'Perempuan', 9, 'default_avatar.png', 'c2b728ef-0fa1-4bd0-8844-8b115bd537ba', NULL, 'Depok', '2016-09-17', 'active', '2026-06-11 11:37:26', '2026-06-11 11:37:26'),
	(198, '0163456954', '2203-005', 'Farwah Bin Umayr', 'Laki-laki', 9, 'default_avatar.png', 'aae751df-f874-4ad4-a3ed-9adb9fd5e24e', NULL, 'Tangerang', '2016-11-28', 'active', '2026-06-11 11:37:26', '2026-06-11 11:37:26'),
	(199, '0163456955', '2203-006', 'Hafshah Binti Sirin', 'Perempuan', 9, 'default_avatar.png', 'aab080b4-447e-4c15-857b-52228665c03a', NULL, 'Jakarta', '2016-02-07', 'active', '2026-06-11 11:37:26', '2026-06-11 11:37:26'),
	(200, '0163456956', '2203-007', 'Ishaq Bin Ibrahim', 'Laki-laki', 9, 'default_avatar.png', '403ddfc4-2295-4425-82e7-8549b2db31e4', NULL, 'Bogor', '2016-04-18', 'active', '2026-06-11 11:37:26', '2026-06-11 11:37:26'),
	(201, '0163456957', '2203-008', 'Juhaynah Putri Sari', 'Perempuan', 9, 'default_avatar.png', 'e4754f91-47e2-4275-8cb0-3585c01e7fd8', NULL, 'Tangerang', '2016-06-29', 'active', '2026-06-11 11:37:26', '2026-06-11 11:37:26'),
	(202, '0163456958', '2203-009', 'Khidr Bin Maysarah', 'Laki-laki', 9, 'default_avatar.png', 'ba80adcb-4078-4572-84c8-0a05013d4694', NULL, 'Bekasi', '2016-09-09', 'active', '2026-06-11 11:37:26', '2026-06-11 11:37:26'),
	(203, '0163456959', '2203-010', 'Lujain Binti Naufal', 'Perempuan', 9, 'default_avatar.png', '28e63d48-6861-42cc-809c-5cca4929e5ce', NULL, 'Depok', '2016-11-20', 'active', '2026-06-11 11:37:26', '2026-06-11 11:37:26'),
	(204, '0163456960', '2203-011', 'Muhannad Bin Rasyid', 'Laki-laki', 9, 'default_avatar.png', '0d0ff4d7-3a49-4c29-9501-a699793ef5e0', NULL, 'Jakarta', '2016-01-31', 'active', '2026-06-11 11:37:26', '2026-06-11 11:37:26'),
	(205, '0163456961', '2203-012', 'Nailah Binti Sulaim', 'Perempuan', 9, 'default_avatar.png', 'd3616d1f-3572-4c2a-9ce9-becae4395a3c', NULL, 'Bogor', '2016-04-11', 'active', '2026-06-11 11:37:26', '2026-06-11 11:37:26'),
	(206, '0163456962', '2203-013', 'Nimr Bin Tawbah', 'Laki-laki', 9, 'default_avatar.png', 'b429ad15-9d81-461f-aad1-3629557ef298', NULL, 'Tangerang', '2016-06-22', 'active', '2026-06-11 11:37:26', '2026-06-11 11:37:26'),
	(207, '0163456963', '2203-014', 'Nuha Binti Salamah', 'Perempuan', 9, 'default_avatar.png', '554b1e97-61d4-4d01-a665-a14e8f683710', NULL, 'Bekasi', '2016-09-02', 'active', '2026-06-11 11:37:26', '2026-06-11 11:37:26'),
	(208, '0163456964', '2203-015', 'Raafi Bin Khudayj', 'Laki-laki', 9, 'default_avatar.png', 'da9d7f6b-94be-468c-82e0-bf520f77a9a1', NULL, 'Depok', '2016-11-13', 'active', '2026-06-11 11:37:26', '2026-06-11 11:37:26'),
	(209, '0163456965', '2203-016', 'Ruqayyah Binti Harb', 'Perempuan', 9, 'default_avatar.png', '02ec71ce-3f24-418b-9736-4691cca5a9ca', NULL, 'Jakarta', '2016-01-23', 'active', '2026-06-11 11:37:26', '2026-06-11 11:37:26'),
	(210, '0163456966', '2203-017', 'Salman Bin Sufyan', 'Laki-laki', 9, 'default_avatar.png', '39dca675-c13d-4176-89f4-d8463da119d6', NULL, 'Bogor', '2016-04-03', 'active', '2026-06-11 11:37:26', '2026-06-11 11:37:26'),
	(211, '0163456967', '2203-018', 'Sulafah Putri Iman', 'Perempuan', 9, 'default_avatar.png', 'addf7e9f-ede0-48e9-9e9a-9ebb3bd740c4', NULL, 'Tangerang', '2016-06-14', 'active', '2026-06-11 11:37:26', '2026-06-11 11:37:26'),
	(212, '0163456968', '2203-019', 'Talhah Bin Khuwaylid', 'Laki-laki', 9, 'default_avatar.png', '3ad712a6-22a6-48f0-b294-83429efa724c', NULL, 'Bekasi', '2016-08-25', 'active', '2026-06-11 11:37:26', '2026-06-11 11:37:26'),
	(213, '0163456969', '2203-020', 'Ummu Ayman Putri', 'Perempuan', 9, 'default_avatar.png', '8e272882-9996-42f5-b280-22db8995144f', NULL, 'Depok', '2016-11-05', 'active', '2026-06-11 11:37:26', '2026-06-11 11:37:26'),
	(214, '0163456970', '2203-021', 'Utbah Bin Ghazwan', 'Laki-laki', 9, 'default_avatar.png', '95f13129-75ea-47c9-9c0c-67bf053f4a19', NULL, 'Jakarta', '2016-01-15', 'active', '2026-06-11 11:37:26', '2026-06-11 11:37:26'),
	(215, '0163456971', '2203-022', 'Zaynab Binti Jahsy', 'Perempuan', 9, 'default_avatar.png', '924e369a-f284-467d-86ab-7bdc57a026e5', NULL, 'Bogor', '2016-03-26', 'active', '2026-06-11 11:37:26', '2026-06-11 11:37:26'),
	(216, '0163456972', '2203-023', 'Zubaidah Putri Nur', 'Perempuan', 9, 'default_avatar.png', '5467deb1-600d-490f-ba38-37df316d8bbe', NULL, 'Bekasi', '2016-06-06', 'active', '2026-06-11 11:37:26', '2026-06-11 11:37:26'),
	(217, '0153457001', '2101-001', 'Abdullah Bin Jubayr', 'Laki-laki', 10, 'default_avatar.png', '4635f9b2-fb7b-4add-b1b7-589032698777', NULL, 'Jakarta', '2015-01-10', 'active', '2026-06-11 11:37:26', '2026-06-11 11:37:26'),
	(218, '0153457002', '2101-002', 'Asma Binti Yazid', 'Perempuan', 10, 'default_avatar.png', '0ab24e02-56bc-4551-b62f-8c59d02b1a60', NULL, 'Bogor', '2015-03-21', 'active', '2026-06-11 11:37:26', '2026-06-11 11:37:26'),
	(219, '0153457003', '2101-003', 'Bara Bin Malik', 'Laki-laki', 10, 'default_avatar.png', 'cfc1220a-b9d3-4a6a-b882-1486943278f8', NULL, 'Depok', '2015-06-01', 'active', '2026-06-11 11:37:26', '2026-06-11 11:37:26'),
	(220, '0153457004', '2101-004', 'Dhuba Putri Aini', 'Perempuan', 10, 'default_avatar.png', '9c9f6d22-75f2-46a4-9d91-3d2a53fa8e93', NULL, 'Tangerang', '2015-08-12', 'active', '2026-06-11 11:37:26', '2026-06-11 11:37:26'),
	(221, '0153457005', '2101-005', 'Farhan Bin Mughith', 'Laki-laki', 10, 'default_avatar.png', '18e5f613-f624-4c04-a6be-e806f148e01c', NULL, 'Bekasi', '2015-10-23', 'active', '2026-06-11 11:37:26', '2026-06-11 11:37:26'),
	(222, '0153457006', '2101-006', 'Hind Binti Utbah', 'Perempuan', 10, 'default_avatar.png', 'db1ebe81-2f5a-45f8-bcef-fb647e76c197', NULL, 'Jakarta', '2015-01-02', 'active', '2026-06-11 11:37:26', '2026-06-11 11:37:26'),
	(223, '0153457007', '2101-007', 'Imran Bin Husayn', 'Laki-laki', 10, 'default_avatar.png', '8c593053-5da9-4b52-bff0-c13ec04e548a', NULL, 'Bogor', '2015-03-13', 'active', '2026-06-11 11:37:26', '2026-06-11 11:37:26'),
	(224, '0153457008', '2101-008', 'Juwayriyah Putri', 'Perempuan', 10, 'default_avatar.png', '19b9b85e-eef4-4120-9a2c-04e90132e1af', NULL, 'Depok', '2015-05-24', 'active', '2026-06-11 11:37:26', '2026-06-11 11:37:26'),
	(225, '0153457009', '2101-009', 'Khalid Bin Saad', 'Laki-laki', 10, 'default_avatar.png', '2a1adf7e-113c-4352-8d49-e2354fe5d340', NULL, 'Tangerang', '2015-08-04', 'active', '2026-06-11 11:37:26', '2026-06-11 11:37:26'),
	(226, '0153457010', '2101-010', 'Lina Binti Mukhtar', 'Perempuan', 10, 'default_avatar.png', 'c904c684-e63b-4865-918a-0798b943a9cf', NULL, 'Bekasi', '2015-10-15', 'active', '2026-06-11 11:37:26', '2026-06-11 11:37:26'),
	(227, '0153457011', '2101-011', 'Maisarah Putri Sari', 'Perempuan', 10, 'default_avatar.png', 'bea3b037-d87c-441f-9b07-8e75941a8f90', NULL, 'Jakarta', '2015-12-26', 'active', '2026-06-11 11:37:26', '2026-06-11 11:37:26'),
	(228, '0153457012', '2101-012', 'Muhsin Bin Hamzah', 'Laki-laki', 10, 'default_avatar.png', 'a89c9b29-55bb-4bcf-ac70-5b6083a348dd', NULL, 'Bogor', '2015-02-05', 'active', '2026-06-11 11:37:26', '2026-06-11 11:37:26'),
	(229, '0153457013', '2101-013', 'Nafi Bin Jubair', 'Laki-laki', 10, 'default_avatar.png', '66d077a4-ad7b-49f9-b8a1-704dc0e5a267', NULL, 'Depok', '2015-04-16', 'active', '2026-06-11 11:37:26', '2026-06-11 11:37:26'),
	(230, '0153457014', '2101-014', 'Nawar Binti Salmah', 'Perempuan', 10, 'default_avatar.png', 'e3e65812-e091-40d3-b7dd-a6b20fd0e8f9', NULL, 'Tangerang', '2015-06-27', 'active', '2026-06-11 11:37:26', '2026-06-11 11:37:26'),
	(231, '0153457015', '2101-015', 'Qatadah Bin Diimah', 'Laki-laki', 10, 'default_avatar.png', 'c2c4f06d-6869-40fa-b414-67279360cbd7', NULL, 'Bekasi', '2015-09-07', 'active', '2026-06-11 11:37:26', '2026-06-11 11:37:26'),
	(232, '0153457016', '2101-016', 'Rabi Binti Muawwiz', 'Perempuan', 10, 'default_avatar.png', 'aae5042c-8732-47cb-bfde-5dc907bfacb4', NULL, 'Jakarta', '2015-11-18', 'active', '2026-06-11 11:37:26', '2026-06-11 11:37:26'),
	(233, '0153457017', '2101-017', 'Sadiq Bin Miqdam', 'Laki-laki', 10, 'default_avatar.png', '61959ce2-1a79-4374-83d3-37ae7110d3c8', NULL, 'Bogor', '2015-01-28', 'active', '2026-06-11 11:37:26', '2026-06-11 11:37:26'),
	(234, '0153457018', '2101-018', 'Safinah Putri Nur', 'Perempuan', 10, 'default_avatar.png', '8c6aaf7e-b0d3-486a-99e2-88a199d9bc65', NULL, 'Depok', '2015-04-08', 'active', '2026-06-11 11:37:26', '2026-06-11 11:37:26'),
	(235, '0153457019', '2101-019', 'Thawbaan Bin Bajdad', 'Laki-laki', 10, 'default_avatar.png', 'd1f56498-05ae-4327-8cf7-0a81d4d2caa9', NULL, 'Tangerang', '2015-06-19', 'active', '2026-06-11 11:37:26', '2026-06-11 11:37:26'),
	(236, '0153457020', '2101-020', 'Umaimah Binti Ruqayq', 'Perempuan', 10, 'default_avatar.png', 'ea50cdf8-1aad-40bf-9581-487dcb6f5d29', NULL, 'Bekasi', '2015-08-30', 'active', '2026-06-11 11:37:26', '2026-06-11 11:37:26'),
	(237, '0153457021', '2101-021', 'Uqbah Bin Nafi', 'Laki-laki', 10, 'default_avatar.png', '0f46094a-f723-4014-9e72-c31e9b55e11a', NULL, 'Jakarta', '2015-11-10', 'active', '2026-06-11 11:37:26', '2026-06-11 11:37:26'),
	(238, '0153457022', '2101-022', 'Wafaa Binti Zubair', 'Perempuan', 10, 'default_avatar.png', '9e685dd1-dc18-48fe-a8a8-6a771891f920', NULL, 'Bogor', '2015-01-20', 'active', '2026-06-11 11:37:26', '2026-06-11 11:37:26'),
	(239, '0153457023', '2101-023', 'Yazid Bin Qays', 'Laki-laki', 10, 'default_avatar.png', 'd2ba7e68-0bf4-4656-86a2-c142512efb36', NULL, 'Depok', '2015-04-01', 'active', '2026-06-11 11:37:26', '2026-06-11 11:37:26'),
	(240, '0153457024', '2101-024', 'Zahra Binti Mukhlis', 'Perempuan', 10, 'default_avatar.png', 'aa4bd6f8-fb9a-47bb-9472-24210b66d8d8', NULL, 'Tangerang', '2015-06-12', 'active', '2026-06-11 11:37:26', '2026-06-11 11:37:26'),
	(241, '0153457025', '2101-025', 'Zufar Bin Hudhayl', 'Laki-laki', 10, 'default_avatar.png', '111b2b02-2d25-4817-a387-98abeb812a24', NULL, 'Bekasi', '2015-08-23', 'active', '2026-06-11 11:37:26', '2026-06-11 11:37:26'),
	(242, '0153457026', '2102-001', 'Abdurrazaq Bin Humam', 'Laki-laki', 11, 'default_avatar.png', '5b65cc7b-8b69-4877-b1a8-118b5240613e', NULL, 'Jakarta', '2015-02-02', 'active', '2026-06-11 11:37:26', '2026-06-11 11:37:26'),
	(243, '0153457027', '2102-002', 'Atikah Binti Zayd', 'Perempuan', 11, 'default_avatar.png', 'ba7d1520-bc04-4beb-bd5a-a540e7326eeb', NULL, 'Bogor', '2015-04-13', 'active', '2026-06-11 11:37:26', '2026-06-11 11:37:26'),
	(244, '0153457028', '2102-003', 'Bisyr Bin Safwan', 'Laki-laki', 11, 'default_avatar.png', 'b8ee6255-3ab5-4ed2-b500-3ea891230d50', NULL, 'Tangerang', '2015-06-24', 'active', '2026-06-11 11:37:26', '2026-06-11 11:37:26'),
	(245, '0153457029', '2102-004', 'Durrah Binti Abu Lahab', 'Perempuan', 11, 'default_avatar.png', 'd6928f0b-f525-40b4-a777-8df6506256fe', NULL, 'Bekasi', '2015-09-04', 'active', '2026-06-11 11:37:26', '2026-06-11 11:37:26'),
	(246, '0153457030', '2102-005', 'Fudayl Bin Iyadh', 'Laki-laki', 11, 'default_avatar.png', '2276e37a-c92e-4174-afe5-bdac4d965a60', NULL, 'Depok', '2015-11-15', 'active', '2026-06-11 11:37:26', '2026-06-11 11:37:26'),
	(247, '0153457031', '2102-006', 'Hababah Putri Sari', 'Perempuan', 11, 'default_avatar.png', '42017b14-cd0d-4ccf-883f-5175eaa610c6', NULL, 'Jakarta', '2015-01-25', 'active', '2026-06-11 11:37:26', '2026-06-11 11:37:26'),
	(248, '0153457032', '2102-007', 'Ismail Bin Yasar', 'Laki-laki', 11, 'default_avatar.png', '5cbe614b-219f-47eb-8c4e-8adbdf6d2c01', NULL, 'Bogor', '2015-04-05', 'active', '2026-06-11 11:37:26', '2026-06-11 11:37:26'),
	(249, '0153457033', '2102-008', 'Jumaanah Binti Umar', 'Perempuan', 11, 'default_avatar.png', '46e3db0a-9065-43bd-b2cb-5d92f967a7b2', NULL, 'Tangerang', '2015-06-16', 'active', '2026-06-11 11:37:26', '2026-06-11 11:37:26'),
	(250, '0153457034', '2102-009', 'Khirbash Bin Jurthum', 'Laki-laki', 11, 'default_avatar.png', 'f1997db3-a760-4e79-9df4-575629d52b35', NULL, 'Bekasi', '2015-08-27', 'active', '2026-06-11 11:37:26', '2026-06-11 11:37:26'),
	(251, '0153457035', '2102-010', 'Lubabah Binti Harith', 'Perempuan', 11, 'default_avatar.png', 'd43a6dd1-f596-4225-ba1a-8dd46c2dae84', NULL, 'Depok', '2015-11-07', 'active', '2026-06-11 11:37:26', '2026-06-11 11:37:26'),
	(252, '0153457036', '2102-011', 'Madyan Bin Qahtan', 'Laki-laki', 11, 'default_avatar.png', '5a9dbbfb-654e-4f85-9bd9-40239fdbffa9', NULL, 'Jakarta', '2015-01-17', 'active', '2026-06-11 11:37:26', '2026-06-11 11:37:26'),
	(253, '0153457037', '2102-012', 'Mayy Binti Muhallab', 'Perempuan', 11, 'default_avatar.png', 'd0cef10e-480e-4067-a236-094a03a2a16f', NULL, 'Bogor', '2015-03-28', 'active', '2026-06-11 11:37:26', '2026-06-11 11:37:26'),
	(254, '0153457038', '2102-013', 'Nayif Bin Abdillah', 'Laki-laki', 11, 'default_avatar.png', 'da6a68e2-9ded-4352-b1bc-b10879aa0b8e', NULL, 'Tangerang', '2015-06-08', 'active', '2026-06-11 11:37:26', '2026-06-11 11:37:26'),
	(255, '0153457039', '2102-014', 'Nuaym Binti Masud', 'Perempuan', 11, 'default_avatar.png', '12a08bec-7672-4768-9dde-c5dcc440e15b', NULL, 'Bekasi', '2015-08-19', 'active', '2026-06-11 11:37:26', '2026-06-11 11:37:26'),
	(256, '0153457040', '2102-015', 'Qayl Bin Amr', 'Laki-laki', 11, 'default_avatar.png', 'f4b9bdb8-d5ad-4a73-9bb0-a61d5f70b90c', NULL, 'Depok', '2015-10-30', 'active', '2026-06-11 11:37:26', '2026-06-11 11:37:26'),
	(257, '0153457041', '2102-016', 'Rawdah Putri Indah', 'Perempuan', 11, 'default_avatar.png', 'd86821a4-34ef-4e6f-8f2c-1fbc054cd461', NULL, 'Jakarta', '2015-01-09', 'active', '2026-06-11 11:37:26', '2026-06-11 11:37:26'),
	(258, '0153457042', '2102-017', 'Safwan Bin Muattil', 'Laki-laki', 11, 'default_avatar.png', '7464c6fd-d5e7-4331-917f-18934c96ef3b', NULL, 'Bogor', '2015-03-20', 'active', '2026-06-11 11:37:26', '2026-06-11 11:37:26'),
	(259, '0153457043', '2102-018', 'Sakina Putri Azki', 'Perempuan', 11, 'default_avatar.png', '581f3b11-d4fd-413b-b3fb-af7926957542', NULL, 'Tangerang', '2015-05-31', 'active', '2026-06-11 11:37:26', '2026-06-11 11:37:26'),
	(260, '0153457044', '2102-019', 'Talut Bin Qays', 'Laki-laki', 11, 'default_avatar.png', 'cdcf1396-8435-4395-ad6c-25c298c4327c', NULL, 'Bekasi', '2015-08-11', 'active', '2026-06-11 11:37:26', '2026-06-11 11:37:26'),
	(261, '0153457045', '2102-020', 'Ummu Fadhl Putri', 'Perempuan', 11, 'default_avatar.png', '876df478-dea5-4429-8969-768a946151b0', NULL, 'Depok', '2015-10-22', 'active', '2026-06-11 11:37:26', '2026-06-11 11:37:26'),
	(262, '0153457046', '2102-021', 'Utsman Bin Hunaif', 'Laki-laki', 11, 'default_avatar.png', '6d0820ba-b38b-4718-a840-3c7edb625e19', NULL, 'Jakarta', '2015-01-01', 'active', '2026-06-11 11:37:26', '2026-06-11 11:37:26'),
	(263, '0153457047', '2102-022', 'Widad Binti Muhtadi', 'Perempuan', 11, 'default_avatar.png', '6a24943a-35d7-4329-8ec0-f3cddf03bdcc', NULL, 'Bogor', '2015-03-12', 'active', '2026-06-11 11:37:26', '2026-06-11 11:37:26'),
	(264, '0153457048', '2102-023', 'Zayd Bin Aslam', 'Laki-laki', 11, 'default_avatar.png', '7c2d349b-0a8f-4332-8c38-b02cdd7cc8b4', NULL, 'Tangerang', '2015-05-23', 'active', '2026-06-11 11:37:26', '2026-06-11 11:37:26'),
	(265, '0153457049', '2102-024', 'Zuhrah Binti Kilab', 'Perempuan', 11, 'default_avatar.png', '1d260cb6-eae5-4f06-ad07-c0ea80253887', NULL, 'Bekasi', '2015-08-03', 'active', '2026-06-11 11:37:26', '2026-06-11 11:37:26'),
	(266, '0153457050', '2103-001', 'Amr Bin Murrah', 'Laki-laki', 12, 'default_avatar.png', '02e8663c-c126-4543-af2a-cf99ff00abea', NULL, 'Jakarta', '2015-01-14', 'active', '2026-06-11 11:37:26', '2026-06-11 11:37:26'),
	(267, '0153457051', '2103-002', 'Barakah Binti Thabit', 'Perempuan', 12, 'default_avatar.png', '934969ed-9155-4e35-bdbe-cf4fa17aabe6', NULL, 'Bogor', '2015-03-25', 'active', '2026-06-11 11:37:26', '2026-06-11 11:37:26'),
	(268, '0153457052', '2103-003', 'Dawud Bin Salih', 'Laki-laki', 12, 'default_avatar.png', 'a55d3bf0-3302-4548-8c74-5f0fd9796be7', NULL, 'Depok', '2015-06-05', 'active', '2026-06-11 11:37:26', '2026-06-11 11:37:26'),
	(269, '0153457053', '2103-004', 'Fathiyyah Putri Nur', 'Perempuan', 12, 'default_avatar.png', 'f4349780-bd80-494f-abac-f0f8f78b8f1e', NULL, 'Tangerang', '2015-08-16', 'active', '2026-06-11 11:37:26', '2026-06-11 11:37:26'),
	(270, '0153457054', '2103-005', 'Ghaylan Bin Salamah', 'Laki-laki', 12, 'default_avatar.png', '6a1a1c84-b569-4e05-bfac-fd2e40bf6fd2', NULL, 'Bekasi', '2015-10-27', 'active', '2026-06-11 11:37:26', '2026-06-11 11:37:26'),
	(271, '0153457055', '2103-006', 'Habibah Binti Sahl', 'Perempuan', 12, 'default_avatar.png', '87b02f73-fba2-4f15-b417-ec92be325f18', NULL, 'Jakarta', '2015-01-06', 'active', '2026-06-11 11:37:26', '2026-06-11 11:37:26'),
	(272, '0153457056', '2103-007', 'Iyad Bin Ghanm', 'Laki-laki', 12, 'default_avatar.png', '8f4dbd0e-0217-40d4-922c-8b642513405c', NULL, 'Bogor', '2015-03-17', 'active', '2026-06-11 11:37:26', '2026-06-11 11:37:26'),
	(273, '0153457057', '2103-008', 'Jamilah Binti Tsabit', 'Perempuan', 12, 'default_avatar.png', 'd4648221-f115-4575-b376-f365876a8ab6', NULL, 'Depok', '2015-05-28', 'active', '2026-06-11 11:37:26', '2026-06-11 11:37:26'),
	(274, '0153457058', '2103-009', 'Kathir Bin Murrah', 'Laki-laki', 12, 'default_avatar.png', 'c2f60c18-3ca4-4f2e-9fd9-b602d65e9295', NULL, 'Tangerang', '2015-08-08', 'active', '2026-06-11 11:37:27', '2026-06-11 11:37:27'),
	(275, '0153457059', '2103-010', 'Lina Binti Laqit', 'Perempuan', 12, 'default_avatar.png', '70d817c4-c50c-4e20-b7ea-25b5a2c24ac0', NULL, 'Bekasi', '2015-10-19', 'active', '2026-06-11 11:37:27', '2026-06-11 11:37:27'),
	(276, '0153457060', '2103-011', 'Manhal Bin Ammar', 'Laki-laki', 12, 'default_avatar.png', 'a804333a-ebee-4372-8100-387940588ae3', NULL, 'Jakarta', '2015-12-30', 'active', '2026-06-11 11:37:27', '2026-06-11 11:37:27'),
	(277, '0153457061', '2103-012', 'Maymunah Binti Said', 'Perempuan', 12, 'default_avatar.png', '5bbe61bc-a50c-43bb-975c-fa831f5f5293', NULL, 'Bogor', '2015-02-09', 'active', '2026-06-11 11:37:27', '2026-06-11 11:37:27'),
	(278, '0153457062', '2103-013', 'Nuayman Bin Amr', 'Laki-laki', 12, 'default_avatar.png', '480719c4-4d3c-451d-bb69-b55ddd36728d', NULL, 'Depok', '2015-04-20', 'active', '2026-06-11 11:37:27', '2026-06-11 11:37:27'),
	(279, '0153457063', '2103-014', 'Qamar Binti Hilal', 'Perempuan', 12, 'default_avatar.png', '9cbeeb0c-2282-44e0-b679-0079cd5af51c', NULL, 'Tangerang', '2015-07-01', 'active', '2026-06-11 11:37:27', '2026-06-11 11:37:27'),
	(280, '0153457064', '2103-015', 'Rafi Bin Khadij', 'Laki-laki', 12, 'default_avatar.png', '9240575a-55d7-4d19-8d6a-5f4f95fc4df0', NULL, 'Bekasi', '2015-09-12', 'active', '2026-06-11 11:37:27', '2026-06-11 11:37:27'),
	(281, '0153457065', '2103-016', 'Rayhana Putri Sari', 'Perempuan', 12, 'default_avatar.png', 'b696ae20-f939-40b6-b1a3-97e66f42050e', NULL, 'Jakarta', '2015-11-23', 'active', '2026-06-11 11:37:27', '2026-06-11 11:37:27'),
	(282, '0153457066', '2103-017', 'Sawdah Binti Zamah', 'Perempuan', 12, 'default_avatar.png', '1da239f1-60d9-4ba0-960b-be44a9e7f01c', NULL, 'Bogor', '2015-02-02', 'active', '2026-06-11 11:37:27', '2026-06-11 11:37:27'),
	(283, '0153457067', '2103-018', 'Shurahbil Bin Hasanah', 'Laki-laki', 12, 'default_avatar.png', '15136ab7-2304-46f3-9ed3-680ca3bb628b', NULL, 'Depok', '2015-04-13', 'active', '2026-06-11 11:37:27', '2026-06-11 11:37:27'),
	(284, '0153457068', '2103-019', 'Tamimah Putri Aini', 'Perempuan', 12, 'default_avatar.png', 'b311c15c-caef-44dc-a157-969661c801ae', NULL, 'Tangerang', '2015-06-24', 'active', '2026-06-11 11:37:27', '2026-06-11 11:37:27'),
	(285, '0153457069', '2103-020', 'Ubaidillah Bin Anas', 'Laki-laki', 12, 'default_avatar.png', '16dc2b5f-12ee-4bb6-8bc6-f72a634d67c9', NULL, 'Bekasi', '2015-09-04', 'active', '2026-06-11 11:37:27', '2026-06-11 11:37:27'),
	(286, '0153457070', '2103-021', 'Ummu Salamah Putri', 'Perempuan', 12, 'default_avatar.png', 'b276226b-4d2e-4d8a-a2df-c6709da97046', NULL, 'Jakarta', '2015-11-15', 'active', '2026-06-11 11:37:27', '2026-06-11 11:37:27'),
	(287, '0153457071', '2103-022', 'Walid Bin Riyah', 'Laki-laki', 12, 'default_avatar.png', '98ebcfde-0925-461b-b036-0407187cfb64', NULL, 'Bogor', '2015-01-25', 'active', '2026-06-11 11:37:27', '2026-06-11 11:37:27'),
	(288, '0153457072', '2103-023', 'Zinnirah Binti Rumi', 'Perempuan', 12, 'default_avatar.png', 'ea5052a5-8cb1-41e3-bdf0-a98041429bf8', NULL, 'Depok', '2015-04-05', 'active', '2026-06-11 11:37:27', '2026-06-11 11:37:27'),
	(289, '0143457101', '2001-001', 'Ahmad Bin Hanbal', 'Laki-laki', 13, 'default_avatar.png', '2c381e8b-55f1-47bd-b962-188bff8030f4', NULL, 'Jakarta', '2014-01-08', 'active', '2026-06-11 11:37:27', '2026-06-11 11:37:27'),
	(290, '0143457102', '2001-002', 'Aminah Binti Wahb', 'Perempuan', 13, 'default_avatar.png', '332a6be6-1354-450f-8bf5-873b8d3ecf3e', NULL, 'Bogor', '2014-03-19', 'active', '2026-06-11 11:37:27', '2026-06-11 11:37:27'),
	(291, '0143457103', '2001-003', 'Basyir Bin Nahik', 'Laki-laki', 13, 'default_avatar.png', '27dbf375-cd19-42ca-8098-ef714a126820', NULL, 'Bekasi', '2014-05-30', 'active', '2026-06-11 11:37:27', '2026-06-11 11:37:27'),
	(292, '0143457104', '2001-004', 'Dhuha Putri Cahaya', 'Perempuan', 13, 'default_avatar.png', '277a5b14-ca6c-48b0-af7e-3353362849b2', NULL, 'Depok', '2014-08-10', 'active', '2026-06-11 11:37:27', '2026-06-11 11:37:27'),
	(293, '0143457105', '2001-005', 'Fudhail Bin Marzuq', 'Laki-laki', 13, 'default_avatar.png', '204ee646-e49b-483b-a902-ef5b97ff1055', NULL, 'Tangerang', '2014-10-21', 'active', '2026-06-11 11:37:27', '2026-06-11 11:37:27'),
	(294, '0143457106', '2001-006', 'Hana Binti Qudamah', 'Perempuan', 13, 'default_avatar.png', '72cd29c1-d5c9-4b9d-9264-af0d577ece14', NULL, 'Jakarta', '2014-01-01', 'active', '2026-06-11 11:37:27', '2026-06-11 11:37:27'),
	(295, '0143457107', '2001-007', 'Iyas Bin Muawiyah', 'Laki-laki', 13, 'default_avatar.png', 'b71f3846-4493-4e7f-b9f3-332a12a37cd4', NULL, 'Bogor', '2014-03-12', 'active', '2026-06-11 11:37:27', '2026-06-11 11:37:27'),
	(296, '0143457108', '2001-008', 'Juman Binti Humaid', 'Perempuan', 13, 'default_avatar.png', 'f4bc164c-ae2c-452f-b114-76fc9ea4beaa', NULL, 'Tangerang', '2014-05-23', 'active', '2026-06-11 11:37:27', '2026-06-11 11:37:27'),
	(297, '0143457109', '2001-009', 'Khubaib Bin Adi', 'Laki-laki', 13, 'default_avatar.png', 'b56f9dcd-6b0e-4cbc-a1ca-e4eb296ef13a', NULL, 'Bekasi', '2014-08-03', 'active', '2026-06-11 11:37:27', '2026-06-11 11:37:27'),
	(298, '0143457110', '2001-010', 'Lubanah Putri Sari', 'Perempuan', 13, 'default_avatar.png', '8ebc333c-a7ba-4fdd-82b1-c76e3a0aeffe', NULL, 'Depok', '2014-10-14', 'active', '2026-06-11 11:37:27', '2026-06-11 11:37:27'),
	(299, '0143457111', '2001-011', 'Miswar Bin Makhramah', 'Laki-laki', 13, 'default_avatar.png', '9083f059-3758-401e-9714-3c844a7f964b', NULL, 'Jakarta', '2014-12-25', 'active', '2026-06-11 11:37:27', '2026-06-11 11:37:27'),
	(300, '0143457112', '2001-012', 'Munirah Binti Ghaylan', 'Perempuan', 13, 'default_avatar.png', 'b121e1d4-7619-4627-b52e-8a0941e7fd73', NULL, 'Bogor', '2014-02-04', 'active', '2026-06-11 11:37:27', '2026-06-11 11:37:27'),
	(301, '0143457113', '2001-013', 'Nawwaf Bin Musafir', 'Laki-laki', 13, 'default_avatar.png', '42140d6c-4c51-442b-b7c2-dd799f04c9cc', NULL, 'Tangerang', '2014-04-15', 'active', '2026-06-11 11:37:27', '2026-06-11 11:37:27'),
	(302, '0143457114', '2001-014', 'Nida Binti Salamah', 'Perempuan', 13, 'default_avatar.png', 'a7978dc1-1f47-41d4-918b-78e18b0c4d41', NULL, 'Bekasi', '2014-06-26', 'active', '2026-06-11 11:37:27', '2026-06-11 11:37:27'),
	(303, '0143457115', '2001-015', 'Qabishah Bin Aqabah', 'Laki-laki', 13, 'default_avatar.png', '1bf1657f-8434-4ab6-a11f-96a182ad782f', NULL, 'Depok', '2014-09-06', 'active', '2026-06-11 11:37:27', '2026-06-11 11:37:27'),
	(304, '0143457116', '2001-016', 'Rabab Binti Hubaysh', 'Perempuan', 13, 'default_avatar.png', 'f414b1ad-28e4-48e3-a1da-ab0494c08744', NULL, 'Jakarta', '2014-11-17', 'active', '2026-06-11 11:37:27', '2026-06-11 11:37:27'),
	(305, '0143457117', '2001-017', 'Sammak Bin Harb', 'Laki-laki', 13, 'default_avatar.png', '0c3e4623-703f-4619-af8c-abf636e4aa39', NULL, 'Bogor', '2014-01-27', 'active', '2026-06-11 11:37:27', '2026-06-11 11:37:27'),
	(306, '0143457118', '2001-018', 'Shayma Binti Harith', 'Perempuan', 13, 'default_avatar.png', 'f80f5499-814b-4059-accb-529fe09c24e6', NULL, 'Tangerang', '2014-04-07', 'active', '2026-06-11 11:37:27', '2026-06-11 11:37:27'),
	(307, '0143457119', '2001-019', 'Suhayl Bin Amr', 'Laki-laki', 13, 'default_avatar.png', 'b30aca17-0558-4fe4-8f46-103101259eb7', NULL, 'Bekasi', '2014-06-18', 'active', '2026-06-11 11:37:27', '2026-06-11 11:37:27'),
	(308, '0143457120', '2001-020', 'Sukaynah Putri Nur', 'Perempuan', 13, 'default_avatar.png', 'abe4653e-c898-48dd-b35e-cb34abce83d5', NULL, 'Depok', '2014-08-29', 'active', '2026-06-11 11:37:27', '2026-06-11 11:37:27'),
	(309, '0143457121', '2001-021', 'Thabit Bin Qays', 'Laki-laki', 13, 'default_avatar.png', 'e4ab3913-482b-49cf-a14d-8fcd97ffa2d1', NULL, 'Jakarta', '2014-11-09', 'active', '2026-06-11 11:37:27', '2026-06-11 11:37:27'),
	(310, '0143457122', '2001-022', 'Ummu Hani Putri', 'Perempuan', 13, 'default_avatar.png', '2cf0192b-cbd5-4135-99b4-c8aa4930532a', NULL, 'Bogor', '2014-01-19', 'active', '2026-06-11 11:37:27', '2026-06-11 11:37:27'),
	(311, '0143457123', '2001-023', 'Uwaym Bin Saadah', 'Laki-laki', 13, 'default_avatar.png', '8193c7e8-3e7c-4a1e-9370-b31aa7b16593', NULL, 'Tangerang', '2014-03-31', 'active', '2026-06-11 11:37:27', '2026-06-11 11:37:27'),
	(312, '0143457124', '2001-024', 'Wuhaybah Binti Amr', 'Perempuan', 13, 'default_avatar.png', '729d87f0-0718-4792-8e33-8d32edef4b0c', NULL, 'Bekasi', '2014-06-11', 'active', '2026-06-11 11:37:27', '2026-06-11 11:37:27'),
	(313, '0143457125', '2001-025', 'Zaynab Binti Anas', 'Perempuan', 13, 'default_avatar.png', 'b0119797-cc6c-49ef-ae30-3b9ce59f8fab', NULL, 'Depok', '2014-08-22', 'active', '2026-06-11 11:37:27', '2026-06-11 11:37:27'),
	(314, '0143457126', '2002-001', 'Abdan Bin Khayr', 'Laki-laki', 14, 'default_avatar.png', '589a291d-4746-4f06-b888-7687713af560', NULL, 'Jakarta', '2014-02-01', 'active', '2026-06-11 11:37:27', '2026-06-11 11:37:27'),
	(315, '0143457127', '2002-002', 'Afnan Binti Aws', 'Perempuan', 14, 'default_avatar.png', 'd447d1e5-ddd1-4f8a-b04a-62dcf9575bde', NULL, 'Bogor', '2014-04-12', 'active', '2026-06-11 11:37:27', '2026-06-11 11:37:27'),
	(316, '0143457128', '2002-003', 'Budayl Bin Warqa', 'Laki-laki', 14, 'default_avatar.png', '5ce62504-ea44-467f-b4c6-99dbcd804c11', NULL, 'Tangerang', '2014-06-23', 'active', '2026-06-11 11:37:27', '2026-06-11 11:37:27'),
	(317, '0143457129', '2002-004', 'Fatinah Putri Sari', 'Perempuan', 14, 'default_avatar.png', '5285c7d9-9318-44e2-a1dc-fef8baf4f7db', NULL, 'Bekasi', '2014-09-03', 'active', '2026-06-11 11:37:27', '2026-06-11 11:37:27'),
	(318, '0143457130', '2002-005', 'Ghazwan Bin Aws', 'Laki-laki', 14, 'default_avatar.png', 'd02435ce-b966-4ce5-bc4b-934eb3d232a0', NULL, 'Depok', '2014-11-14', 'active', '2026-06-11 11:37:27', '2026-06-11 11:37:27'),
	(319, '0143457131', '2002-006', 'Hazm Binti Qays', 'Perempuan', 14, 'default_avatar.png', 'f43fa926-0212-4eda-a69b-63ca5a5c6fdc', NULL, 'Jakarta', '2014-01-24', 'active', '2026-06-11 11:37:27', '2026-06-11 11:37:27'),
	(320, '0143457132', '2002-007', 'Irfan Bin Yusuf', 'Laki-laki', 14, 'default_avatar.png', '417e7c9c-d323-4614-9024-5a269dd8a8a5', NULL, 'Bogor', '2014-04-04', 'active', '2026-06-11 11:37:27', '2026-06-11 11:37:27'),
	(321, '0143457133', '2002-008', 'Jihan Nur Fitria', 'Perempuan', 14, 'default_avatar.png', '180af9f6-fc3a-4ad3-9dce-4ecd2dfb553d', NULL, 'Tangerang', '2014-06-15', 'active', '2026-06-11 11:37:27', '2026-06-11 11:37:27'),
	(322, '0143457134', '2002-009', 'Kasib Bin Makhul', 'Laki-laki', 14, 'default_avatar.png', 'd40ae318-b2b9-4101-971a-a861c8ecc5f4', NULL, 'Bekasi', '2014-08-26', 'active', '2026-06-11 11:37:27', '2026-06-11 11:37:27'),
	(323, '0143457135', '2002-010', 'Lubna Binti Ziyad', 'Perempuan', 14, 'default_avatar.png', '40c972e0-f313-4fc4-892f-db95704e6fba', NULL, 'Depok', '2014-11-06', 'active', '2026-06-11 11:37:27', '2026-06-11 11:37:27'),
	(324, '0143457136', '2002-011', 'Mahfuzh Bin Salam', 'Laki-laki', 14, 'default_avatar.png', '4b46d9a4-b85b-4689-a51a-dae0d68e0cf2', NULL, 'Jakarta', '2014-01-16', 'active', '2026-06-11 11:37:27', '2026-06-11 11:37:27'),
	(325, '0143457137', '2002-012', 'Maryam Nur Cahaya', 'Perempuan', 14, 'default_avatar.png', '6440e59b-db8d-4b05-b26d-f5f1baa38ef6', NULL, 'Bogor', '2014-03-27', 'active', '2026-06-11 11:37:27', '2026-06-11 11:37:27'),
	(326, '0143457138', '2002-013', 'Nabil Bin Haris', 'Laki-laki', 14, 'default_avatar.png', '0c59f585-a40f-4369-b895-fa02e0bf298b', NULL, 'Tangerang', '2014-06-07', 'active', '2026-06-11 11:37:27', '2026-06-11 11:37:27'),
	(327, '0143457139', '2002-014', 'Nihayah Putri Aini', 'Perempuan', 14, 'default_avatar.png', 'fc2b4860-b7b1-4ada-872f-79e71d96fec1', NULL, 'Bekasi', '2014-08-18', 'active', '2026-06-11 11:37:27', '2026-06-11 11:37:27'),
	(328, '0143457140', '2002-015', 'Qasim Bin Thabit', 'Laki-laki', 14, 'default_avatar.png', 'e15219d2-8f40-4fad-b337-6f58cb6b1584', NULL, 'Depok', '2014-10-29', 'active', '2026-06-11 11:37:27', '2026-06-11 11:37:27'),
	(329, '0143457141', '2002-016', 'Raghad Putri Nur', 'Perempuan', 14, 'default_avatar.png', '5ce785b2-f94a-477e-be75-2dec883ac744', NULL, 'Jakarta', '2014-01-08', 'active', '2026-06-11 11:37:27', '2026-06-11 11:37:27'),
	(330, '0143457142', '2002-017', 'Sahl Bin Hunaif', 'Laki-laki', 14, 'default_avatar.png', '5d5972dc-4619-4d84-936c-27339cc2875b', NULL, 'Bogor', '2014-03-19', 'active', '2026-06-11 11:37:27', '2026-06-11 11:37:27'),
	(331, '0143457143', '2002-018', 'Shaima Putri Azka', 'Perempuan', 14, 'default_avatar.png', '8d465132-3480-4875-ad87-fe7ed65e2cf7', NULL, 'Tangerang', '2014-05-30', 'active', '2026-06-11 11:37:27', '2026-06-11 11:37:27'),
	(332, '0143457144', '2002-019', 'Tamam Bin Muqbil', 'Laki-laki', 14, 'default_avatar.png', 'f38f5569-88c8-48ab-b2ad-d36b9f27fc6d', NULL, 'Bekasi', '2014-08-10', 'active', '2026-06-11 11:37:27', '2026-06-11 11:37:27'),
	(333, '0143457145', '2002-020', 'Tharwah Binti Amir', 'Perempuan', 14, 'default_avatar.png', '9b0a79aa-84d6-4416-8560-6fed41767498', NULL, 'Depok', '2014-10-21', 'active', '2026-06-11 11:37:27', '2026-06-11 11:37:27'),
	(334, '0143457146', '2002-021', 'Ubay Bin Kaab', 'Laki-laki', 14, 'default_avatar.png', 'd4412419-13fc-42e5-bffa-ce8805f42dc6', NULL, 'Jakarta', '2014-01-31', 'active', '2026-06-11 11:37:27', '2026-06-11 11:37:27'),
	(335, '0143457147', '2002-022', 'Umm Kulthum Putri', 'Perempuan', 14, 'default_avatar.png', 'bce4f4e6-a7ea-4e13-ad38-e51eb9661c20', NULL, 'Bogor', '2014-04-11', 'active', '2026-06-11 11:37:27', '2026-06-11 11:37:27'),
	(336, '0143457148', '2002-023', 'Wahb Bin Munabbih', 'Laki-laki', 14, 'default_avatar.png', '6f34d670-f3d7-4326-a58b-9da593c4b3c0', NULL, 'Tangerang', '2014-06-22', 'active', '2026-06-11 11:37:27', '2026-06-11 11:37:27'),
	(337, '0143457149', '2002-024', 'Ziyad Bin Labid', 'Laki-laki', 14, 'default_avatar.png', 'ef30549c-f137-4b9a-8fbc-ee47b62a2fe1', NULL, 'Bekasi', '2014-09-02', 'active', '2026-06-11 11:37:27', '2026-06-11 11:37:27'),
	(338, '0143457150', '2003-001', 'Abrar Bin Malik', 'Laki-laki', 15, 'default_avatar.png', '6440e85b-d298-451d-8b3c-eef407d5a8eb', NULL, 'Jakarta', '2014-01-13', 'active', '2026-06-11 11:37:27', '2026-06-11 11:37:27'),
	(339, '0143457151', '2003-002', 'Atiqa Binti Asim', 'Perempuan', 15, 'default_avatar.png', 'ba60e28c-b011-433a-bafb-2d4994be8512', NULL, 'Bogor', '2014-03-24', 'active', '2026-06-11 11:37:27', '2026-06-11 11:37:27'),
	(340, '0143457152', '2003-003', 'Bashshah Bin Waqid', 'Laki-laki', 15, 'default_avatar.png', 'b75b8f07-9629-43cd-9362-a75d6cd7eef8', NULL, 'Depok', '2014-06-04', 'active', '2026-06-11 11:37:27', '2026-06-11 11:37:27'),
	(341, '0143457153', '2003-004', 'Fariha Putri Cahaya', 'Perempuan', 15, 'default_avatar.png', '1237676d-602d-46bb-850a-1d3e2e3404ad', NULL, 'Tangerang', '2014-08-15', 'active', '2026-06-11 11:37:27', '2026-06-11 11:37:27'),
	(342, '0143457154', '2003-005', 'Hakim Bin Hizam', 'Laki-laki', 15, 'default_avatar.png', '679f1184-63ae-4f62-9481-df1e67abd42a', NULL, 'Bekasi', '2014-10-26', 'active', '2026-06-11 11:37:27', '2026-06-11 11:37:27'),
	(343, '0143457155', '2003-006', 'Humaydah Binti Said', 'Perempuan', 15, 'default_avatar.png', 'f78004a4-4451-4b53-9cea-562c0574f792', NULL, 'Jakarta', '2014-01-05', 'active', '2026-06-11 11:37:27', '2026-06-11 11:37:27'),
	(344, '0143457156', '2003-007', 'Izzah Binti Nafi', 'Perempuan', 15, 'default_avatar.png', '6a5acb80-f46e-43c2-8e20-ce96778a4c02', NULL, 'Bogor', '2014-03-16', 'active', '2026-06-11 11:37:27', '2026-06-11 11:37:27'),
	(345, '0143457157', '2003-008', 'Jarir Bin Atiyyah', 'Laki-laki', 15, 'default_avatar.png', 'bcef1369-a7aa-47c6-81af-cf897be4daed', NULL, 'Tangerang', '2014-05-27', 'active', '2026-06-11 11:37:27', '2026-06-11 11:37:27'),
	(346, '0143457158', '2003-009', 'Kilab Bin Maqis', 'Laki-laki', 15, 'default_avatar.png', '51c04263-0aad-4285-bf5e-9ba9f66b0a76', NULL, 'Bekasi', '2014-08-07', 'active', '2026-06-11 11:37:27', '2026-06-11 11:37:27'),
	(347, '0143457159', '2003-010', 'Layla Binti Lukayz', 'Perempuan', 15, 'default_avatar.png', '904a82e7-0805-43f8-86ee-a53c2912161d', NULL, 'Depok', '2014-10-18', 'active', '2026-06-11 11:37:27', '2026-06-11 11:37:27'),
	(348, '0143457160', '2003-011', 'Marjana Putri Sari', 'Perempuan', 15, 'default_avatar.png', '09f81f2e-c207-4fa8-b634-e7c710392908', NULL, 'Jakarta', '2014-12-29', 'active', '2026-06-11 11:37:27', '2026-06-11 11:37:27'),
	(349, '0143457161', '2003-012', 'Miqdam Bin Madikarib', 'Laki-laki', 15, 'default_avatar.png', '9907c69f-6b26-46c4-bba6-f8fc54531ec5', NULL, 'Bogor', '2014-02-08', 'active', '2026-06-11 11:37:27', '2026-06-11 11:37:27'),
	(350, '0143457162', '2003-013', 'Nufaysah Binti Umayyah', 'Perempuan', 15, 'default_avatar.png', 'ad9b4116-2640-47e5-a4da-18896964b9d7', NULL, 'Tangerang', '2014-04-19', 'active', '2026-06-11 11:37:27', '2026-06-11 11:37:27'),
	(351, '0143457163', '2003-014', 'Qarib Bin Asad', 'Laki-laki', 15, 'default_avatar.png', '1b1f7d97-deef-4e53-9ee3-ee3985993c90', NULL, 'Bekasi', '2014-06-30', 'active', '2026-06-11 11:37:27', '2026-06-11 11:37:27'),
	(352, '0143457164', '2003-015', 'Rafi Bin Bukayr', 'Laki-laki', 15, 'default_avatar.png', 'f7775ec1-e6a8-4d7b-a251-0c0d185fbbec', NULL, 'Depok', '2014-09-10', 'active', '2026-06-11 11:37:27', '2026-06-11 11:37:27'),
	(353, '0143457165', '2003-016', 'Rayhanah Putri Nur', 'Perempuan', 15, 'default_avatar.png', '24005a90-3261-401f-99a2-8296fe9fec9f', NULL, 'Jakarta', '2014-11-21', 'active', '2026-06-11 11:37:27', '2026-06-11 11:37:27'),
	(354, '0143457166', '2003-017', 'Saffanah Binti Hatim', 'Perempuan', 15, 'default_avatar.png', 'ef607ad3-8667-4c78-b3a0-69d58cc1b6cc', NULL, 'Bogor', '2014-02-01', 'active', '2026-06-11 11:37:27', '2026-06-11 11:37:27'),
	(355, '0143457167', '2003-018', 'Shibil Bin Thabit', 'Laki-laki', 15, 'default_avatar.png', 'd17ca221-2076-49ba-b0ae-ae07d4d5aa85', NULL, 'Tangerang', '2014-04-12', 'active', '2026-06-11 11:37:27', '2026-06-11 11:37:27'),
	(356, '0143457168', '2003-019', 'Tayba Putri Azki', 'Perempuan', 15, 'default_avatar.png', 'a37d7e5d-c4a4-4579-9396-fa26ec8b846e', NULL, 'Bekasi', '2014-06-23', 'active', '2026-06-11 11:37:27', '2026-06-11 11:37:27'),
	(357, '0143457169', '2003-020', 'Ubadah Bin Samit', 'Laki-laki', 15, 'default_avatar.png', '22f1cc90-5686-4f8a-b772-bb032e21b65f', NULL, 'Depok', '2014-09-03', 'active', '2026-06-11 11:37:27', '2026-06-11 11:37:27'),
	(358, '0143457170', '2003-021', 'Umarah Bin Walid', 'Laki-laki', 15, 'default_avatar.png', 'fce0df19-ca36-49a9-8205-6c3c01e58283', NULL, 'Jakarta', '2014-11-14', 'active', '2026-06-11 11:37:27', '2026-06-11 11:37:27'),
	(359, '0143457171', '2003-022', 'Wisam Binti Harith', 'Perempuan', 15, 'default_avatar.png', '0f79b724-1a04-40a2-96ac-b51beb4382e0', NULL, 'Bogor', '2014-01-24', 'active', '2026-06-11 11:37:27', '2026-06-11 11:37:27'),
	(360, '0143457172', '2003-023', 'Zumurrud Putri Iman', 'Perempuan', 15, 'default_avatar.png', '60aa2fc7-0914-4900-a5d1-39a6db81ebc7', NULL, 'Tangerang', '2014-04-04', 'active', '2026-06-11 11:37:27', '2026-06-11 11:37:27'),
	(361, '0133457201', '1901-001', 'Abbas Bin Abdul Muttalib', 'Laki-laki', 16, 'default_avatar.png', 'b83da703-27eb-414a-a89a-1aa93e553ac4', NULL, 'Jakarta', '2013-01-06', 'active', '2026-06-11 11:37:27', '2026-06-11 11:37:27'),
	(362, '0133457202', '1901-002', 'Atiyyah Binti Sufyan', 'Perempuan', 16, 'default_avatar.png', '6b5716ac-28a5-449f-98a8-6d3eb1cb33fd', NULL, 'Bogor', '2013-03-17', 'active', '2026-06-11 11:37:27', '2026-06-11 11:37:27'),
	(363, '0133457203', '1901-003', 'Busr Bin Artah', 'Laki-laki', 16, 'default_avatar.png', '8f00f2d8-2054-4810-bfa2-548febe443c4', NULL, 'Bekasi', '2013-05-28', 'active', '2026-06-11 11:37:27', '2026-06-11 11:37:27'),
	(364, '0133457204', '1901-004', 'Dawud Binti Naufal', 'Perempuan', 16, 'default_avatar.png', '75d14548-5fb3-4050-81ab-924a5b4e9bea', NULL, 'Depok', '2013-08-08', 'active', '2026-06-11 11:37:27', '2026-06-11 11:37:27'),
	(365, '0133457205', '1901-005', 'Farwah Bin Musayk', 'Laki-laki', 16, 'default_avatar.png', '764e0762-46bb-4eaf-a664-dd19e6a51d94', NULL, 'Tangerang', '2013-10-19', 'active', '2026-06-11 11:37:27', '2026-06-11 11:37:27'),
	(366, '0133457206', '1901-006', 'Habibah Binti Abi Thalib', 'Perempuan', 16, 'default_avatar.png', '9e796b81-ec6f-414f-a5ef-80ad78b60a38', NULL, 'Jakarta', '2013-12-30', 'active', '2026-06-11 11:37:27', '2026-06-11 11:37:27'),
	(367, '0133457207', '1901-007', 'Imran Bin Matar', 'Laki-laki', 16, 'default_avatar.png', '147e3f8b-2365-4188-a956-e848ed39844b', NULL, 'Bogor', '2013-03-10', 'active', '2026-06-11 11:37:27', '2026-06-11 11:37:27'),
	(368, '0133457208', '1901-008', 'Jamiilah Putri Sari', 'Perempuan', 16, 'default_avatar.png', '88bc8d56-2809-40bc-bcae-7455cabcb973', NULL, 'Tangerang', '2013-05-21', 'active', '2026-06-11 11:37:27', '2026-06-11 11:37:27'),
	(369, '0133457209', '1901-009', 'Kharijah Bin Hudzafah', 'Laki-laki', 16, 'default_avatar.png', '47363732-c3cf-456e-b874-7f2fb2f9302b', NULL, 'Bekasi', '2013-08-01', 'active', '2026-06-11 11:37:27', '2026-06-11 11:37:27'),
	(370, '0133457210', '1901-010', 'Lamis Binti Raafi', 'Perempuan', 16, 'default_avatar.png', '0d06f4ea-95e1-45aa-ab99-e6bad2e397e6', NULL, 'Depok', '2013-10-12', 'active', '2026-06-11 11:37:27', '2026-06-11 11:37:27'),
	(371, '0133457211', '1901-011', 'Maslul Bin Ukasyah', 'Laki-laki', 16, 'default_avatar.png', '79ab4df2-d06a-483c-aae9-a73f6ae6bf83', NULL, 'Jakarta', '2013-12-23', 'active', '2026-06-11 11:37:27', '2026-06-11 11:37:27'),
	(372, '0133457212', '1901-012', 'Muna Putri Aini', 'Perempuan', 16, 'default_avatar.png', 'e673ea4d-0e49-4ada-84a3-859b3a2a84b0', NULL, 'Bogor', '2013-02-02', 'active', '2026-06-11 11:37:27', '2026-06-11 11:37:27'),
	(373, '0133457213', '1901-013', 'Nafi Bin Badil', 'Laki-laki', 16, 'default_avatar.png', '194ede65-aadb-4ad7-83b0-06f2c65bf168', NULL, 'Tangerang', '2013-04-13', 'active', '2026-06-11 11:37:27', '2026-06-11 11:37:27'),
	(374, '0133457214', '1901-014', 'Nuaymah Binti Masud', 'Perempuan', 16, 'default_avatar.png', '9f054ad7-0565-4dc6-9b6e-8e9fee7c76fc', NULL, 'Bekasi', '2013-06-24', 'active', '2026-06-11 11:37:27', '2026-06-11 11:37:27'),
	(375, '0133457215', '1901-015', 'Qusayy Bin Kilab', 'Laki-laki', 16, 'default_avatar.png', '9b959a2a-b177-4625-8760-785c0770bc74', NULL, 'Depok', '2013-09-04', 'active', '2026-06-11 11:37:27', '2026-06-11 11:37:27'),
	(376, '0133457216', '1901-016', 'Rawdah Binti Zubair', 'Perempuan', 16, 'default_avatar.png', '34f33da4-7267-486f-b5d1-c9bb35ca7fb4', NULL, 'Jakarta', '2013-11-15', 'active', '2026-06-11 11:37:27', '2026-06-11 11:37:27'),
	(377, '0133457217', '1901-017', 'Salabah Bin Hatib', 'Laki-laki', 16, 'default_avatar.png', '0c74f620-a47f-45e1-90a6-2f9b612c012b', NULL, 'Bogor', '2013-01-25', 'active', '2026-06-11 11:37:27', '2026-06-11 11:37:27'),
	(378, '0133457218', '1901-018', 'Samiyah Putri Nur', 'Perempuan', 16, 'default_avatar.png', 'c21182bd-2198-4b5f-b774-b5cff00cd5f0', NULL, 'Tangerang', '2013-04-05', 'active', '2026-06-11 11:37:27', '2026-06-11 11:37:27'),
	(379, '0133457219', '1901-019', 'Tawbah Bin Humayr', 'Laki-laki', 16, 'default_avatar.png', '648c88ec-5ead-4108-8ee3-27c4d65d6712', NULL, 'Bekasi', '2013-06-16', 'active', '2026-06-11 11:37:27', '2026-06-11 11:37:27'),
	(380, '0133457220', '1901-020', 'Ubayy Binti Muawiyah', 'Perempuan', 16, 'default_avatar.png', '4b61f7aa-cd03-4303-bc00-275f89c2a46f', NULL, 'Depok', '2013-08-27', 'active', '2026-06-11 11:37:27', '2026-06-11 11:37:27'),
	(381, '0133457221', '1901-021', 'Utbah Bin Masud', 'Laki-laki', 16, 'default_avatar.png', '1ff7a2b6-0604-40f6-b387-f6bc503e9a93', NULL, 'Jakarta', '2013-11-07', 'active', '2026-06-11 11:37:27', '2026-06-11 11:37:27'),
	(382, '0133457222', '1901-022', 'Wafaa Binti Harith', 'Perempuan', 16, 'default_avatar.png', '2025c2e9-ef53-4353-8059-cf0caf95ea24', NULL, 'Bogor', '2013-01-17', 'active', '2026-06-11 11:37:27', '2026-06-11 11:37:27'),
	(383, '0133457223', '1901-023', 'Yahya Bin Mamar', 'Laki-laki', 16, 'default_avatar.png', 'eb57b681-9d99-474f-a986-f656f3da5c3f', NULL, 'Tangerang', '2013-03-28', 'active', '2026-06-11 11:37:27', '2026-06-11 11:37:27'),
	(384, '0133457224', '1901-024', 'Zahra Binti Harb', 'Perempuan', 16, 'default_avatar.png', '18897b63-0c6f-4014-b159-82090c972864', NULL, 'Bekasi', '2013-06-08', 'active', '2026-06-11 11:37:27', '2026-06-11 11:37:27'),
	(385, '0133457225', '1901-025', 'Zubaydah Putri Mulia', 'Perempuan', 16, 'default_avatar.png', '07a5a03c-825d-404a-a23d-f9f24ce9e264', NULL, 'Depok', '2013-08-19', 'active', '2026-06-11 11:37:27', '2026-06-11 11:37:27'),
	(386, '0133457226', '1902-001', 'Aasim Bin Thabit', 'Laki-laki', 17, 'default_avatar.png', '1e103ac3-1830-410a-ba22-df2424509d8e', NULL, 'Jakarta', '2013-01-29', 'active', '2026-06-11 11:37:27', '2026-06-11 11:37:27'),
	(387, '0133457227', '1902-002', 'Barirah Binti Miqsam', 'Perempuan', 17, 'default_avatar.png', '4e8b3fc6-074a-45cd-8b0a-8fa841eed590', NULL, 'Bogor', '2013-04-10', 'active', '2026-06-11 11:37:27', '2026-06-11 11:37:27'),
	(388, '0133457228', '1902-003', 'Dihyah Bin Khalifah', 'Laki-laki', 17, 'default_avatar.png', '187ab641-b033-4861-9fa3-617f42172faa', NULL, 'Tangerang', '2013-06-21', 'active', '2026-06-11 11:37:27', '2026-06-11 11:37:27'),
	(389, '0133457229', '1902-004', 'Fakhitah Binti Abi Thalib', 'Perempuan', 17, 'default_avatar.png', '44bf9cc4-bb86-4cfb-8c05-f37bebd18004', NULL, 'Bekasi', '2013-09-01', 'active', '2026-06-11 11:37:27', '2026-06-11 11:37:27'),
	(390, '0133457230', '1902-005', 'Ghazalah Putri Sari', 'Perempuan', 17, 'default_avatar.png', '9dd3278a-8494-452f-ba23-9ef7676ad4f0', NULL, 'Depok', '2013-11-12', 'active', '2026-06-11 11:37:27', '2026-06-11 11:37:27'),
	(391, '0133457231', '1902-006', 'Huzayfah Bin Yaman', 'Laki-laki', 17, 'default_avatar.png', '1198bcf6-a1c7-47ce-af5a-33be5b767de3', NULL, 'Jakarta', '2013-01-22', 'active', '2026-06-11 11:37:27', '2026-06-11 11:37:27'),
	(392, '0133457232', '1902-007', 'Iyas Bin Salamah', 'Laki-laki', 17, 'default_avatar.png', 'f83e1c2b-c71c-4b09-a1e6-f24f8a165b7b', NULL, 'Bogor', '2013-04-02', 'active', '2026-06-11 11:37:27', '2026-06-11 11:37:27'),
	(393, '0133457233', '1902-008', 'Jamil Bin Muammar', 'Laki-laki', 17, 'default_avatar.png', 'c3b13b96-8bc1-47ac-b08b-6449a64617f4', NULL, 'Tangerang', '2013-06-13', 'active', '2026-06-11 11:37:27', '2026-06-11 11:37:27'),
	(394, '0133457234', '1902-009', 'Khawla Binti Thalabah', 'Perempuan', 17, 'default_avatar.png', 'e4b3ecce-712d-4ac0-aa68-2b9a42ecd896', NULL, 'Bekasi', '2013-08-24', 'active', '2026-06-11 11:37:27', '2026-06-11 11:37:27'),
	(395, '0133457235', '1902-010', 'Layla Binti Abi Murrah', 'Perempuan', 17, 'default_avatar.png', 'e5c5a3da-099c-4184-99e0-f24e4a163ef3', NULL, 'Depok', '2013-11-04', 'active', '2026-06-11 11:37:27', '2026-06-11 11:37:27'),
	(396, '0133457236', '1902-011', 'Muawiyah Bin Hudayj', 'Laki-laki', 17, 'default_avatar.png', '6516322e-4fe4-4935-b46d-4b36d51bb262', NULL, 'Jakarta', '2013-01-14', 'active', '2026-06-11 11:37:27', '2026-06-11 11:37:27'),
	(397, '0133457237', '1902-012', 'Muthiah Putri Cahaya', 'Perempuan', 17, 'default_avatar.png', 'c1916495-2e1b-4cb9-8603-99453cb8bb9d', NULL, 'Bogor', '2013-03-25', 'active', '2026-06-11 11:37:27', '2026-06-11 11:37:27'),
	(398, '0133457238', '1902-013', 'Nafi Bin Jubayr', 'Laki-laki', 17, 'default_avatar.png', 'ce922a69-d31b-4aa2-8201-8165b9caa78f', NULL, 'Tangerang', '2013-06-05', 'active', '2026-06-11 11:37:27', '2026-06-11 11:37:27'),
	(399, '0133457239', '1902-014', 'Nisrin Putri Aini', 'Perempuan', 17, 'default_avatar.png', '8da1f875-ab2e-4275-8b87-6466afdbe3b9', NULL, 'Bekasi', '2013-08-16', 'active', '2026-06-11 11:37:27', '2026-06-11 11:37:27'),
	(400, '0133457240', '1902-015', 'Qusaym Bin Amr', 'Laki-laki', 17, 'default_avatar.png', '73ce60de-0957-40a4-a9cf-5391d9b4b827', NULL, 'Depok', '2013-10-27', 'active', '2026-06-11 11:37:27', '2026-06-11 11:37:27'),
	(401, '0133457241', '1902-016', 'Reem Binti Musaab', 'Perempuan', 17, 'default_avatar.png', 'ddf1546d-cedc-46e5-b4d0-adb8133c2898', NULL, 'Jakarta', '2013-01-06', 'active', '2026-06-11 11:37:27', '2026-06-11 11:37:27'),
	(402, '0133457242', '1902-017', 'Shaddad Bin Aws', 'Laki-laki', 17, 'default_avatar.png', '068b0647-d4f8-4ab0-95da-b034a8c2edde', NULL, 'Bogor', '2013-03-17', 'active', '2026-06-11 11:37:27', '2026-06-11 11:37:27'),
	(403, '0133457243', '1902-018', 'Sumayyah Putri Nur', 'Perempuan', 17, 'default_avatar.png', '3f5d433f-0a18-46e4-a60e-505827b80601', NULL, 'Tangerang', '2013-05-28', 'active', '2026-06-11 11:37:27', '2026-06-11 11:37:27'),
	(404, '0133457244', '1902-019', 'Tufayl Bin Amr', 'Laki-laki', 17, 'default_avatar.png', 'c52fb4bf-f9da-4672-a306-3409a8b1d8a8', NULL, 'Bekasi', '2013-08-08', 'active', '2026-06-11 11:37:27', '2026-06-11 11:37:27'),
	(405, '0133457245', '1902-020', 'Umaymah Binti Bishr', 'Perempuan', 17, 'default_avatar.png', '14a2ff54-e2ed-466c-823d-c43835d9e28b', NULL, 'Depok', '2013-10-19', 'active', '2026-06-11 11:37:27', '2026-06-11 11:37:27'),
	(406, '0133457246', '1902-021', 'Utaybah Bin Abi Lahab', 'Laki-laki', 17, 'default_avatar.png', '9c0ed79f-e2d7-4110-8c83-dd38bb9b7e12', NULL, 'Jakarta', '2013-12-30', 'active', '2026-06-11 11:37:27', '2026-06-11 11:37:27'),
	(407, '0133457247', '1902-022', 'Warda Putri Iman', 'Perempuan', 17, 'default_avatar.png', '735e25b5-cf97-4726-94a8-e8f228ca6884', NULL, 'Bogor', '2013-03-09', 'active', '2026-06-11 11:37:27', '2026-06-11 11:37:27'),
	(408, '0133457248', '1902-023', 'Zayd Bin Harithah', 'Laki-laki', 17, 'default_avatar.png', '3a098a89-5973-43b8-8f9e-ac68cfff1c71', NULL, 'Tangerang', '2013-05-20', 'active', '2026-06-11 11:37:27', '2026-06-11 11:37:27'),
	(409, '0133457249', '1902-024', 'Zubayda Binti Jafar', 'Perempuan', 17, 'default_avatar.png', '343e1c02-b8e6-49c2-b95e-fd7cb35486c7', NULL, 'Bekasi', '2013-07-31', 'active', '2026-06-11 11:37:27', '2026-06-11 11:37:27'),
	(410, '0133457250', '1903-001', 'Amr Bin Uqbah', 'Laki-laki', 18, 'default_avatar.png', 'e7ed1ba6-92b9-46a3-9d49-c2471de8c1da', NULL, 'Jakarta', '2013-02-10', 'active', '2026-06-11 11:37:27', '2026-06-11 11:37:27'),
	(411, '0133457251', '1903-002', 'Buthainah Binti Jubayr', 'Perempuan', 18, 'default_avatar.png', '09074bee-1b95-419c-a8bb-7359203f4926', NULL, 'Bogor', '2013-04-21', 'active', '2026-06-11 11:37:27', '2026-06-11 11:37:27'),
	(412, '0133457252', '1903-003', 'Dhabah Bin Sufyan', 'Laki-laki', 18, 'default_avatar.png', '2afc4af6-d332-4ecf-ace6-8caf37f652e2', NULL, 'Depok', '2013-07-02', 'active', '2026-06-11 11:37:27', '2026-06-11 11:37:27'),
	(413, '0133457253', '1903-004', 'Faqirah Putri Sari', 'Perempuan', 18, 'default_avatar.png', 'f7b1dd9a-9b64-4921-b91c-d6e8081d8a90', NULL, 'Tangerang', '2013-09-13', 'active', '2026-06-11 11:37:27', '2026-06-11 11:37:27'),
	(414, '0133457254', '1903-005', 'Ghaylan Bin Uqbah', 'Laki-laki', 18, 'default_avatar.png', 'fc48a6d6-1f10-441b-9004-a7314be0ac51', NULL, 'Bekasi', '2013-11-24', 'active', '2026-06-11 11:37:27', '2026-06-11 11:37:27'),
	(415, '0133457255', '1903-006', 'Hafsah Binti Shuayb', 'Perempuan', 18, 'default_avatar.png', 'f85d20a3-eeb7-499c-a8bc-b6e771af06cb', NULL, 'Jakarta', '2013-02-03', 'active', '2026-06-11 11:37:27', '2026-06-11 11:37:27'),
	(416, '0133457256', '1903-007', 'Ikrishah Putri Nur', 'Perempuan', 18, 'default_avatar.png', 'd0bf5429-02ee-402f-92e2-511d319e989a', NULL, 'Bogor', '2013-04-14', 'active', '2026-06-11 11:37:27', '2026-06-11 11:37:27'),
	(417, '0133457257', '1903-008', 'Jabir Bin Samurah', 'Laki-laki', 18, 'default_avatar.png', '620d0e79-5005-4459-8fc4-2bcd7c984867', NULL, 'Tangerang', '2013-06-25', 'active', '2026-06-11 11:37:27', '2026-06-11 11:37:27'),
	(418, '0133457258', '1903-009', 'Khuzaymah Bin Tsabit', 'Laki-laki', 18, 'default_avatar.png', 'a8406ef6-7c83-43ae-88a2-3046d0448161', NULL, 'Bekasi', '2013-09-05', 'active', '2026-06-11 11:37:27', '2026-06-11 11:37:27'),
	(419, '0133457259', '1903-010', 'Lubna Binti Amr', 'Perempuan', 18, 'default_avatar.png', '4390aa42-58e8-4475-987e-2fe97cc94048', NULL, 'Depok', '2013-11-16', 'active', '2026-06-11 11:37:27', '2026-06-11 11:37:27'),
	(420, '0133457260', '1903-011', 'Mujibah Putri Aini', 'Perempuan', 18, 'default_avatar.png', 'd5eb1639-d7de-4bb3-a2f5-036d92183e27', NULL, 'Jakarta', '2013-01-26', 'active', '2026-06-11 11:37:27', '2026-06-11 11:37:27'),
	(421, '0133457261', '1903-012', 'Mundhir Bin Sawa', 'Laki-laki', 18, 'default_avatar.png', '8f3d0d6c-d255-46dd-8bcb-94c39bc2b1e2', NULL, 'Bogor', '2013-04-06', 'active', '2026-06-11 11:37:27', '2026-06-11 11:37:27'),
	(422, '0133457262', '1903-013', 'Nasibah Binti Kaab', 'Perempuan', 18, 'default_avatar.png', '7759265c-bfb7-4e67-acc2-f806c3a94fae', NULL, 'Tangerang', '2013-06-17', 'active', '2026-06-11 11:37:27', '2026-06-11 11:37:27'),
	(423, '0133457263', '1903-014', 'Nawfal Bin Khuwaylid', 'Laki-laki', 18, 'default_avatar.png', 'ef9bc6d8-81b7-4002-bb35-9fe917437f53', NULL, 'Bekasi', '2013-08-28', 'active', '2026-06-11 11:37:27', '2026-06-11 11:37:27'),
	(424, '0133457264', '1903-015', 'Qutaybah Bin Muslim', 'Laki-laki', 18, 'default_avatar.png', '28678469-74b3-47e2-bcad-0b63d80c6937', NULL, 'Depok', '2013-11-08', 'active', '2026-06-11 11:37:27', '2026-06-11 11:37:27'),
	(425, '0133457265', '1903-016', 'Rabiah Binti Muawwidz', 'Perempuan', 18, 'default_avatar.png', 'a8069044-be8f-46b1-816b-b67acdb75b7d', NULL, 'Jakarta', '2013-01-18', 'active', '2026-06-11 11:37:27', '2026-06-11 11:37:27'),
	(426, '0133457266', '1903-017', 'Salim Bin Ubayd', 'Laki-laki', 18, 'default_avatar.png', 'a3d6c9b2-1490-4118-bcf7-6af020e3c8a8', NULL, 'Bogor', '2013-03-29', 'active', '2026-06-11 11:37:27', '2026-06-11 11:37:27'),
	(427, '0133457267', '1903-018', 'Siham Putri Cahaya', 'Perempuan', 18, 'default_avatar.png', '94dd6d0e-11c4-4fb0-80be-9443aafc0e94', NULL, 'Tangerang', '2013-06-09', 'active', '2026-06-11 11:37:27', '2026-06-11 11:37:27'),
	(428, '0133457268', '1903-019', 'Talhah Bin Amr', 'Laki-laki', 18, 'default_avatar.png', '03c7f132-a61a-40f7-8389-26cd711fbe3b', NULL, 'Bekasi', '2013-08-20', 'active', '2026-06-11 11:37:27', '2026-06-11 11:37:27'),
	(429, '0133457269', '1903-020', 'Ummu Abiha Putri', 'Perempuan', 18, 'default_avatar.png', '49b0c37a-2b96-466b-9330-f8655bb358e7', NULL, 'Depok', '2013-10-31', 'active', '2026-06-11 11:37:27', '2026-06-11 11:37:27'),
	(430, '0133457270', '1903-021', 'Urwah Bin Masud', 'Laki-laki', 18, 'default_avatar.png', '562a8bad-3666-4faf-b5d5-dcca3789c5ae', NULL, 'Jakarta', '2013-01-10', 'active', '2026-06-11 11:37:27', '2026-06-11 11:37:27'),
	(431, '0133457271', '1903-022', 'Walha Binti Awf', 'Perempuan', 18, 'default_avatar.png', '02ca6c66-106d-4185-99e8-00f4acd9d9ae', NULL, 'Bogor', '2013-03-21', 'active', '2026-06-11 11:37:27', '2026-06-11 11:37:27'),
	(432, '0133457272', '1903-023', 'Zaynab Binti Abi Muawiyah', 'Perempuan', 18, 'default_avatar.png', 'd8d095ab-4d87-4112-af25-846ab77ccf8b', NULL, 'Depok', '2013-06-01', 'active', '2026-06-11 11:37:27', '2026-06-11 11:37:27');

-- Dumping structure for table e_absensi_siswa.subjects
DROP TABLE IF EXISTS `subjects`;
CREATE TABLE IF NOT EXISTS `subjects` (
  `id` bigint unsigned NOT NULL AUTO_INCREMENT,
  `name` varchar(255) COLLATE utf8mb4_unicode_ci NOT NULL,
  `code` varchar(255) COLLATE utf8mb4_unicode_ci DEFAULT NULL,
  `created_at` timestamp NULL DEFAULT NULL,
  `updated_at` timestamp NULL DEFAULT NULL,
  PRIMARY KEY (`id`)
) ENGINE=InnoDB AUTO_INCREMENT=14 DEFAULT CHARSET=utf8mb4 COLLATE=utf8mb4_unicode_ci;

-- Dumping data for table e_absensi_siswa.subjects: ~13 rows (approximately)
DELETE FROM `subjects`;
INSERT INTO `subjects` (`id`, `name`, `code`, `created_at`, `updated_at`) VALUES
	(1, 'Al-Qur\'an Hadits', 'PAI-AQ', NULL, NULL),
	(2, 'Akidah Akhlak', 'PAI-AK', NULL, NULL),
	(3, 'Fikih', 'PAI-FI', NULL, NULL),
	(4, 'Sejarah Kebudayaan Islam', 'PAI-SK', NULL, NULL),
	(5, 'Bahasa Indonesia', 'BIN', NULL, NULL),
	(6, 'Matematika', 'MAT', NULL, NULL),
	(7, 'Ilmu Pengetahuan Alam', 'IPA', NULL, NULL),
	(8, 'Ilmu Pengetahuan Sosial', 'IPS', NULL, NULL),
	(9, 'Pendidikan Pancasila', 'PKN', NULL, NULL),
	(10, 'Bahasa Inggris', 'BIG', NULL, NULL),
	(11, 'Bahasa Arab', 'BAR', NULL, NULL),
	(12, 'Seni Budaya dan Prakarya', 'SBK', NULL, NULL),
	(13, 'PJOK (Olahraga)', 'PJOK', NULL, NULL);

-- Dumping structure for table e_absensi_siswa.users
DROP TABLE IF EXISTS `users`;
CREATE TABLE IF NOT EXISTS `users` (
  `id` bigint unsigned NOT NULL AUTO_INCREMENT,
  `name` varchar(255) COLLATE utf8mb4_unicode_ci NOT NULL,
  `email` varchar(255) COLLATE utf8mb4_unicode_ci NOT NULL,
  `role` enum('super_admin','wali_kelas','orang_tua') COLLATE utf8mb4_unicode_ci NOT NULL DEFAULT 'orang_tua',
  `email_verified_at` timestamp NULL DEFAULT NULL,
  `password` varchar(255) COLLATE utf8mb4_unicode_ci NOT NULL,
  `remember_token` varchar(100) COLLATE utf8mb4_unicode_ci DEFAULT NULL,
  `is_approved` tinyint(1) NOT NULL DEFAULT '0',
  `created_at` timestamp NULL DEFAULT NULL,
  `updated_at` timestamp NULL DEFAULT NULL,
  PRIMARY KEY (`id`),
  UNIQUE KEY `users_email_unique` (`email`)
) ENGINE=InnoDB AUTO_INCREMENT=1748 DEFAULT CHARSET=utf8mb4 COLLATE=utf8mb4_unicode_ci;

-- Dumping data for table e_absensi_siswa.users: ~451 rows (approximately)
DELETE FROM `users`;
INSERT INTO `users` (`id`, `name`, `email`, `role`, `email_verified_at`, `password`, `remember_token`, `is_approved`, `created_at`, `updated_at`) VALUES
	(1, 'Admin Sekolah', 'admin@gmail.com', 'super_admin', NULL, '$2y$12$ODqlpYiMb62dM6jMbmon5uMyf2Lhs3ma1VB6GZCr0qFCDt7ZpwjsK', 'qzNNBOash4aTzpJNkOq0tCk3476mZovRHAt3n2DYFT9QILk3KJ7VjwbHUY3P', 1, '2026-06-11 11:04:55', '2026-06-11 11:04:55'),
	(2, 'Ustadz Ahmad Fauzi, S.Pd.I.', 'ahmad.fauzi@mischool.sch.id', 'wali_kelas', '2026-06-11 12:11:16', '$2y$12$sa2zlomv3GDdYJOnRwTW4eWZq2h0y84j.euUG4DYacZvwiaBXNa72', NULL, 1, '2026-06-11 12:11:16', '2026-06-11 12:11:16'),
	(3, 'Ustadzah Siti Rahmawati, S.Pd.', 'siti.rahmawati@mischool.sch.id', 'wali_kelas', '2026-06-11 12:11:17', '$2y$12$mgXwZ0AIW9FZODfryMzhxeze2PUtoihJf8j4RxK6mHR.kZz6BNnvS', NULL, 1, '2026-06-11 12:11:17', '2026-06-11 12:11:17'),
	(4, 'Ustadzah Nurul Hidayah, S.Pd.', 'nurul.hidayah@mischool.sch.id', 'wali_kelas', '2026-06-11 12:11:19', '$2y$12$y9KVd/xyJ34HwsivqNCnk.7JFbsZwWss8r2EVm3BIDBmjeBKV34WS', NULL, 1, '2026-06-11 12:11:19', '2026-06-11 12:11:19'),
	(5, 'Ustadz Muhammad Yusuf, S.Pd.I.', 'm.yusuf@mischool.sch.id', 'wali_kelas', '2026-06-11 12:11:20', '$2y$12$nqUonTHuxHM.8ci8D0IX1uxIntWmjgdUaV.oW319F1rTe7aSZc8YK', NULL, 1, '2026-06-11 12:11:20', '2026-06-11 12:11:20'),
	(6, 'Ustadzah Fatimah Azzahra, S.Pd.', 'fatimah.azzahra@mischool.sch.id', 'wali_kelas', '2026-06-11 12:11:21', '$2y$12$EEqY9/52g0VPI4r2574ReO0QPwMWNG.gTcV7QWYHlbF8cE9B0QUqq', NULL, 1, '2026-06-11 12:11:21', '2026-06-11 12:11:21'),
	(7, 'Ustadz Hasan Basri, S.Pd.I.', 'hasan.basri@mischool.sch.id', 'wali_kelas', '2026-06-11 12:11:23', '$2y$12$Zpsb9ite1LnqMG4jBHZnwuB868k442MaEhCKm5E2Ws3Y2OwyjWzmG', NULL, 1, '2026-06-11 12:11:23', '2026-06-11 12:11:23'),
	(8, 'Ustadzah Khadijah Nur, M.Pd.', 'khadijah.nur@mischool.sch.id', 'wali_kelas', '2026-06-11 12:11:23', '$2y$12$xtJSOWtKxwXl8zJJChNMieKGbG8k3uiuX01IifgYBtdLAmCsy9.HS', NULL, 1, '2026-06-11 12:11:23', '2026-06-11 12:11:23'),
	(9, 'Ustadz Zainul Arifin, S.Pd.I.', 'zainul.arifin@mischool.sch.id', 'wali_kelas', '2026-06-11 12:11:24', '$2y$12$dx3HyDaOKvROjAEOm8OiH.Sa7BKkRThw4NFNFPfANb2C6oxvtcGOK', NULL, 1, '2026-06-11 12:11:24', '2026-06-11 12:11:24'),
	(10, 'Ustadzah Maryam Solehah, S.Pd.', 'maryam.solehah@mischool.sch.id', 'wali_kelas', '2026-06-11 12:11:25', '$2y$12$1/72LpwLDafyRgKZmEahROboDdg9uCqDlhb/jVFSUOsmvoorv5asO', NULL, 1, '2026-06-11 12:11:25', '2026-06-11 12:11:25'),
	(11, 'Ustadz Abdul Hamid, S.Pd.I.', 'abdul.hamid@mischool.sch.id', 'wali_kelas', '2026-06-11 12:11:26', '$2y$12$IeNZEQQTJpYA8atZi7XrjeWTe9V4jAAgDD56lcLAnqVESxho7B3Ru', NULL, 1, '2026-06-11 12:11:26', '2026-06-11 12:11:26'),
	(12, 'Ustadzah Aisyah Permata, S.Pd.', 'aisyah.permata@mischool.sch.id', 'wali_kelas', '2026-06-11 12:11:27', '$2y$12$zrx6ypXX5HVmAdfb3cFNceGVRU2iRMgO9OUfVvoKUDRwxFUcG3fL6', NULL, 1, '2026-06-11 12:11:27', '2026-06-11 12:11:27'),
	(13, 'Ustadz Ridwan Hakim, M.Pd.I.', 'ridwan.hakim@mischool.sch.id', 'wali_kelas', '2026-06-11 12:11:28', '$2y$12$zOKwKISpTCdjM3tjg2PJ.OkZupz66MV/VS1wmRMeNNsj7HcyvPtxO', NULL, 1, '2026-06-11 12:11:28', '2026-06-11 12:11:28'),
	(14, 'Ustadzah Halimah Tusadiyah, S.Pd.', 'halimah.tusadiyah@mischool.sch.id', 'wali_kelas', '2026-06-11 12:11:29', '$2y$12$Vj4tKVKBFhxx0JLxN7c0pelvEdkxAyp8Bx13J9FAro4D5DH8UbBI2', NULL, 1, '2026-06-11 12:11:29', '2026-06-11 12:11:29'),
	(15, 'Ustadz Syaifullah Amin, S.Pd.I.', 'syaifullah.amin@mischool.sch.id', 'wali_kelas', '2026-06-11 12:11:30', '$2y$12$2BFhbYqlUWJKgKWl19onIu2IkkICj3hJkTSpO913jW/Wz/6jUC3cm', NULL, 1, '2026-06-11 12:11:30', '2026-06-11 12:11:30'),
	(16, 'Ustadzah Rohimah Dewi, M.Pd.', 'rohimah.dewi@mischool.sch.id', 'wali_kelas', '2026-06-11 12:11:31', '$2y$12$pqR4Zr.7otx58dFytwLp7eG9w1KO23YHvpFl5Blot0FKfgBNzO/cq', NULL, 1, '2026-06-11 12:11:31', '2026-06-11 12:11:31'),
	(17, 'Ustadz Mukhlis Fathoni, M.Pd.I.', 'mukhlis.fathoni@mischool.sch.id', 'wali_kelas', '2026-06-11 12:11:32', '$2y$12$LIXq9o5E2KUflKQggGtp8eOAJWy2SDXzAt0mUraGgUmMGCjqi13xe', NULL, 1, '2026-06-11 12:11:32', '2026-06-11 12:11:32'),
	(18, 'Ustadzah Badriyah Salim, S.Pd.', 'badriyah.salim@mischool.sch.id', 'wali_kelas', '2026-06-11 12:11:32', '$2y$12$dWw6VjU.vAE9ujdJHyKclOU6CqSpbDG31rMFnqFak22mxR8k4yZnS', NULL, 1, '2026-06-11 12:11:32', '2026-06-11 12:11:32'),
	(19, 'Ustadz Ihsan Kamil, S.Pd.I.', 'ihsan.kamil@mischool.sch.id', 'wali_kelas', '2026-06-11 12:11:33', '$2y$12$RBQKW0AswgIqEc/JXeXfneIar09SOAovTCsBoxeorfhAihc4ECzDC', NULL, 1, '2026-06-11 12:11:33', '2026-06-11 12:11:33'),
	(1316, 'Ani Anggriawan', 'ani0183456701@gmail.com', 'orang_tua', '2026-06-11 15:21:28', '$2y$12$EBt.j02fQpY6hMOQn/3SfeC4O7Cw5UHUrY7rq9W7cyB9IZrI5loH.', NULL, 1, '2026-06-11 15:21:28', '2026-06-11 15:21:28'),
	(1317, 'Handoko Yulianti', 'handoko0183456702@gmail.com', 'orang_tua', '2026-06-11 15:21:28', '$2y$12$kR6ek7XJXbBXEhYwrNUV3eTUNRD9WBv32FaeD5FX5YG3XPQjywBnW', NULL, 1, '2026-06-11 15:21:28', '2026-06-11 15:21:28'),
	(1318, 'Rina Astuti', 'rina0183456703@gmail.com', 'orang_tua', '2026-06-11 15:21:28', '$2y$12$fm6W8r0W9H7C8MZdZ1VHg.GEBfAm5SQRknkwWcFscL8QOYvpK.fga', NULL, 1, '2026-06-11 15:21:28', '2026-06-11 15:21:28'),
	(1319, 'Handoko Sitorus', 'handoko123@gmail.com', 'orang_tua', '2026-06-11 15:21:29', '$2y$12$zn3c9T2JaTGyIQKna5CLPOBYjSepzhSFzGBaBKTsu3wCP6.aJrtQS', NULL, 1, '2026-06-11 15:21:29', '2026-06-25 13:01:47'),
	(1320, 'Susanto Sihombing', 'susanto0183456705@gmail.com', 'orang_tua', '2026-06-11 15:21:29', '$2y$12$2vDTcWpLHtYVqjsh2sM8pOPrpAV0rMQLYd1NKIam4T8uRyf8.aNrG', NULL, 1, '2026-06-11 15:21:29', '2026-06-11 15:21:29'),
	(1321, 'Budi Suryono', 'budi0183456706@gmail.com', 'orang_tua', '2026-06-11 15:21:29', '$2y$12$OLt9ObKXQK2muX..SbAwCudNK05eLGBHQ0wXp8tpYLoYCNM2/BdF2', NULL, 1, '2026-06-11 15:21:29', '2026-06-11 15:21:29'),
	(1322, 'Agus Oktaviani', 'agus0183456707@gmail.com', 'orang_tua', '2026-06-11 15:21:30', '$2y$12$uZgAmabuYsfH5esFVpGLyemNwdFDJ4swGift5hcO6j1W5hF8wnO3S', NULL, 1, '2026-06-11 15:21:30', '2026-06-11 15:21:30'),
	(1323, 'Agus Kurniawan', 'agus0183456708@gmail.com', 'orang_tua', '2026-06-11 15:21:30', '$2y$12$iwHQwKG2dqDH43Igjq.tCO5EUYHC8VJw8/RrfkdC5SoN0MXwwzp16', NULL, 1, '2026-06-11 15:21:30', '2026-06-11 15:21:30'),
	(1324, 'Ahmad Maheswara', 'ahmad0183456709@gmail.com', 'orang_tua', '2026-06-11 15:21:30', '$2y$12$9UnS8LrvYNpF17Z2Cw2D4Oq6BNESz9sl3X08Io8f./gVve9.gGo2m', NULL, 1, '2026-06-11 15:21:30', '2026-06-11 15:21:30'),
	(1325, 'Joko Mandala', 'joko0183456710@gmail.com', 'orang_tua', '2026-06-11 15:21:31', '$2y$12$Gval0Fr2RYZjZif6MGGI0.2o14Ij7vYmAB9LiWhD4MRt5sh.DpYRa', NULL, 1, '2026-06-11 15:21:31', '2026-06-11 15:21:31'),
	(1326, 'Budi Wahyuni', 'budi0183456711@gmail.com', 'orang_tua', '2026-06-11 15:21:31', '$2y$12$9TJDvi5PKwR9YDM1wsXy5eZfC5TDBUz06NXxa6Bi3ine0rkDiQr2m', NULL, 1, '2026-06-11 15:21:31', '2026-06-11 15:21:31'),
	(1327, 'Handoko Wulandari', 'handoko0183456712@gmail.com', 'orang_tua', '2026-06-11 15:21:31', '$2y$12$bYOyos1JtLFKzkFDmePQU.mmvI5ZKQhSTF4sJrQpMB61Z.CFfViii', NULL, 1, '2026-06-11 15:21:31', '2026-06-11 15:21:31'),
	(1328, 'Siti Mayasari', 'siti0183456713@gmail.com', 'orang_tua', '2026-06-11 15:21:32', '$2y$12$onhdcksnOMnnOsl1/wlCv.Nk3HsZLWAXbwduodBdDzyXx1STESTW6', NULL, 1, '2026-06-11 15:21:32', '2026-06-11 15:21:32'),
	(1329, 'Yulianti Prasetyo', 'yulianti0183456714@gmail.com', 'orang_tua', '2026-06-11 15:21:32', '$2y$12$Ot/1NV1EilC8eZqnU2IYFuFNEiIHiu.doHU24N0vYbCVvp3eElwm2', NULL, 1, '2026-06-11 15:21:32', '2026-06-11 15:21:32'),
	(1330, 'Siti Susanti', 'siti0183456715@gmail.com', 'orang_tua', '2026-06-11 15:21:32', '$2y$12$U8i1jIsAnBitX9LVyCUjTOUvlO95z6EAYTIAeCb6ziark5AjyHmZS', NULL, 1, '2026-06-11 15:21:32', '2026-06-11 15:21:32'),
	(1331, 'Yulianti Marbun', 'yulianti0183456716@gmail.com', 'orang_tua', '2026-06-11 15:21:33', '$2y$12$Vy2Rvsjee1F0aatKrj3ISOlqTL6me7Ba4p2zZfOosOZ.msKgNuJuy', NULL, 1, '2026-06-11 15:21:33', '2026-06-11 15:21:33'),
	(1332, 'Joko Firmansyah', 'joko0183456717@gmail.com', 'orang_tua', '2026-06-11 15:21:33', '$2y$12$G3oLfybiebN8y3BdYoVR5.y8LnpT4hmu2XsIt8udagKjZ.CwtWRdi', NULL, 1, '2026-06-11 15:21:33', '2026-06-11 15:21:33'),
	(1333, 'Putri Natsir', 'putri0183456718@gmail.com', 'orang_tua', '2026-06-11 15:21:33', '$2y$12$pWpwQ/QYq6J9C8zErG2n6.CZZwE3TPaTdsUA2YQXKFcVrhc6dTPPq', NULL, 1, '2026-06-11 15:21:33', '2026-06-11 15:21:33'),
	(1334, 'Yulianti Zulaika', 'yulianti0183456719@gmail.com', 'orang_tua', '2026-06-11 15:21:34', '$2y$12$bmE0pgj/dqd8wCfEp.Gt7uODc2QpWpPPquQONl75d85V5gbj08Yp.', NULL, 1, '2026-06-11 15:21:34', '2026-06-11 15:21:34'),
	(1335, 'Joko Siregar', 'joko0183456720@gmail.com', 'orang_tua', '2026-06-11 15:21:34', '$2y$12$n8op9kAERlTkr6lnub0kx.9ziTuIYbpca4r2N/4FnqVfJbWjYUwQK', NULL, 1, '2026-06-11 15:21:34', '2026-06-11 15:21:34'),
	(1336, 'Agus Simbolon', 'agus0183456721@gmail.com', 'orang_tua', '2026-06-11 15:21:34', '$2y$12$1MTXRV5FSLcARH.Lb9mdJuJSOwm7MFw/MIk/Bo5Fa1DtoFrMmRvsa', NULL, 1, '2026-06-11 15:21:34', '2026-06-11 15:21:34'),
	(1337, 'Siti Suryatmi', 'siti0183456722@gmail.com', 'orang_tua', '2026-06-11 15:21:35', '$2y$12$w4d1Drd9VeqZ88arCdEYiej/zaiXH.A//qD/bnhNfJOf0sTw9/PQe', NULL, 1, '2026-06-11 15:21:35', '2026-06-11 15:21:35'),
	(1338, 'Ahmad Samosir', 'ahmad0183456723@gmail.com', 'orang_tua', '2026-06-11 15:21:35', '$2y$12$o1OexikWHIW1NVPz2UExwevtZmQczxQy2oDvxdvGk5/SjsKhW00mO', NULL, 1, '2026-06-11 15:21:35', '2026-06-11 15:21:35'),
	(1339, 'Yulianti Maulana', 'yulianti0183456724@gmail.com', 'orang_tua', '2026-06-11 15:21:35', '$2y$12$0IWA0pPlyiBL6zAG2fHFcuBqU7Ax9WEgUl7qpiJeEZeKqF17hjDwa', NULL, 1, '2026-06-11 15:21:35', '2026-06-11 15:21:35'),
	(1340, 'Susanto Nainggolan', 'susanto0183456725@gmail.com', 'orang_tua', '2026-06-11 15:21:36', '$2y$12$TYb5XCYh.i7Gyzq2aDFeburVZIX/JR0meUwf6AvYrLaTaYSYwcXW2', NULL, 1, '2026-06-11 15:21:36', '2026-06-11 15:21:36'),
	(1341, 'Handoko Permata', 'handoko0183456726@gmail.com', 'orang_tua', '2026-06-11 15:21:36', '$2y$12$ZF1qjMLjlg/AIVZmvOtIhed7OneTB/.TnfvcvjpT4xkhXYWUpOOsC', NULL, 1, '2026-06-11 15:21:36', '2026-06-11 15:21:36'),
	(1342, 'Ahmad Rajasa', 'ahmad0183456727@gmail.com', 'orang_tua', '2026-06-11 15:21:36', '$2y$12$pjlZpu.q6Y2plpTPiiMqY.BEvdkWUxx2fttrnhqmOECaUQEVVKJ8O', NULL, 1, '2026-06-11 15:21:36', '2026-06-11 15:21:36'),
	(1343, 'Handoko Rahmawati', 'handoko0183456728@gmail.com', 'orang_tua', '2026-06-11 15:21:37', '$2y$12$B3omy.V8Z8cVZPxRzgfwVOkHp0cgSyHyrd8gak7aypwN5QXFrgYKa', NULL, 1, '2026-06-11 15:21:37', '2026-06-11 15:21:37'),
	(1344, 'Yulianti Hasanah', 'yulianti0183456729@gmail.com', 'orang_tua', '2026-06-11 15:21:37', '$2y$12$.bI.UX3f8njAZYEq8GOVE.aI2StPHLwinS2W0VCkSzRJPUonpLJkW', NULL, 1, '2026-06-11 15:21:37', '2026-06-11 15:21:37'),
	(1345, 'Putri Sitorus', 'putri0183456730@gmail.com', 'orang_tua', '2026-06-11 15:21:37', '$2y$12$0BvSjkXTXVJIbGIz6jmTi.1XpnE2EWsTgPv2dxwISeca4O5vOuYTm', NULL, 1, '2026-06-11 15:21:37', '2026-06-11 15:21:37'),
	(1346, 'Siti Zulaika', 'siti0183456731@gmail.com', 'orang_tua', '2026-06-11 15:21:38', '$2y$12$iW4aKeqmlXElCu.JIU1na.jHylOCL0t66LgzRm7tGwKg/zClz/KLa', NULL, 1, '2026-06-11 15:21:38', '2026-06-11 15:21:38'),
	(1347, 'Susanto Hakim', 'susanto0183456732@gmail.com', 'orang_tua', '2026-06-11 15:21:38', '$2y$12$hqsttfz4A/lD4eL8/dpnI.JWhu2W3dCBKeSndyHjtsEn69tzd508S', NULL, 1, '2026-06-11 15:21:38', '2026-06-11 15:21:38'),
	(1348, 'Handoko Mardhiyah', 'handoko0183456733@gmail.com', 'orang_tua', '2026-06-11 15:21:38', '$2y$12$ZiqNrhbX6Pxa/xuv63.iieMXgr9LFG9ORvbx9gkFU6aMoxKxSbqQq', NULL, 1, '2026-06-11 15:21:38', '2026-06-11 15:21:38'),
	(1349, 'Putri Januar', 'putri0183456734@gmail.com', 'orang_tua', '2026-06-11 15:21:39', '$2y$12$yN4DUCkjiGGmPS.ukJnTFufYKYWlOWvn85Z1k3b3TODfwbMG9zdT6', NULL, 1, '2026-06-11 15:21:39', '2026-06-11 15:21:39'),
	(1350, 'Handoko Pratiwi', 'handoko0183456735@gmail.com', 'orang_tua', '2026-06-11 15:21:39', '$2y$12$jXcRhPDCjKWvCkHiUNMJQegLw2xyndGDlZaVq3GhILtvcUV1MHUH.', NULL, 1, '2026-06-11 15:21:39', '2026-06-11 15:21:39'),
	(1351, 'Yulianti Samosir', 'yulianti0183456736@gmail.com', 'orang_tua', '2026-06-11 15:21:39', '$2y$12$JFLdqxWDaZ6ugTAgkXll0OSfwiiAfIPJuJFKkD3AHNcn3VkkIIaGi', NULL, 1, '2026-06-11 15:21:39', '2026-06-11 15:21:39'),
	(1352, 'Ani Puspita', 'ani0183456737@gmail.com', 'orang_tua', '2026-06-11 15:21:40', '$2y$12$./iPte5cVNE9eePIuvkideVrCgqAfeR48/pwW8Z16TsFJEkyL6oO6', NULL, 1, '2026-06-11 15:21:40', '2026-06-11 15:21:40'),
	(1353, 'Putri Usada', 'putri0183456738@gmail.com', 'orang_tua', '2026-06-11 15:21:40', '$2y$12$YipRGf7z3K.8L/3NSKvzy.7TH2e.ikFgGY1M/U0rv3Frm4hX95Hz2', NULL, 1, '2026-06-11 15:21:40', '2026-06-11 15:21:40'),
	(1354, 'Siti Pudjiastuti', 'siti0183456739@gmail.com', 'orang_tua', '2026-06-11 15:21:40', '$2y$12$ujbikAtIbHbV6SG74e/xXer0zMNZaYnb/GqQE3bYpTpVJXdTwPPbC', NULL, 1, '2026-06-11 15:21:40', '2026-06-11 15:21:40'),
	(1355, 'Budi Oktaviani', 'budi0183456740@gmail.com', 'orang_tua', '2026-06-11 15:21:41', '$2y$12$zFn.vKqfdlj8vNkryNNcu.tbi9s6y6Ag7lYfiXw633F5S/NtEL.ZS', NULL, 1, '2026-06-11 15:21:41', '2026-06-11 15:21:41'),
	(1356, 'Agus Mandala', 'agus0183456741@gmail.com', 'orang_tua', '2026-06-11 15:21:41', '$2y$12$IHusi/MuKA9E8akHzbGkyuHeAz2uzmUwmv1Z/K46bQb1tfkDbDNze', NULL, 1, '2026-06-11 15:21:41', '2026-06-11 15:21:41'),
	(1357, 'Rina Pudjiastuti', 'rina0183456742@gmail.com', 'orang_tua', '2026-06-11 15:21:41', '$2y$12$LZe2t9/uWsRVswJwGZi6oOAILnuuVX5duqjyMe3BekuHFoEv3q3Ei', NULL, 1, '2026-06-11 15:21:41', '2026-06-11 15:21:41'),
	(1358, 'Ahmad Hasanah', 'ahmad0183456743@gmail.com', 'orang_tua', '2026-06-11 15:21:42', '$2y$12$J3zcg3JcNDdJxum6k4Jo9O84CkFz8iNorbaE3yUDaFW0IhU35vxrW', NULL, 1, '2026-06-11 15:21:42', '2026-06-11 15:21:42'),
	(1359, 'Rina Ardianto', 'rina0183456744@gmail.com', 'orang_tua', '2026-06-11 15:21:42', '$2y$12$m8K054E.5YVQ351TCAQ.eehCROATGpFT20s0dwiG4ldxKGv6/Y8V.', NULL, 1, '2026-06-11 15:21:42', '2026-06-11 15:21:42'),
	(1360, 'Susanto Saptono', 'susanto0183456745@gmail.com', 'orang_tua', '2026-06-11 15:21:42', '$2y$12$ph0DYXUAHe3FRICxxkAume4nCnr4cBdvGaqFhytOprVzmahmKs926', NULL, 1, '2026-06-11 15:21:42', '2026-06-11 15:21:42'),
	(1361, 'Susanto Sinaga', 'susanto0183456746@gmail.com', 'orang_tua', '2026-06-11 15:21:43', '$2y$12$oyZR5lgRxQRfprWAGFA25uN3kXrAwWkU/SCCI9R8TpVpFnG51kZbC', NULL, 1, '2026-06-11 15:21:43', '2026-06-11 15:21:43'),
	(1362, 'Joko Hartati', 'joko0183456747@gmail.com', 'orang_tua', '2026-06-11 15:21:43', '$2y$12$P.08GYUBWsH6gDXQymf8AO31a6icnslF7DXus2ZgACwb/v/4gCm.u', NULL, 1, '2026-06-11 15:21:43', '2026-06-11 15:21:43'),
	(1363, 'Susanto Setiawan', 'susanto0183456748@gmail.com', 'orang_tua', '2026-06-11 15:21:43', '$2y$12$BjDzUh579uBSvRpU.4la7.npRjWNhOWDV1WS33rq8slmPWhOc41X.', NULL, 1, '2026-06-11 15:21:43', '2026-06-11 15:21:43'),
	(1364, 'Dewi Habibi', 'dewi0183456749@gmail.com', 'orang_tua', '2026-06-11 15:21:44', '$2y$12$9uHwU0FwCwtCHpHEULpdoenQH5ALuegzqkYubDZvtnqREKqg3LH1K', NULL, 1, '2026-06-11 15:21:44', '2026-06-11 15:21:44'),
	(1365, 'Dewi Susanti', 'dewi0183456750@gmail.com', 'orang_tua', '2026-06-11 15:21:44', '$2y$12$eIxZYE4SaSOxRi4sezLM8Ogrcux49WD0lVOW76zcHs.pxTvppgtf.', NULL, 1, '2026-06-11 15:21:44', '2026-06-11 15:21:44'),
	(1366, 'Dewi Hidayat', 'dewi0183456751@gmail.com', 'orang_tua', '2026-06-11 15:21:44', '$2y$12$Cr1vCYOoKtgl0JXtbRjD3uswJbwPRMt/ogkc8paUtYf.fQDK6h00i', NULL, 1, '2026-06-11 15:21:44', '2026-06-11 15:21:44'),
	(1367, 'Agus Anggriawan', 'agus0183456752@gmail.com', 'orang_tua', '2026-06-11 15:21:45', '$2y$12$KtM/55CLLbcKRexLZUhsSOOqv0M4GoHSbaecymmCQ1zF2wXrFH.Ii', NULL, 1, '2026-06-11 15:21:45', '2026-06-11 15:21:45'),
	(1368, 'Ani Iswahyudi', 'ani0183456753@gmail.com', 'orang_tua', '2026-06-11 15:21:45', '$2y$12$NITxXcEDepVfvNDoIzpwC.ZOGoUZ5Iu3Gwbnygbk6yZzStUgN8SlG', NULL, 1, '2026-06-11 15:21:45', '2026-06-11 15:21:45'),
	(1369, 'Ahmad Suwarno', 'ahmad0183456754@gmail.com', 'orang_tua', '2026-06-11 15:21:45', '$2y$12$friNKN0zxWgRGE7nMp2J2ue3FYCAJC8SfE4Zoskm3SvOItHaewRIe', NULL, 1, '2026-06-11 15:21:45', '2026-06-11 15:21:45'),
	(1370, 'Budi Hasanah', 'budi0183456755@gmail.com', 'orang_tua', '2026-06-11 15:21:46', '$2y$12$OTgPjQG0a8ozbWBDFCuPDuHa6L8.66uB3/6/HYomSvYWCPdrznMzW', NULL, 1, '2026-06-11 15:21:46', '2026-06-11 15:21:46'),
	(1371, 'Yulianti Melani', 'yulianti0183456756@gmail.com', 'orang_tua', '2026-06-11 15:21:46', '$2y$12$kCcS8NCEGDY2TXysNFjZ7.meBjbLffsA4LqpytXLqm.IwBjP/pkMS', NULL, 1, '2026-06-11 15:21:46', '2026-06-11 15:21:46'),
	(1372, 'Joko Nainggolan', 'joko0183456757@gmail.com', 'orang_tua', '2026-06-11 15:21:46', '$2y$12$VxZVpjUXM37hGamc1LQ0M.eWYd6Uhkt3mygxKbUaDnJ6qumO5vlKS', NULL, 1, '2026-06-11 15:21:46', '2026-06-11 15:21:46'),
	(1373, 'Handoko Utami', 'handoko0183456758@gmail.com', 'orang_tua', '2026-06-11 15:21:47', '$2y$12$N1R/4Jol6p/4fm4qnd6jqOMBFwIfjlxdACPe/Om/1gsM8H8PtiCiS', NULL, 1, '2026-06-11 15:21:47', '2026-06-11 15:21:47'),
	(1374, 'Joko Iswahyudi', 'joko0183456759@gmail.com', 'orang_tua', '2026-06-11 15:21:47', '$2y$12$5vYemPCZsYbVd3kxXUF/i.phCCPcQUJcJznTrxK6vz4C04ISHo/yW', NULL, 1, '2026-06-11 15:21:47', '2026-06-11 15:21:47'),
	(1375, 'Budi Kusumo', 'budi0183456760@gmail.com', 'orang_tua', '2026-06-11 15:21:47', '$2y$12$j7pfmtMYi2CZerO2bk.5JOygXm4pP7mQmlR2P0b3v/pD24HQ2GBfu', NULL, 1, '2026-06-11 15:21:47', '2026-06-11 15:21:47'),
	(1376, 'Putri Haryanti', 'putri0183456761@gmail.com', 'orang_tua', '2026-06-11 15:21:48', '$2y$12$5VYZzjWyi9/A8WINeEtzsOKTLYMMcxK70k34pV7DJFTQOKPIIlrSu', NULL, 1, '2026-06-11 15:21:48', '2026-06-11 15:21:48'),
	(1377, 'Siti Prakasa', 'siti0183456762@gmail.com', 'orang_tua', '2026-06-11 15:21:48', '$2y$12$2bR5f5H4l3qX7JUESW6TzuOo6LH2QLxi8ypZbVxDLaLUcVZz0POKq', NULL, 1, '2026-06-11 15:21:48', '2026-06-11 15:21:48'),
	(1378, 'Ani Hardiansyah', 'ani0183456763@gmail.com', 'orang_tua', '2026-06-11 15:21:48', '$2y$12$evDN7sUg2djqThwfXKixsOnq7HWL.SzHHV45Lplyr639iTCCzpUY.', NULL, 1, '2026-06-11 15:21:48', '2026-06-11 15:21:48'),
	(1379, 'Putri Susanti', 'putri0183456764@gmail.com', 'orang_tua', '2026-06-11 15:21:49', '$2y$12$3z3WNw9M2nCG5PNYo1ZoeegMIlz4CnMQNWaLq/fo/8l4DPD4VbtnW', NULL, 1, '2026-06-11 15:21:49', '2026-06-11 15:21:49'),
	(1380, 'Budi Nuraini', 'budi0183456765@gmail.com', 'orang_tua', '2026-06-11 15:21:49', '$2y$12$LOiQHsd2D2muMh1TOWpR9.M4XTFOU2JP/rrOEnFNfKiu2OOdHshm6', NULL, 1, '2026-06-11 15:21:49', '2026-06-11 15:21:49'),
	(1381, 'Joko Fujiati', 'joko0183456766@gmail.com', 'orang_tua', '2026-06-11 15:21:49', '$2y$12$PeSdP3Osz/Vw6uxxMm66F.NvF82thOYjU9wWYMvT09r7PIUIltg8C', NULL, 1, '2026-06-11 15:21:49', '2026-06-11 15:21:49'),
	(1382, 'Yulianti Purnawati', 'yulianti0183456767@gmail.com', 'orang_tua', '2026-06-11 15:21:50', '$2y$12$bnRjBt./jSXAcfg5ac0O8uXRbXjIJrJZbhYypszfXX0TNO37NQPTG', NULL, 1, '2026-06-11 15:21:50', '2026-06-11 15:21:50'),
	(1383, 'Siti Utami', 'siti0183456768@gmail.com', 'orang_tua', '2026-06-11 15:21:50', '$2y$12$FnQIS/ihfR5VCBx3/dn7buZd8TrZCCR408OZedCLkZBIuoB2uvrIa', NULL, 1, '2026-06-11 15:21:50', '2026-06-11 15:21:50'),
	(1384, 'Handoko Aryani', 'handoko0183456769@gmail.com', 'orang_tua', '2026-06-11 15:21:50', '$2y$12$baxpwDgsH2pkFS.gT8H66.nN0N42o/Vhrmq6weIHwgbyjgeI0wRsG', NULL, 1, '2026-06-11 15:21:50', '2026-06-11 15:21:50'),
	(1385, 'Putri Prasetya', 'putri0183456770@gmail.com', 'orang_tua', '2026-06-11 15:21:51', '$2y$12$FW6V.hCX4o90eLYtnXlRbeV/8F.pdcOgekXmhCNYFQiK8fEXQvXnW', NULL, 1, '2026-06-11 15:21:51', '2026-06-11 15:21:51'),
	(1386, 'Putri Padmasari', 'putri0183456771@gmail.com', 'orang_tua', '2026-06-11 15:21:51', '$2y$12$1cMaWEXkAOnlTUTTDqXFPereOLqFRiDLD4rTnNIeN5vVvFdgA3mTm', NULL, 1, '2026-06-11 15:21:51', '2026-06-11 15:21:51'),
	(1387, 'Rina Permadi', 'rina0183456772@gmail.com', 'orang_tua', '2026-06-11 15:21:51', '$2y$12$IcOELC3lvAeZJIFwCORZdO5yqt0stNruuB7ZoY2e9EMo1X1k7OyTO', NULL, 1, '2026-06-11 15:21:51', '2026-06-11 15:21:51'),
	(1388, 'Handoko Astuti', 'handoko0173456801@gmail.com', 'orang_tua', '2026-06-11 15:21:52', '$2y$12$MHEHHZux1DFtnM8DFD1lC.yuJGN0AaINP7fyjxGXXqkjVDlzSNGqW', NULL, 1, '2026-06-11 15:21:52', '2026-06-11 15:21:52'),
	(1389, 'Ani Purwanti', 'ani0173456802@gmail.com', 'orang_tua', '2026-06-11 15:21:52', '$2y$12$BHbGzAsR.4Nmg9vT4yZmeOOT.5K1FA5xsWNQblhU.VN1EJYkuX9VK', NULL, 1, '2026-06-11 15:21:52', '2026-06-11 15:21:52'),
	(1390, 'Joko Sudiati', 'joko0173456803@gmail.com', 'orang_tua', '2026-06-11 15:21:52', '$2y$12$2Wb4xAnWgiO9WKYhTudNTuyeP3R0OfRDEmBIZKGn3cYNAbHp7DfrG', NULL, 1, '2026-06-11 15:21:52', '2026-06-11 15:21:52'),
	(1391, 'Ani Marbun', 'ani0173456804@gmail.com', 'orang_tua', '2026-06-11 15:21:53', '$2y$12$myXZtAlJDTngzW/7aYn16u85wutIXF9CUO7rU5Yz1T2gqNQiu/tm2', NULL, 1, '2026-06-11 15:21:53', '2026-06-11 15:21:53'),
	(1392, 'Dewi Sihombing', 'dewi0173456805@gmail.com', 'orang_tua', '2026-06-11 15:21:53', '$2y$12$U.rc4igWb9Qc1BxcbmGZKelBNxhROXmM3LQW4krWOgK8tpkW70wLy', NULL, 1, '2026-06-11 15:21:53', '2026-06-11 15:21:53'),
	(1393, 'Budi Mardhiyah', 'budi0173456806@gmail.com', 'orang_tua', '2026-06-11 15:21:53', '$2y$12$wX2V4jNsyy8da91j9DeaQuQpan6F9CdU9ZA8xAmwB9AwIylBmgwZe', NULL, 1, '2026-06-11 15:21:53', '2026-06-11 15:21:53'),
	(1394, 'Putri Widodo', 'putri0173456807@gmail.com', 'orang_tua', '2026-06-11 15:21:54', '$2y$12$B2IJbk/XHezWogpW7QlkU.Je052ChIKkbwu2VJcTH7utGf1aSCAZe', NULL, 1, '2026-06-11 15:21:54', '2026-06-11 15:21:54'),
	(1395, 'Ani Suryono', 'ani0173456808@gmail.com', 'orang_tua', '2026-06-11 15:21:54', '$2y$12$HjTZ86e.QfhmeZ8unGiWQ.WIBWjMABTox89SMuY/ApI7KiMZUuZau', NULL, 1, '2026-06-11 15:21:54', '2026-06-11 15:21:54'),
	(1396, 'Putri Hasanah', 'putri0173456809@gmail.com', 'orang_tua', '2026-06-11 15:21:54', '$2y$12$3s4frBoVqwsI5VilDyQgAuJINLmaY5bNkDKtr0eRM2A.jCSPCo7fe', NULL, 1, '2026-06-11 15:21:54', '2026-06-11 15:21:54'),
	(1397, 'Dewi Marpaung', 'dewi0173456810@gmail.com', 'orang_tua', '2026-06-11 15:21:55', '$2y$12$hOtAKnVQCjKA8u.II6T/qOBjGzupNMaJ93hEjEl9xgEKIoqz4qo5e', NULL, 1, '2026-06-11 15:21:55', '2026-06-11 15:21:55'),
	(1398, 'Ani Zulaika', 'ani0173456811@gmail.com', 'orang_tua', '2026-06-11 15:21:55', '$2y$12$QP23apdxoCSkM1n6Nzi22.Y/3Qmc9wElfgXwBdohzrTQdkObkLuP2', NULL, 1, '2026-06-11 15:21:55', '2026-06-11 15:21:55'),
	(1399, 'Rina Mansur', 'rina0173456812@gmail.com', 'orang_tua', '2026-06-11 15:21:55', '$2y$12$qRakZ6xF6ijqL.O/rUS80ufMYxbIJK84VbNwiwsftCU.9//T4pW5i', NULL, 1, '2026-06-11 15:21:55', '2026-06-11 15:21:55'),
	(1400, 'Budi Wastuti', 'budi0173456813@gmail.com', 'orang_tua', '2026-06-11 15:21:56', '$2y$12$vzYLpiasa9GllyakCzFXousst4ZXLZYn6UMY1BJOMveaVwJq3FhAO', NULL, 1, '2026-06-11 15:21:56', '2026-06-11 15:21:56'),
	(1401, 'Rina Mandasari', 'rina0173456814@gmail.com', 'orang_tua', '2026-06-11 15:21:56', '$2y$12$01p2NPaky6wqaLUCG869CugjUuyZOkgARoG6HezS47BhuN9Gh7g06', NULL, 1, '2026-06-11 15:21:56', '2026-06-11 15:21:56'),
	(1402, 'Rina Widodo', 'rina0173456815@gmail.com', 'orang_tua', '2026-06-11 15:21:57', '$2y$12$4ixCpkWAKeYfDfBiz6166OlAeplFVlVwX1IT3Z.STBRtdDwI6ZKLu', NULL, 1, '2026-06-11 15:21:57', '2026-06-11 15:21:57'),
	(1403, 'Susanto Namaga', 'susanto0173456816@gmail.com', 'orang_tua', '2026-06-11 15:21:57', '$2y$12$NXV46R3ezxO/y1ZjD5x6auVOS0Zic9UxFcz7QD5ZznCptY7.FYYF6', NULL, 1, '2026-06-11 15:21:57', '2026-06-11 15:21:57'),
	(1404, 'Putri Purwanti', 'putri0173456817@gmail.com', 'orang_tua', '2026-06-11 15:21:57', '$2y$12$QYUmGQNyvpIstw8TeLE7WOhbOWSseFl94wKIOIfuubHyIzH/5nV1K', NULL, 1, '2026-06-11 15:21:57', '2026-06-11 15:21:57'),
	(1405, 'Siti Pradipta', 'siti0173456818@gmail.com', 'orang_tua', '2026-06-11 15:21:58', '$2y$12$7tc3XK1VWW8xuapSYVbLHeF53UEwgb6BaPFFei/J5dq1quDfjf44O', NULL, 1, '2026-06-11 15:21:58', '2026-06-11 15:21:58'),
	(1406, 'Susanto Lestari', 'susanto0173456819@gmail.com', 'orang_tua', '2026-06-11 15:21:58', '$2y$12$J66vMrGk8RV0tmJAlqq9wOxUlsA8Jgra.POiMcS8L1fReAqV2IDPG', NULL, 1, '2026-06-11 15:21:58', '2026-06-11 15:21:58'),
	(1407, 'Yulianti Hartati', 'yulianti0173456820@gmail.com', 'orang_tua', '2026-06-11 15:21:58', '$2y$12$k1f2ku7XxEU5Qf1o.A0L6.tfT6q3nG29aCmuZsM3KCHFjDzeeK.6a', NULL, 1, '2026-06-11 15:21:58', '2026-06-11 15:21:58'),
	(1408, 'Dewi Uyainah', 'dewi0173456821@gmail.com', 'orang_tua', '2026-06-11 15:21:59', '$2y$12$gcvcaf8./cYRukFM0ummcen9pxkyyNbAUX2FpKiOb9/4K.lSfGcee', NULL, 1, '2026-06-11 15:21:59', '2026-06-11 15:21:59'),
	(1409, 'Susanto Namaga', 'susanto0173456822@gmail.com', 'orang_tua', '2026-06-11 15:21:59', '$2y$12$AciYcfd.0Ed8QeCK3ZimNuF4jtW.6IOcMWfNro56PPCFFprOeEWni', NULL, 1, '2026-06-11 15:21:59', '2026-06-11 15:21:59'),
	(1410, 'Ahmad Padmasari', 'ahmad0173456823@gmail.com', 'orang_tua', '2026-06-11 15:21:59', '$2y$12$g5fywqxBN32XBOIEPldxPemLdw.l1vAsAjnwG0xMNR3MVVeWu1NYy', NULL, 1, '2026-06-11 15:21:59', '2026-06-11 15:21:59'),
	(1411, 'Joko Samosir', 'joko0173456824@gmail.com', 'orang_tua', '2026-06-11 15:22:00', '$2y$12$xnZTaOindm7rPWk6r7/BFOsnbgpZbpW9cC9zi0PEhk9kKHSwEYAGq', NULL, 1, '2026-06-11 15:22:00', '2026-06-11 15:22:00'),
	(1412, 'Dewi Pratama', 'dewi0173456825@gmail.com', 'orang_tua', '2026-06-11 15:22:00', '$2y$12$/f79IobG2dXCI4U0Tf1Yg.zH2qSZdFSgrdBXmP1EjL9FmiAjl2cOu', NULL, 1, '2026-06-11 15:22:00', '2026-06-11 15:22:00'),
	(1413, 'Handoko Kusmawati', 'handoko0173456826@gmail.com', 'orang_tua', '2026-06-11 15:22:00', '$2y$12$U8GG7UKxooWh5YS3GI4N3.GKtX4l7bCX4k0GibdYeNQkAwB.hr7oy', NULL, 1, '2026-06-11 15:22:00', '2026-06-11 15:22:00'),
	(1414, 'Budi Waluyo', 'budi0173456827@gmail.com', 'orang_tua', '2026-06-11 15:22:01', '$2y$12$T.CkL0yCsWU8icCW/OiFf.cq0Rm4E2VnyttYgPRkduMBwZsQCLbOm', NULL, 1, '2026-06-11 15:22:01', '2026-06-11 15:22:01'),
	(1415, 'Joko Astuti', 'joko0173456828@gmail.com', 'orang_tua', '2026-06-11 15:22:01', '$2y$12$LIeJwZ1v04a/rMcZdLXYguhaO3O2qEH6vNJJk1I7CXFLb/NxEMpLe', NULL, 1, '2026-06-11 15:22:01', '2026-06-11 15:22:01'),
	(1416, 'Siti Mulyani', 'siti0173456829@gmail.com', 'orang_tua', '2026-06-11 15:22:01', '$2y$12$gG2Kv/u5/hFygij9n0jkve1cldBqyb4aRjTyX84w4I97yohoetWAa', NULL, 1, '2026-06-11 15:22:01', '2026-06-11 15:22:01'),
	(1417, 'Putri Yuniar', 'putri0173456830@gmail.com', 'orang_tua', '2026-06-11 15:22:02', '$2y$12$TYubIaAFGY46u7wsdhL0AuwUn4hxblG6clCjiLwjmqsI/yk/wCiFS', NULL, 1, '2026-06-11 15:22:02', '2026-06-11 15:22:02'),
	(1418, 'Handoko Irawan', 'handoko0173456831@gmail.com', 'orang_tua', '2026-06-11 15:22:02', '$2y$12$SOz6Zsz3feHnAnJEckV21.NTsV9pP/akw9J19Bh.14DnhspvkUNoe', NULL, 1, '2026-06-11 15:22:02', '2026-06-11 15:22:02'),
	(1419, 'Siti Pudjiastuti', 'siti0173456832@gmail.com', 'orang_tua', '2026-06-11 15:22:02', '$2y$12$gsfuUWN.BwWxF6DYemYFUuLavmAFTgkGPiPMgfFhQ4OO2J8TLz2dq', NULL, 1, '2026-06-11 15:22:02', '2026-06-11 15:22:02'),
	(1420, 'Handoko Hutasoit', 'handoko0173456833@gmail.com', 'orang_tua', '2026-06-11 15:22:03', '$2y$12$c15JUkbIS6IBrvhU68A4QOE/yFgBHikI6Vxxz88Uoh5cG2QAirM/6', NULL, 1, '2026-06-11 15:22:03', '2026-06-11 15:22:03'),
	(1421, 'Siti Utama', 'siti0173456834@gmail.com', 'orang_tua', '2026-06-11 15:22:03', '$2y$12$0jph1nEYH3gL3gAypKcJYuXd7QW2YwfuMvC13RPlM3yTysts6EhQi', NULL, 1, '2026-06-11 15:22:03', '2026-06-11 15:22:03'),
	(1422, 'Susanto Lailasari', 'susanto0173456835@gmail.com', 'orang_tua', '2026-06-11 15:22:03', '$2y$12$NoZX2uCVbMTj3i56jmKzcOETFnCFx8e.pYRKLbcBVWTZAir6MJx6.', NULL, 1, '2026-06-11 15:22:03', '2026-06-11 15:22:03'),
	(1423, 'Siti Hutasoit', 'siti0173456836@gmail.com', 'orang_tua', '2026-06-11 15:22:04', '$2y$12$raQNZGBrxxdkhY3bNCjwv.hQS8ecNor8sTXk4T7Ntlt/e2q6BN8cS', NULL, 1, '2026-06-11 15:22:04', '2026-06-11 15:22:04'),
	(1424, 'Joko Suryatmi', 'joko0173456837@gmail.com', 'orang_tua', '2026-06-11 15:22:04', '$2y$12$HUXM5Ob.Z/ky7j3zZ0OYUOkTNzoioygwYQuvzVmnMwdHse4EGVeCe', NULL, 1, '2026-06-11 15:22:04', '2026-06-11 15:22:04'),
	(1425, 'Rina Handayani', 'rina0173456838@gmail.com', 'orang_tua', '2026-06-11 15:22:04', '$2y$12$HHtaheeItHkv7A0q/wRkou4GD4k3GihHmy5hgT1P1lr5CHIsCqhMC', NULL, 1, '2026-06-11 15:22:04', '2026-06-11 15:22:04'),
	(1426, 'Handoko Yuliarti', 'handoko0173456839@gmail.com', 'orang_tua', '2026-06-11 15:22:05', '$2y$12$63Oz9iYYHDBCXAgL5cXhT.hm2n/6YhKUBiMCOrdRdDPw8vb5dci3O', NULL, 1, '2026-06-11 15:22:05', '2026-06-11 15:22:05'),
	(1427, 'Agus Agustina', 'agus0173456840@gmail.com', 'orang_tua', '2026-06-11 15:22:05', '$2y$12$TWzM737g0iGtTTA5jBwgjeypxBWVz802npEqdh8UomrCwpPD6jQVG', NULL, 1, '2026-06-11 15:22:05', '2026-06-11 15:22:05'),
	(1428, 'Joko Irawan', 'joko0173456841@gmail.com', 'orang_tua', '2026-06-11 15:22:05', '$2y$12$bRROimYbtlWuwb.kxb3gke7m/PRc5O5UjSf.uVtwH1edsYGVUIC4C', NULL, 1, '2026-06-11 15:22:05', '2026-06-11 15:22:05'),
	(1429, 'Putri Melani', 'putri0173456842@gmail.com', 'orang_tua', '2026-06-11 15:22:06', '$2y$12$8oRVZDiEEN0wqg9K3SisdOkBrejy/Sr577riPIJbcQdvuc730QweK', NULL, 1, '2026-06-11 15:22:06', '2026-06-11 15:22:06'),
	(1430, 'Yulianti Winarno', 'yulianti0173456843@gmail.com', 'orang_tua', '2026-06-11 15:22:06', '$2y$12$/wp3PDLDVOGr9Djj1etMO.gUggJ9u2MNiqiQ20FTuO8TlIz5jwe2e', NULL, 1, '2026-06-11 15:22:06', '2026-06-11 15:22:06'),
	(1431, 'Ani Yolanda', 'ani0173456844@gmail.com', 'orang_tua', '2026-06-11 15:22:06', '$2y$12$FMrqWSh4a83ecglPaLviqO0q4dekA7yPWXg1A8DgThiUjycawKjju', NULL, 1, '2026-06-11 15:22:06', '2026-06-11 15:22:06'),
	(1432, 'Ahmad Widiastuti', 'ahmad0173456845@gmail.com', 'orang_tua', '2026-06-11 15:22:07', '$2y$12$9bRgZRo0WP9qbY3oS.YZe.Z0K0kUk0IUYFyDMVDmokMQkFE3KNfo.', NULL, 1, '2026-06-11 15:22:07', '2026-06-11 15:22:07'),
	(1433, 'Dewi Suryatmi', 'dewi0173456846@gmail.com', 'orang_tua', '2026-06-11 15:22:07', '$2y$12$93U8S9ZaYOK7y3pbA4DtJe14.gb2OCT1L7pdPb6lvHYXksdnCului', NULL, 1, '2026-06-11 15:22:07', '2026-06-11 15:22:07'),
	(1434, 'Yulianti Halimah', 'yulianti0173456847@gmail.com', 'orang_tua', '2026-06-11 15:22:07', '$2y$12$fgCrT065jKgdDsO9cJ1ywOFBFH0/c2DFaCZJZu2muH1R/3f7VvJH6', NULL, 1, '2026-06-11 15:22:07', '2026-06-11 15:22:07'),
	(1435, 'Ahmad Lestari', 'ahmad0173456848@gmail.com', 'orang_tua', '2026-06-11 15:22:08', '$2y$12$Hmwgb6BWOL13NX0adHx3bun5XS4.WVfCv8JZ8iK5NcDMD/n030kK.', NULL, 1, '2026-06-11 15:22:08', '2026-06-11 15:22:08'),
	(1436, 'Ahmad Tamba', 'ahmad0173456849@gmail.com', 'orang_tua', '2026-06-11 15:22:08', '$2y$12$KTVfqVZZR4xZcBo24hasPOHSU6QNJKMVvmclRdG7tRNgd7gJBia7i', NULL, 1, '2026-06-11 15:22:08', '2026-06-11 15:22:08'),
	(1437, 'Yulianti Thamrin', 'yulianti0173456850@gmail.com', 'orang_tua', '2026-06-11 15:22:08', '$2y$12$Hlz.RQ04/CJD5DFDuI5bc.Pg.pm8gYcVjaIj49PbyuCr26zyCee92', NULL, 1, '2026-06-11 15:22:08', '2026-06-11 15:22:08'),
	(1438, 'Ahmad Firgantoro', 'ahmad0173456851@gmail.com', 'orang_tua', '2026-06-11 15:22:09', '$2y$12$/gD6D6tIcBEN9rqCi/QTueW3djNVN3tZbZtIk8zSSBW65h.XDoroi', NULL, 1, '2026-06-11 15:22:09', '2026-06-11 15:22:09'),
	(1439, 'Agus Sirait', 'agus0173456852@gmail.com', 'orang_tua', '2026-06-11 15:22:09', '$2y$12$St9EFRygLlXeQXwgSMJn5.2XA8bPu6c9aOecoGuISlPg61bR6qvLi', NULL, 1, '2026-06-11 15:22:09', '2026-06-11 15:22:09'),
	(1440, 'Ahmad Ramadan', 'ahmad0173456853@gmail.com', 'orang_tua', '2026-06-11 15:22:09', '$2y$12$FXh88D6hLUM.6w.SLZOrJuIIydpFFTVyX.um3AlESF.8qClaupQMK', NULL, 1, '2026-06-11 15:22:09', '2026-06-11 15:22:09'),
	(1441, 'Joko Wulandari', 'joko0173456854@gmail.com', 'orang_tua', '2026-06-11 15:22:10', '$2y$12$x/UFY2DcSOCJULTrvHvt7OPZRVEhujRFmArvYQrkrbYCoE7pXCtJy', NULL, 1, '2026-06-11 15:22:10', '2026-06-11 15:22:10'),
	(1442, 'Dewi Aryani', 'dewi0173456855@gmail.com', 'orang_tua', '2026-06-11 15:22:10', '$2y$12$zpJc8T3wO4di9x21qzQK3OsziJqZ.KERk3b9P7cNUu72WKCKSHL0O', NULL, 1, '2026-06-11 15:22:10', '2026-06-11 15:22:10'),
	(1443, 'Dewi Simbolon', 'dewi0173456856@gmail.com', 'orang_tua', '2026-06-11 15:22:10', '$2y$12$49kqjyzl7GbYRWHdK99jpO8vLMweMvJHsuxCs2oa.l3Jz8UOVd2ti', NULL, 1, '2026-06-11 15:22:10', '2026-06-11 15:22:10'),
	(1444, 'Handoko Prakasa', 'handoko0173456857@gmail.com', 'orang_tua', '2026-06-11 15:22:11', '$2y$12$FDuMIGbXrtWgwVmmcEtGLuwk9BgklKbM4WNTaHX.YN2jmXeqGc1S.', NULL, 1, '2026-06-11 15:22:11', '2026-06-11 15:22:11'),
	(1445, 'Dewi Hidayat', 'dewi0173456858@gmail.com', 'orang_tua', '2026-06-11 15:22:11', '$2y$12$KoLi1M6tNvqcCR4M9kzpf.lwfX8yQX0ssHRZ1tO0wJN9UU2hKTL5.', NULL, 1, '2026-06-11 15:22:11', '2026-06-11 15:22:11'),
	(1446, 'Rina Hidayanto', 'rina0173456859@gmail.com', 'orang_tua', '2026-06-11 15:22:11', '$2y$12$kJMFJu1vmQKLQxTdXF3R...ygKT95mA3dJwInpPiqd/9xOp5U/X0a', NULL, 1, '2026-06-11 15:22:11', '2026-06-11 15:22:11'),
	(1447, 'Putri Wijaya', 'putri0173456860@gmail.com', 'orang_tua', '2026-06-11 15:22:12', '$2y$12$jMW7uAHcs/us20AFpJUlzOHg7Yp4nbo8l78y8TnqnslARZNpCVDpy', NULL, 1, '2026-06-11 15:22:12', '2026-06-11 15:22:12'),
	(1448, 'Yulianti Mardhiyah', 'yulianti0173456861@gmail.com', 'orang_tua', '2026-06-11 15:22:12', '$2y$12$XRSxFb7MuIAroyQi8dGIDO1EheqaVPYCqOfy0/Wlri1zo0iQf6nta', NULL, 1, '2026-06-11 15:22:12', '2026-06-11 15:22:12'),
	(1449, 'Agus Safitri', 'agus0173456862@gmail.com', 'orang_tua', '2026-06-11 15:22:12', '$2y$12$iGtmbXGKlnnr2GBbzpgri.78wH/DLNhanXAd/ec7QS3nvth/QQeza', NULL, 1, '2026-06-11 15:22:12', '2026-06-11 15:22:12'),
	(1450, 'Ani Putra', 'ani0173456863@gmail.com', 'orang_tua', '2026-06-11 15:22:13', '$2y$12$36mg/eKIjrCgvYtd1UKrqupL7hOyYnJoilBhFVOnBGMCH9TvRIYgm', NULL, 1, '2026-06-11 15:22:13', '2026-06-11 15:22:13'),
	(1451, 'Yulianti Yuniar', 'yulianti0173456864@gmail.com', 'orang_tua', '2026-06-11 15:22:13', '$2y$12$upcvy4g2IqeZi.OMaJS8GOasTinyO2x1wk1vh9FHo4eJBRrq9Ru32', NULL, 1, '2026-06-11 15:22:13', '2026-06-11 15:22:13'),
	(1452, 'Joko Wulandari', 'joko0173456865@gmail.com', 'orang_tua', '2026-06-11 15:22:13', '$2y$12$SXgj0XABlDjGCpuuEpX3.eTSi.aOhxMWKDUEtRKvzZ.BshpDigMHW', NULL, 1, '2026-06-11 15:22:13', '2026-06-11 15:22:13'),
	(1453, 'Putri Irawan', 'putri0173456866@gmail.com', 'orang_tua', '2026-06-11 15:22:14', '$2y$12$pV.81ooLzyaQN6mUhHzaG.dVwKRrXm31Mg8IAn5EZ3CNbcolHrW.m', NULL, 1, '2026-06-11 15:22:14', '2026-06-11 15:22:14'),
	(1454, 'Yulianti Novitasari', 'yulianti0173456867@gmail.com', 'orang_tua', '2026-06-11 15:22:14', '$2y$12$9r/ElsKVN67GTRREZx7rv.KrgbsFGsObiYAKrSPmeRyvUf7kmeIFe', NULL, 1, '2026-06-11 15:22:14', '2026-06-11 15:22:14'),
	(1455, 'Dewi Sudiati', 'dewi0173456868@gmail.com', 'orang_tua', '2026-06-11 15:22:14', '$2y$12$n1J/V0WaJsJQ/OIMvvHM0elMuWwN24USfYK9WXnPQmgTgX.LLAWUq', NULL, 1, '2026-06-11 15:22:14', '2026-06-11 15:22:14'),
	(1456, 'Agus Prastuti', 'agus0173456869@gmail.com', 'orang_tua', '2026-06-11 15:22:15', '$2y$12$2KcIDDTaahqVokDb9C7wKeonE7R55GsI8V76sZiwZWoDYTGdDWmk2', NULL, 1, '2026-06-11 15:22:15', '2026-06-11 15:22:15'),
	(1457, 'Agus Novitasari', 'agus0173456870@gmail.com', 'orang_tua', '2026-06-11 15:22:15', '$2y$12$LW8EhBmSUSKVriTvewSZw.FZ7liLFbGueDZAenk8Sx.Jz8.JUivz.', NULL, 1, '2026-06-11 15:22:15', '2026-06-11 15:22:15'),
	(1458, 'Ahmad Natsir', 'ahmad0173456871@gmail.com', 'orang_tua', '2026-06-11 15:22:15', '$2y$12$J2DKOjOoHZy/4bg/8LdaRe61q/YmVNXAsJzNPCdpuc/yhWpzgxMU2', NULL, 1, '2026-06-11 15:22:15', '2026-06-11 15:22:15'),
	(1459, 'Yulianti Hakim', 'yulianti0173456872@gmail.com', 'orang_tua', '2026-06-11 15:22:16', '$2y$12$gYeJGLUqxUAYw2N/8CcaY.XnT5P87lRB3eSBqkLaRwe1RfynL26Be', NULL, 1, '2026-06-11 15:22:16', '2026-06-11 15:22:16'),
	(1460, 'Joko Mandasari', 'joko0163456901@gmail.com', 'orang_tua', '2026-06-11 15:22:16', '$2y$12$eHZZBeYYDw8B04LHGUqtVOw8d1LEgZumDxNNer6XhsZ5i/FaZ5LRi', NULL, 1, '2026-06-11 15:22:16', '2026-06-11 15:22:16'),
	(1461, 'Siti Yolanda', 'siti0163456902@gmail.com', 'orang_tua', '2026-06-11 15:22:16', '$2y$12$BOOCfm8wm3ujDdbv/vFfve6TCvn/3OYnGd/FBX6kPGWcP9dq30MJm', NULL, 1, '2026-06-11 15:22:16', '2026-06-11 15:22:16'),
	(1462, 'Ani Saragih', 'ani0163456903@gmail.com', 'orang_tua', '2026-06-11 15:22:17', '$2y$12$kWvXet8/ywiiE4W4l2eJpuey/7pU7gy4X6qJVv1GwR2mnS9XkT0rK', NULL, 1, '2026-06-11 15:22:17', '2026-06-11 15:22:17'),
	(1463, 'Ani Aryani', 'ani0163456904@gmail.com', 'orang_tua', '2026-06-11 15:22:17', '$2y$12$z9odcLYlAZTzGM9pyo.7qe1LJgfltxgg0g4qk7vfCbzQ2yzFGWMcW', NULL, 1, '2026-06-11 15:22:17', '2026-06-11 15:22:17'),
	(1464, 'Joko Yuliarti', 'joko0163456905@gmail.com', 'orang_tua', '2026-06-11 15:22:17', '$2y$12$gvYmsTge7ELlkQ6Drd6Mb.RaBmpagh4AER0l173eT3wEV0OHuqrgi', NULL, 1, '2026-06-11 15:22:17', '2026-06-11 15:22:17'),
	(1465, 'Ahmad Iswahyudi', 'ahmad0163456906@gmail.com', 'orang_tua', '2026-06-11 15:22:18', '$2y$12$uLtPITGqS9.Z/xvrVHbPl.Sj1U9ItuU2aGr3zduEwv1ziWwrDW/We', NULL, 1, '2026-06-11 15:22:18', '2026-06-11 15:22:18'),
	(1466, 'Budi Hardiansyah', 'budi0163456907@gmail.com', 'orang_tua', '2026-06-11 15:22:18', '$2y$12$9IFgDOh.4mTw1xGRuL.VTu.rQEI1GyG5ONyobb3oJYS80aIRcEvQW', NULL, 1, '2026-06-11 15:22:18', '2026-06-11 15:22:18'),
	(1467, 'Dewi Uyainah', 'dewi0163456908@gmail.com', 'orang_tua', '2026-06-11 15:22:18', '$2y$12$xfJBBeuSIwBmX4qhjC3A4e2i2S2ve3lKjr3a3aslEGh8hNShJiF1q', NULL, 1, '2026-06-11 15:22:18', '2026-06-11 15:22:18'),
	(1468, 'Joko Salahudin', 'joko0163456909@gmail.com', 'orang_tua', '2026-06-11 15:22:19', '$2y$12$EDm/vWaRBJMuzqjEdOc8ceSgw70xY1mXgx6uoqCGQ3A1pZUBFKPdy', NULL, 1, '2026-06-11 15:22:19', '2026-06-11 15:22:19'),
	(1469, 'Agus Usada', 'agus0163456910@gmail.com', 'orang_tua', '2026-06-11 15:22:19', '$2y$12$qf1lrOUpRaUxaJ6vc3zgwuqkNCSGBW.ct/PaUbhr5ZHD613hJfh72', NULL, 1, '2026-06-11 15:22:19', '2026-06-11 15:22:19'),
	(1470, 'Yulianti Prabowo', 'yulianti0163456911@gmail.com', 'orang_tua', '2026-06-11 15:22:20', '$2y$12$DUQrMcmpWad4t.rs0XVxROPWc25Lg4DjHuJhQdFrmxCVokRD9aYzG', NULL, 1, '2026-06-11 15:22:20', '2026-06-11 15:22:20'),
	(1471, 'Putri Hastuti', 'putri0163456912@gmail.com', 'orang_tua', '2026-06-11 15:22:20', '$2y$12$ruUlRRlLBjqYlW60mn3Gvuo8Y86f.W0NEf3Ma2bSQ3AZD6/XNPfNG', NULL, 1, '2026-06-11 15:22:20', '2026-06-11 15:22:20'),
	(1472, 'Rina Uyainah', 'rina0163456913@gmail.com', 'orang_tua', '2026-06-11 15:22:20', '$2y$12$UtevuHCEun2eFJPdCzq1ReFGQobccsA5jiP9/r5xVpCMDyyAQ6iBK', NULL, 1, '2026-06-11 15:22:20', '2026-06-11 15:22:20'),
	(1473, 'Agus Permata', 'agus0163456914@gmail.com', 'orang_tua', '2026-06-11 15:22:21', '$2y$12$MZBLH35mY6pDE.NZsSViJ./tPchmzVIprjsHWeXJZZPj/MaZBYMn2', NULL, 1, '2026-06-11 15:22:21', '2026-06-11 15:22:21'),
	(1474, 'Yulianti Napitupulu', 'yulianti0163456915@gmail.com', 'orang_tua', '2026-06-11 15:22:21', '$2y$12$AfZ/3R0c82enRZKrzs.amukV3AK1HVlVt7J0Miu4plzcyKZuLTgNm', NULL, 1, '2026-06-11 15:22:21', '2026-06-11 15:22:21'),
	(1475, 'Yulianti Pudjiastuti', 'yulianti0163456916@gmail.com', 'orang_tua', '2026-06-11 15:22:21', '$2y$12$PgxS0UPlGin7UIHTO/7UheSTh5XBqjo3OKky5wKe0q4DlK95DcnT2', NULL, 1, '2026-06-11 15:22:21', '2026-06-11 15:22:21'),
	(1476, 'Rina Nasyidah', 'rina0163456917@gmail.com', 'orang_tua', '2026-06-11 15:22:22', '$2y$12$ZMiDMHi1IugXSssgfhGqeuBiBhWYaUM0G2QbemZTVBx3Jea6YBEFO', NULL, 1, '2026-06-11 15:22:22', '2026-06-11 15:22:22'),
	(1477, 'Joko Dongoran', 'joko0163456918@gmail.com', 'orang_tua', '2026-06-11 15:22:22', '$2y$12$NBhzkhAY2WaST0L7UcYscOdY7KdaS0rt2XKAvRC637ROmEPd8k2vW', NULL, 1, '2026-06-11 15:22:22', '2026-06-11 15:22:22'),
	(1478, 'Budi Wahyuni', 'budi0163456919@gmail.com', 'orang_tua', '2026-06-11 15:22:22', '$2y$12$88O4Wpf1qgebhV6RwKZCCugmNipqLgba7kfg45wtn92wG75r06SwO', NULL, 1, '2026-06-11 15:22:22', '2026-06-11 15:22:22'),
	(1479, 'Handoko Prasasta', 'handoko0163456920@gmail.com', 'orang_tua', '2026-06-11 15:22:23', '$2y$12$BQ22NrAqLfyqC7hYG/a8Ze97K9VgnDmj8pDpmodGL5hK574WADf/6', NULL, 1, '2026-06-11 15:22:23', '2026-06-11 15:22:23'),
	(1480, 'Dewi Nashiruddin', 'dewi0163456921@gmail.com', 'orang_tua', '2026-06-11 15:22:23', '$2y$12$Tz6KDg1ZfBunc6Np.G7B/eOrPuENuOTN7nklufy1hooUCclFFqvOm', NULL, 1, '2026-06-11 15:22:23', '2026-06-11 15:22:23'),
	(1481, 'Handoko Aryani', 'handoko0163456922@gmail.com', 'orang_tua', '2026-06-11 15:22:23', '$2y$12$uCOFcUnODUW4r/nhjW1ybeSkGybBnt7sC9ty3BTOQ6YJWVprbZDIK', NULL, 1, '2026-06-11 15:22:23', '2026-06-11 15:22:23'),
	(1482, 'Putri Pratiwi', 'putri0163456923@gmail.com', 'orang_tua', '2026-06-11 15:22:24', '$2y$12$TpMtPvN2HqKpe2amR83WBOj5nvbSRZyBscrfXSPf.YTfvA7rm/d6C', NULL, 1, '2026-06-11 15:22:24', '2026-06-11 15:22:24'),
	(1483, 'Susanto Wastuti', 'susanto0163456924@gmail.com', 'orang_tua', '2026-06-11 15:22:24', '$2y$12$GkZS6bVGYtM6x0p79PRDiuUBx6VT8HHSV.MvpIdOAHWKn0AKu4/Uu', NULL, 1, '2026-06-11 15:22:24', '2026-06-11 15:22:24'),
	(1484, 'Handoko Handayani', 'handoko0163456925@gmail.com', 'orang_tua', '2026-06-11 15:22:24', '$2y$12$Qx3AXJaDZz7cZhLvMj1b9O8ATBkwejr18RZ0L5Yd.TBpf..6hlxfS', NULL, 1, '2026-06-11 15:22:24', '2026-06-11 15:22:24'),
	(1485, 'Joko Maryati', 'joko0163456926@gmail.com', 'orang_tua', '2026-06-11 15:22:25', '$2y$12$ZAVXZVINI8DztcfxfGzZCey4Yhp90d48925QjLz0A18SzhL8xiXEi', NULL, 1, '2026-06-11 15:22:25', '2026-06-11 15:22:25'),
	(1486, 'Budi Lazuardi', 'budi0163456927@gmail.com', 'orang_tua', '2026-06-11 15:22:25', '$2y$12$Wy36izOyQfWCITkbdOIIXueEdYowJzrrYKBIiCXZGG1pjzwZUyZgi', NULL, 1, '2026-06-11 15:22:25', '2026-06-11 15:22:25'),
	(1487, 'Yulianti Tamba', 'yulianti0163456928@gmail.com', 'orang_tua', '2026-06-11 15:22:25', '$2y$12$Fcb.C9BD7EBC/t6N44M54OYGOw.t4w1l7lZr34dB.9RiN.AEMeNT2', NULL, 1, '2026-06-11 15:22:25', '2026-06-11 15:22:25'),
	(1488, 'Ani Handayani', 'ani0163456929@gmail.com', 'orang_tua', '2026-06-11 15:22:26', '$2y$12$y4.vThUTK5dD5X1wAQZKFeFlVEjrxuao/HJPoinC4b0ELf8CmQsX.', NULL, 1, '2026-06-11 15:22:26', '2026-06-11 15:22:26'),
	(1489, 'Joko Kurniawan', 'joko0163456930@gmail.com', 'orang_tua', '2026-06-11 15:22:26', '$2y$12$TgAOAcuvfpsByso/fhdCy.hCOVnx8LVOc1isEH1pzScabruUgVamm', NULL, 1, '2026-06-11 15:22:26', '2026-06-11 15:22:26'),
	(1490, 'Ahmad Mangunsong', 'ahmad0163456931@gmail.com', 'orang_tua', '2026-06-11 15:22:26', '$2y$12$kq0sm5RhFx44Q4j3En3aKOOQIJL66Ydfg8FYdzn3iylLAe78K7QnO', NULL, 1, '2026-06-11 15:22:26', '2026-06-11 15:22:26'),
	(1491, 'Dewi Saefullah', 'dewi0163456932@gmail.com', 'orang_tua', '2026-06-11 15:22:27', '$2y$12$wTA3O42rF4vBCwatcGpgEuhhTE48QUUdBcTunlE8Cf8DLWqzlkJpu', NULL, 1, '2026-06-11 15:22:27', '2026-06-11 15:22:27'),
	(1492, 'Agus Kuswandari', 'agus0163456933@gmail.com', 'orang_tua', '2026-06-11 15:22:27', '$2y$12$FGXwG69jcjU.iw/Wm./rb.U2OITYHfzerVrn2DG1BAOD4M90MoNMq', NULL, 1, '2026-06-11 15:22:27', '2026-06-11 15:22:27'),
	(1493, 'Handoko Widiastuti', 'handoko0163456934@gmail.com', 'orang_tua', '2026-06-11 15:22:27', '$2y$12$evNmof9WyZQgQTMA8/H1eOnRR2ioFBgUIOlWgqt.ZdVLcREZDFj/2', NULL, 1, '2026-06-11 15:22:27', '2026-06-11 15:22:27'),
	(1494, 'Siti Handayani', 'siti0163456935@gmail.com', 'orang_tua', '2026-06-11 15:22:28', '$2y$12$Wim4i3hNETiercZWSjyKCe9wKHStdcOUOrd9qahzSGmjSwQMPgMh6', NULL, 1, '2026-06-11 15:22:28', '2026-06-11 15:22:28'),
	(1495, 'Yulianti Prastuti', 'yulianti0163456936@gmail.com', 'orang_tua', '2026-06-11 15:22:28', '$2y$12$u6fBuRBC8vxg5gWJY8tBPeV59j6me67LKfW7IQdU7/abSkwoQ18EK', NULL, 1, '2026-06-11 15:22:28', '2026-06-11 15:22:28'),
	(1496, 'Ahmad Widiastuti', 'ahmad0163456937@gmail.com', 'orang_tua', '2026-06-11 15:22:28', '$2y$12$AQ7CztvqeKzX/.vRZXufG..kehAIvBLNzq1AgCNAlUuVG0XOtjxh.', NULL, 1, '2026-06-11 15:22:28', '2026-06-11 15:22:28'),
	(1497, 'Ahmad Sihombing', 'ahmad0163456938@gmail.com', 'orang_tua', '2026-06-11 15:22:29', '$2y$12$hNTxv03XOrxdtadDjrYboO97cNWVA.drP4I4msIGWCjCAqDgLnzxa', NULL, 1, '2026-06-11 15:22:29', '2026-06-11 15:22:29'),
	(1498, 'Susanto Uwais', 'susanto0163456939@gmail.com', 'orang_tua', '2026-06-11 15:22:29', '$2y$12$tDn8En4W4GamiUvu6b0dwufKllznyiTRNgE4v5P9/nIBEzIeGHeBC', NULL, 1, '2026-06-11 15:22:29', '2026-06-11 15:22:29'),
	(1499, 'Budi Dongoran', 'budi0163456940@gmail.com', 'orang_tua', '2026-06-11 15:22:30', '$2y$12$1qzgQCc5tH12qroUFklueO61zsqqo5.n3XoP2prDL1/X.FsoAKIO6', NULL, 1, '2026-06-11 15:22:30', '2026-06-11 15:22:30'),
	(1500, 'Agus Handayani', 'agus0163456941@gmail.com', 'orang_tua', '2026-06-11 15:22:30', '$2y$12$.NAJ65FzYN1x5/7gLiOZMuBJc8bfAE4nqJ6X/eQWzwZPkXhu5dIUu', NULL, 1, '2026-06-11 15:22:30', '2026-06-11 15:22:30'),
	(1501, 'Siti Winarsih', 'siti0163456942@gmail.com', 'orang_tua', '2026-06-11 15:22:30', '$2y$12$4bwMbVV1QHM3d./01BfvQ.m/aHx.NJM2xKh.0rVZDUDlRSuXO6.pC', NULL, 1, '2026-06-11 15:22:30', '2026-06-11 15:22:30'),
	(1502, 'Dewi Manullang', 'dewi0163456943@gmail.com', 'orang_tua', '2026-06-11 15:22:31', '$2y$12$/q3NZbkch0tmqQ/R39R9KuFE68dhL9HF0dkgRCH3iA2Y4JFrSm./a', NULL, 1, '2026-06-11 15:22:31', '2026-06-11 15:22:31'),
	(1503, 'Dewi Hidayat', 'dewi0163456944@gmail.com', 'orang_tua', '2026-06-11 15:22:31', '$2y$12$fQLbI2Ku72UT3BHuVFk2GOrtcHa8GqiJKEtv7USXj7FuU63fRcT9y', NULL, 1, '2026-06-11 15:22:31', '2026-06-11 15:22:31'),
	(1504, 'Budi Rajata', 'budi0163456945@gmail.com', 'orang_tua', '2026-06-11 15:22:31', '$2y$12$rhPaBhoP87S0o26TTdImHeHHsw.rZOpeiCY/HTBWj11iWlJPcJn8G', NULL, 1, '2026-06-11 15:22:31', '2026-06-11 15:22:31'),
	(1505, 'Rina Situmorang', 'rina0163456946@gmail.com', 'orang_tua', '2026-06-11 15:22:32', '$2y$12$z.c61rXO/jgroaBL5/erSuV/lRBw2B9/Dc8kzhEUOA5ol8CaEy.DK', NULL, 1, '2026-06-11 15:22:32', '2026-06-11 15:22:32'),
	(1506, 'Dewi Utama', 'dewi0163456947@gmail.com', 'orang_tua', '2026-06-11 15:22:32', '$2y$12$szXENdmLOE.mtBT/Gml2F.4pKsSfJlbdh0K2Z7yoV3cCvqSr7q3F6', NULL, 1, '2026-06-11 15:22:32', '2026-06-11 15:22:32'),
	(1507, 'Handoko Uwais', 'handoko0163456948@gmail.com', 'orang_tua', '2026-06-11 15:22:32', '$2y$12$hdPOmElQFKNMX5hHXoHS5.35dYVyE23qRGuVzYDb2iECk91.PeLfC', NULL, 1, '2026-06-11 15:22:32', '2026-06-11 15:22:32'),
	(1508, 'Putri Prasetyo', 'putri0163456949@gmail.com', 'orang_tua', '2026-06-11 15:22:33', '$2y$12$XeJiGovx4nPbNEw05vBc1u9UvlfFNnrzoXnT1Szq3L8AobH5hV6j2', NULL, 1, '2026-06-11 15:22:33', '2026-06-11 15:22:33'),
	(1509, 'Yulianti Rahimah', 'yulianti0163456950@gmail.com', 'orang_tua', '2026-06-11 15:22:33', '$2y$12$K6WOec1kbnqmz2cD9LSa5eU7YG29HPuEszBWNcEpF/wImY.O1C34S', NULL, 1, '2026-06-11 15:22:33', '2026-06-11 15:22:33'),
	(1510, 'Budi Prakasa', 'budi0163456951@gmail.com', 'orang_tua', '2026-06-11 15:22:33', '$2y$12$/DrHWXUvcSIn0AfT3Z0a8eT0eXYL1Hl1FXglHD3oJskMJgFEBcfYG', NULL, 1, '2026-06-11 15:22:33', '2026-06-11 15:22:33'),
	(1511, 'Joko Hariyah', 'joko0163456952@gmail.com', 'orang_tua', '2026-06-11 15:22:34', '$2y$12$cn7.BpNdyIyh274ofEtsTe0Fp8BSwmCyn5qZAIr8f.JrMrOpazdpq', NULL, 1, '2026-06-11 15:22:34', '2026-06-11 15:22:34'),
	(1512, 'Budi Nuraini', 'budi0163456953@gmail.com', 'orang_tua', '2026-06-11 15:22:34', '$2y$12$b89/VwXb6XPdu9jw.n7k3e56Bo7oqk7g5F8325XXYiFCQpS4irR/u', NULL, 1, '2026-06-11 15:22:34', '2026-06-11 15:22:34'),
	(1513, 'Agus Manullang', 'agus0163456954@gmail.com', 'orang_tua', '2026-06-11 15:22:34', '$2y$12$ZUxf0/i11RvThUSRBgxq.uq4ZvGkZxtSvXher54j6VtRpLvmOrRjm', NULL, 1, '2026-06-11 15:22:34', '2026-06-11 15:22:34'),
	(1514, 'Agus Ardianto', 'agus0163456955@gmail.com', 'orang_tua', '2026-06-11 15:22:35', '$2y$12$78XYeQqX6R9QD9eSNGKfJurjZIg4nP5XA0fkykeLhAs.eoWAZCP8q', NULL, 1, '2026-06-11 15:22:35', '2026-06-11 15:22:35'),
	(1515, 'Agus Saptono', 'agus0163456956@gmail.com', 'orang_tua', '2026-06-11 15:22:35', '$2y$12$5zHn6c87lugFWYyrTxDt.uEm8qlECzLBo3z3FI0D9XTiS2un7TZ0K', NULL, 1, '2026-06-11 15:22:35', '2026-06-11 15:22:35'),
	(1516, 'Budi Yulianti', 'budi0163456957@gmail.com', 'orang_tua', '2026-06-11 15:22:35', '$2y$12$cTYiQNQ3.t89iQCeVbB1IugHNTlUz82L2bMwMklavQwEiWSPE5Azm', NULL, 1, '2026-06-11 15:22:35', '2026-06-11 15:22:35'),
	(1517, 'Budi Widodo', 'budi0163456958@gmail.com', 'orang_tua', '2026-06-11 15:22:36', '$2y$12$A6QY9wgCsD7s0aYi0nN3U.KZ4OGxj9jgHNvyxFgSamWt8Jfh5QQ1e', NULL, 1, '2026-06-11 15:22:36', '2026-06-11 15:22:36'),
	(1518, 'Budi Sitorus', 'budi0163456959@gmail.com', 'orang_tua', '2026-06-11 15:22:36', '$2y$12$js9dI7IFA4u4pcv7FqOpfeEMbuzvsxR2UN7R/DmpLINHWz1uSAGFK', NULL, 1, '2026-06-11 15:22:36', '2026-06-11 15:22:36'),
	(1519, 'Yulianti Ardianto', 'yulianti0163456960@gmail.com', 'orang_tua', '2026-06-11 15:22:37', '$2y$12$sz1aNcFtw194e9TpES66nu/x1HoG1ggyZMxhjXRfQ.c5owQFQvybe', NULL, 1, '2026-06-11 15:22:37', '2026-06-11 15:22:37'),
	(1520, 'Joko Putra', 'joko0163456961@gmail.com', 'orang_tua', '2026-06-11 15:22:37', '$2y$12$68V7KE5VduYXfO9xhuEHVuyJJuSQ2bNjWmO1HEseVOtkYtaiRlGQy', NULL, 1, '2026-06-11 15:22:37', '2026-06-11 15:22:37'),
	(1521, 'Agus Laksmiwati', 'agus0163456962@gmail.com', 'orang_tua', '2026-06-11 15:22:37', '$2y$12$.wnk5mG4rEiAphZbH6P5kuCT9w9c2SeQ7IDUS.KFLnNEmR.y.DivK', NULL, 1, '2026-06-11 15:22:37', '2026-06-11 15:22:37'),
	(1522, 'Budi Permadi', 'budi0163456963@gmail.com', 'orang_tua', '2026-06-11 15:22:38', '$2y$12$/MGMwZhHskEOeaFCi5eh.uVdRECuFPEDE/bbJOXBWBgHwFAdVIbeG', NULL, 1, '2026-06-11 15:22:38', '2026-06-11 15:22:38'),
	(1523, 'Rina Halim', 'rina0163456964@gmail.com', 'orang_tua', '2026-06-11 15:22:38', '$2y$12$yQDzgR2AzyGY8l6bk84JG.7FE0D/H3itBaoJpPmQOp6CrYjuPRgmq', NULL, 1, '2026-06-11 15:22:38', '2026-06-11 15:22:38'),
	(1524, 'Agus Aryani', 'agus0163456965@gmail.com', 'orang_tua', '2026-06-11 15:22:38', '$2y$12$89tE4Uuw0rVCrzVGPcn9yelAgFzBVyI9h0CwVpLOCh6KSMdtXiebG', NULL, 1, '2026-06-11 15:22:38', '2026-06-11 15:22:38'),
	(1525, 'Ani Astuti', 'ani0163456966@gmail.com', 'orang_tua', '2026-06-11 15:22:39', '$2y$12$XLwvL0XhTaDhLoqZGV1oKOU1P1MJ5Of878lpAHpEpabh0NqSwrzse', NULL, 1, '2026-06-11 15:22:39', '2026-06-11 15:22:39'),
	(1526, 'Dewi Wasita', 'dewi0163456967@gmail.com', 'orang_tua', '2026-06-11 15:22:39', '$2y$12$B6oOvCwfahr.2/OdieuTbOxpK8.t3H0ajJUQfocWCbJqT6l.VjSi6', NULL, 1, '2026-06-11 15:22:39', '2026-06-11 15:22:39'),
	(1527, 'Rina Hariyah', 'rina0163456968@gmail.com', 'orang_tua', '2026-06-11 15:22:39', '$2y$12$eAsHrUVNSd2KN3jwnvfziubzGDD/pxo8EeNgJRHmfx1fes3yzmgOy', NULL, 1, '2026-06-11 15:22:39', '2026-06-11 15:22:39'),
	(1528, 'Joko Prasetya', 'joko0163456969@gmail.com', 'orang_tua', '2026-06-11 15:22:40', '$2y$12$krnK0jKQQSWrQwYooy6UTeHUTTG1zeAetNWpnGo638Ua.RHGlbFYy', NULL, 1, '2026-06-11 15:22:40', '2026-06-11 15:22:40'),
	(1529, 'Susanto Pertiwi', 'susanto0163456970@gmail.com', 'orang_tua', '2026-06-11 15:22:40', '$2y$12$ae7ttJv6Bgu3nnDMQTnCNO7yYnFU7jvyMPDw6KlLmuNa7YV4qsK6q', NULL, 1, '2026-06-11 15:22:40', '2026-06-11 15:22:40'),
	(1530, 'Putri Pradana', 'putri0163456971@gmail.com', 'orang_tua', '2026-06-11 15:22:40', '$2y$12$e4xVO8xsla.sVE/fCcKq1ecOj9D5OWxGtBVKGRWZzslyfFKuDin0.', NULL, 1, '2026-06-11 15:22:40', '2026-06-11 15:22:40'),
	(1531, 'Agus Manullang', 'agus0163456972@gmail.com', 'orang_tua', '2026-06-11 15:22:41', '$2y$12$9E.L1TyvOeP/Omj0sQr2I.HGkS053scAvGdJz1jQL.YQvSa7kpkvq', NULL, 1, '2026-06-11 15:22:41', '2026-06-11 15:22:41'),
	(1532, 'Ahmad Utami', 'ahmad0153457001@gmail.com', 'orang_tua', '2026-06-11 15:22:41', '$2y$12$plw5nEr8NORpEWsFfSylv.RhwJz73KmfS.vUQ6dj2nMlFduI1wg5m', NULL, 1, '2026-06-11 15:22:41', '2026-06-11 15:22:41'),
	(1533, 'Yulianti Prastuti', 'yulianti0153457002@gmail.com', 'orang_tua', '2026-06-11 15:22:41', '$2y$12$f5ByXLxsbUiQpniK1cOCgOpk3BQxMZ9A9e8/ysyBoMq7osusry/eS', NULL, 1, '2026-06-11 15:22:41', '2026-06-11 15:22:41'),
	(1534, 'Budi Wibisono', 'budi0153457003@gmail.com', 'orang_tua', '2026-06-11 15:22:42', '$2y$12$tLv3YU8atTZwXkR7gbbJOegJZ93C0saMr4l9L6wCo76AnRySDvYAW', NULL, 1, '2026-06-11 15:22:42', '2026-06-11 15:22:42'),
	(1535, 'Agus Prasasta', 'agus0153457004@gmail.com', 'orang_tua', '2026-06-11 15:22:42', '$2y$12$S1fTgXANKyAONcfoJB.Fh.kdEUM5mh2miMLgmRw6o1P7m5XKlTOyG', NULL, 1, '2026-06-11 15:22:42', '2026-06-11 15:22:42'),
	(1536, 'Joko Halimah', 'joko0153457005@gmail.com', 'orang_tua', '2026-06-11 15:22:43', '$2y$12$VRsePFhcf/.n9anPm5Ag9.pSiPppm5qccktepzB44v7WQQ5il13hm', NULL, 1, '2026-06-11 15:22:43', '2026-06-11 15:22:43'),
	(1537, 'Agus Maryadi', 'agus0153457006@gmail.com', 'orang_tua', '2026-06-11 15:22:43', '$2y$12$h2B/UCZs5jigI.vwFB5JCer0.O8SW8q7DiKrviP5PoIBh9mAmE0cC', NULL, 1, '2026-06-11 15:22:43', '2026-06-11 15:22:43'),
	(1538, 'Putri Nasyidah', 'putri0153457007@gmail.com', 'orang_tua', '2026-06-11 15:22:43', '$2y$12$rURrTaQkOWXV.B.wVz0QL.kOoWjymLpu1uEyXOoYG..tEJN.UBOtS', NULL, 1, '2026-06-11 15:22:43', '2026-06-11 15:22:43'),
	(1539, 'Joko Pertiwi', 'joko0153457008@gmail.com', 'orang_tua', '2026-06-11 15:22:44', '$2y$12$Eq/6c9krWVLEaY8W27aTnuaTgeV.StKBWnCxgPUZ6RPVKqA8Eizoy', NULL, 1, '2026-06-11 15:22:44', '2026-06-11 15:22:44'),
	(1540, 'Handoko Suwarno', 'handoko0153457009@gmail.com', 'orang_tua', '2026-06-11 15:22:44', '$2y$12$ygjH/aJ7LMbR.vsaLaZB2OTPDbtZrYCZjU7wl/ocR5i3XBq69yPtS', NULL, 1, '2026-06-11 15:22:44', '2026-06-11 15:22:44'),
	(1541, 'Susanto Januar', 'susanto0153457010@gmail.com', 'orang_tua', '2026-06-11 15:22:44', '$2y$12$jERYTkpbfwH.tGZ5IIs4W.rWv9x9iq8IROuMOGiGybpnFXHVoeVcq', NULL, 1, '2026-06-11 15:22:44', '2026-06-11 15:22:44'),
	(1542, 'Handoko Prasetya', 'handoko0153457011@gmail.com', 'orang_tua', '2026-06-11 15:22:45', '$2y$12$7JbDLXgaorDeqfDT3ad5.uTDBicQR0Bia40HQogpK1YeQhtfzQ8l2', NULL, 1, '2026-06-11 15:22:45', '2026-06-11 15:22:45'),
	(1543, 'Ahmad Lestari', 'ahmad0153457012@gmail.com', 'orang_tua', '2026-06-11 15:22:45', '$2y$12$n.FZObMLc/aix5S9v0sGRutuGNtnJsfUA0jT3oLC2xJmenPRvFcS2', NULL, 1, '2026-06-11 15:22:45', '2026-06-11 15:22:45'),
	(1544, 'Handoko Rahimah', 'handoko0153457013@gmail.com', 'orang_tua', '2026-06-11 15:22:46', '$2y$12$prxl.kZXixH/3PHmZuN4N.pQqolJvgiuxoE/5stOlLI0j.ekLRqEq', NULL, 1, '2026-06-11 15:22:46', '2026-06-11 15:22:46'),
	(1545, 'Ahmad Suryono', 'ahmad0153457014@gmail.com', 'orang_tua', '2026-06-11 15:22:46', '$2y$12$ZIN/u.zuVxNHBIdOPEFXNeeI954.ppclZTW4HpMSr8fNG6/3Gon5.', NULL, 1, '2026-06-11 15:22:46', '2026-06-11 15:22:46'),
	(1546, 'Handoko Hasanah', 'handoko0153457015@gmail.com', 'orang_tua', '2026-06-11 15:22:46', '$2y$12$gaZTR66150681JedA7rbmOGWVFl9zX99GBAg2us9t6WUUjZbD1TVO', NULL, 1, '2026-06-11 15:22:46', '2026-06-11 15:22:46'),
	(1547, 'Siti Maryati', 'siti0153457016@gmail.com', 'orang_tua', '2026-06-11 15:22:47', '$2y$12$VUn6yf0wlTo2Xg5bXnIGY.8sNOsNFIvPTiDmfY55zVSKheMJKR/W6', NULL, 1, '2026-06-11 15:22:47', '2026-06-11 15:22:47'),
	(1548, 'Ahmad Marbun', 'ahmad0153457017@gmail.com', 'orang_tua', '2026-06-11 15:22:47', '$2y$12$Yfixi1K15srWuj0pjkE1lu3bbEP7PIjFHfwkY0DFrOFcdovlEafkq', NULL, 1, '2026-06-11 15:22:47', '2026-06-11 15:22:47'),
	(1549, 'Dewi Hastuti', 'dewi0153457018@gmail.com', 'orang_tua', '2026-06-11 15:22:48', '$2y$12$F3VD4JXbRwLPa/QNtMK.terqP6kz5LGp2Xo3qYAKpmmEKgCDtFNLe', NULL, 1, '2026-06-11 15:22:48', '2026-06-11 15:22:48'),
	(1550, 'Handoko Farida', 'handoko0153457019@gmail.com', 'orang_tua', '2026-06-11 15:22:48', '$2y$12$ipYSD/mXEK0D2l3EBtthlOZwpuligzV4xp/XjZKq3.WTLz5C4VA9G', NULL, 1, '2026-06-11 15:22:48', '2026-06-11 15:22:48'),
	(1551, 'Susanto Najmudin', 'susanto0153457020@gmail.com', 'orang_tua', '2026-06-11 15:22:48', '$2y$12$RngzzWDtqy31QeY.cnfHLOBADQTTbpzZEzTLu7InQSKiYagAk5An.', NULL, 1, '2026-06-11 15:22:48', '2026-06-11 15:22:48'),
	(1552, 'Putri Susanti', 'putri0153457021@gmail.com', 'orang_tua', '2026-06-11 15:22:49', '$2y$12$ziBlf3cME//VuGo2OAf8.OekJwSAQflzHYa1G/gmBfkY8BkTw2DyW', NULL, 1, '2026-06-11 15:22:49', '2026-06-11 15:22:49'),
	(1553, 'Ahmad Prabowo', 'ahmad0153457022@gmail.com', 'orang_tua', '2026-06-11 15:22:49', '$2y$12$08Z/aHCy3q0OHmVuAJbOOuosy4mFZ9odbGnlXAfq7xLjTLFih55KO', NULL, 1, '2026-06-11 15:22:49', '2026-06-11 15:22:49'),
	(1554, 'Ahmad Wastuti', 'ahmad0153457023@gmail.com', 'orang_tua', '2026-06-11 15:22:49', '$2y$12$nYkczadaqV6kIcckIIPa8OE.EdWY9bbh6vagTihj7/NIcuNqUtZ0i', NULL, 1, '2026-06-11 15:22:49', '2026-06-11 15:22:49'),
	(1555, 'Rina Laksmiwati', 'rina0153457024@gmail.com', 'orang_tua', '2026-06-11 15:22:50', '$2y$12$nPX8EqFb7PHXthjUVvrTKu0HbOwtb7MWYQVb0SljfMejGSpjlCREO', NULL, 1, '2026-06-11 15:22:50', '2026-06-11 15:22:50'),
	(1556, 'Susanto Zulkarnain', 'susanto0153457025@gmail.com', 'orang_tua', '2026-06-11 15:22:50', '$2y$12$dK1k0cisjXf0r6vm9C9pUumGF7vkA6ISzoZ0IYoiIGiOLLeA5qkie', NULL, 1, '2026-06-11 15:22:50', '2026-06-11 15:22:50'),
	(1557, 'Ahmad Maryati', 'ahmad0153457026@gmail.com', 'orang_tua', '2026-06-11 15:22:50', '$2y$12$RWkrjmVDYAO/o4ZEn9It4enh.deNn.6B2BNq29zdReW.xndsqEtA6', NULL, 1, '2026-06-11 15:22:50', '2026-06-11 15:22:50'),
	(1558, 'Susanto Hasanah', 'susanto0153457027@gmail.com', 'orang_tua', '2026-06-11 15:22:51', '$2y$12$2KYbsPIzR32nbWtpZz4LVe6IBJkk8DaYF/AdjhkzhN5PmAUbJ/NpO', NULL, 1, '2026-06-11 15:22:51', '2026-06-11 15:22:51'),
	(1559, 'Siti Nugroho', 'siti0153457028@gmail.com', 'orang_tua', '2026-06-11 15:22:51', '$2y$12$r34p8SPjpsvf9Py0XQtth.OdsElEiPl3Ulq7zj141xlTDXB40F9fu', NULL, 1, '2026-06-11 15:22:51', '2026-06-11 15:22:51'),
	(1560, 'Budi Tamba', 'budi0153457029@gmail.com', 'orang_tua', '2026-06-11 15:22:51', '$2y$12$B16V/uVuGpfQGxE2nZBMZOIZWdJVv/rxBlbEuOMtOfi5q65y/o.R.', NULL, 1, '2026-06-11 15:22:51', '2026-06-11 15:22:51'),
	(1561, 'Ani Susanti', 'ani0153457030@gmail.com', 'orang_tua', '2026-06-11 15:22:52', '$2y$12$3eNy6XLnXICpABP6xF.m0.z1QD3TNyAlPwpi9/Vb7DV94oQ8C/APS', NULL, 1, '2026-06-11 15:22:52', '2026-06-11 15:22:52'),
	(1562, 'Ahmad Nasyiah', 'ahmad0153457031@gmail.com', 'orang_tua', '2026-06-11 15:22:52', '$2y$12$xrX2XbiRIMa8cX/ZFxdIn.hVr3.MJPzvN38yis.DfUVOTIrfOty36', NULL, 1, '2026-06-11 15:22:52', '2026-06-11 15:22:52'),
	(1563, 'Siti Susanti', 'siti0153457032@gmail.com', 'orang_tua', '2026-06-11 15:22:52', '$2y$12$xPwSb8RvchrylNKKen4YIe2AQBGqiYNQptURxvA0xtpy295.aXZbW', NULL, 1, '2026-06-11 15:22:52', '2026-06-11 15:22:52'),
	(1564, 'Budi Uwais', 'budi0153457033@gmail.com', 'orang_tua', '2026-06-11 15:22:53', '$2y$12$CUZVJ65Mf3R1AZU16Wc4P.LwUGDjLiSzMd1cr/YMCCwSA3nB//zUC', NULL, 1, '2026-06-11 15:22:53', '2026-06-11 15:22:53'),
	(1565, 'Yulianti Safitri', 'yulianti0153457034@gmail.com', 'orang_tua', '2026-06-11 15:22:53', '$2y$12$Nf/Ofnxpz724FjWwFKddZOvKaJCVlyQRKDy4g82CHOI1fPjldmQq6', NULL, 1, '2026-06-11 15:22:53', '2026-06-11 15:22:53'),
	(1566, 'Siti Prayoga', 'siti0153457035@gmail.com', 'orang_tua', '2026-06-11 15:22:53', '$2y$12$zq/lUyIvFWAuuFgmMThbg.354F3ywquvo/jsFJbuvDTLhocTGlRZm', NULL, 1, '2026-06-11 15:22:53', '2026-06-11 15:22:53'),
	(1567, 'Budi Maryati', 'budi0153457036@gmail.com', 'orang_tua', '2026-06-11 15:22:54', '$2y$12$AOijs5WWrJYpKDspdVyzF.DFs3Cu4gd75dvtLMIsGlBV0alRsBrLe', NULL, 1, '2026-06-11 15:22:54', '2026-06-11 15:22:54'),
	(1568, 'Budi Mulyani', 'budi0153457037@gmail.com', 'orang_tua', '2026-06-11 15:22:54', '$2y$12$fX2SPN4/QUeEp4d4pbuVGeCRuj1nBXYP4xI18RG/1K4G8novEmc3i', NULL, 1, '2026-06-11 15:22:54', '2026-06-11 15:22:54'),
	(1569, 'Putri Anggriawan', 'putri0153457038@gmail.com', 'orang_tua', '2026-06-11 15:22:54', '$2y$12$kNsAgsZw7.GniWHv4maHvuUVESJTWxvaDcGNy5.4YtETmWvZTZ9aG', NULL, 1, '2026-06-11 15:22:54', '2026-06-11 15:22:54'),
	(1570, 'Yulianti Wahyuni', 'yulianti0153457039@gmail.com', 'orang_tua', '2026-06-11 15:22:55', '$2y$12$pKBr7RXx4UNJFMGALrH6FeGmZ7Szo355WHGUQA3A.jeZrgDBObHrS', NULL, 1, '2026-06-11 15:22:55', '2026-06-11 15:22:55'),
	(1571, 'Ani Kuswandari', 'ani0153457040@gmail.com', 'orang_tua', '2026-06-11 15:22:55', '$2y$12$rILMJ9/f.4F1zM5rd8YjZOo6Cm87n2LCjU8i5SNwXScTZNPaWc50e', NULL, 1, '2026-06-11 15:22:55', '2026-06-11 15:22:55'),
	(1572, 'Rina Purwanti', 'rina0153457041@gmail.com', 'orang_tua', '2026-06-11 15:22:55', '$2y$12$9PKHS/i3uKixm19ZO8skJ.g7Ux6n.aoKDp2S884eu7F1yn7Kz5kNm', NULL, 1, '2026-06-11 15:22:55', '2026-06-11 15:22:55'),
	(1573, 'Budi Halimah', 'budi0153457042@gmail.com', 'orang_tua', '2026-06-11 15:22:56', '$2y$12$iL5wL7Hm7znZbi9JariPCOas5cFWjKOkxqARf8PREtaXEq7UyZ986', NULL, 1, '2026-06-11 15:22:56', '2026-06-11 15:22:56'),
	(1574, 'Rina Marpaung', 'rina0153457043@gmail.com', 'orang_tua', '2026-06-11 15:22:56', '$2y$12$G/X1/bN27as7krrvLFQbLOaqjSBMNpx8nepeHIXT1UxpIbjN6v102', NULL, 1, '2026-06-11 15:22:56', '2026-06-11 15:22:56'),
	(1575, 'Susanto Wibisono', 'susanto0153457044@gmail.com', 'orang_tua', '2026-06-11 15:22:56', '$2y$12$H3ApZ467NhwseSMwJSyhEeI2pLkajgjBQA21olWJn2w.wqQuWs/0G', NULL, 1, '2026-06-11 15:22:56', '2026-06-11 15:22:56'),
	(1576, 'Yulianti Salahudin', 'yulianti0153457045@gmail.com', 'orang_tua', '2026-06-11 15:22:57', '$2y$12$EkaWEA3loIHn.tnoCP9SXOw6Si/jUvYxMBGRMZ5ifMM64vgA31OrW', NULL, 1, '2026-06-11 15:22:57', '2026-06-11 15:22:57'),
	(1577, 'Yulianti Wastuti', 'yulianti0153457046@gmail.com', 'orang_tua', '2026-06-11 15:22:57', '$2y$12$5sXvjNYwHQJc6l2px9dTwOwQCOp4LJnh3HfcognVhi0o4Ac6rmJ4a', NULL, 1, '2026-06-11 15:22:57', '2026-06-11 15:22:57'),
	(1578, 'Rina Mandasari', 'rina0153457047@gmail.com', 'orang_tua', '2026-06-11 15:22:57', '$2y$12$EktGZQKTdwIYymyJMW.hXOIeJlWXiBwRywTrZzwhoOVcdqU6BAsV6', NULL, 1, '2026-06-11 15:22:57', '2026-06-11 15:22:57'),
	(1579, 'Joko Purnawati', 'joko0153457048@gmail.com', 'orang_tua', '2026-06-11 15:22:58', '$2y$12$QECQz9Zhlm9kevOn8So60uaED/h1yU51umuC.LHOIhAbrbFpNb8ay', NULL, 1, '2026-06-11 15:22:58', '2026-06-11 15:22:58'),
	(1580, 'Agus Pradipta', 'agus0153457049@gmail.com', 'orang_tua', '2026-06-11 15:22:58', '$2y$12$B98VMeeqhApASVtMcwpn2O7VIDXqH4MiA..o9LE5R5ltAoMQCtg3S', NULL, 1, '2026-06-11 15:22:58', '2026-06-11 15:22:58'),
	(1581, 'Agus Habibi', 'agus0153457050@gmail.com', 'orang_tua', '2026-06-11 15:22:58', '$2y$12$zPUvVbAuvOwPyxxoBnMnBOa.owrR72jSbN7t/OsYu3C5gXdyoXHKG', NULL, 1, '2026-06-11 15:22:58', '2026-06-11 15:22:58'),
	(1582, 'Dewi Melani', 'dewi0153457051@gmail.com', 'orang_tua', '2026-06-11 15:22:59', '$2y$12$KsoV3O/4.mU8Az7smQq55.H1mZIRTXirUWJ1vVDjJ1pMHWF4AKVay', NULL, 1, '2026-06-11 15:22:59', '2026-06-11 15:22:59'),
	(1583, 'Putri Purwanti', 'putri0153457052@gmail.com', 'orang_tua', '2026-06-11 15:22:59', '$2y$12$2jd8vHHe6GugOQ9Hnz9jiO4uhNdZD0MgnhYXfEhUl4uOqS/gW2MYK', NULL, 1, '2026-06-11 15:22:59', '2026-06-11 15:22:59'),
	(1584, 'Handoko Pudjiastuti', 'handoko0153457053@gmail.com', 'orang_tua', '2026-06-11 15:22:59', '$2y$12$FH9C01Jn85Jw/js6abngUuRUI.FuahTt13zpNoNvktV2wU8kDrlVC', NULL, 1, '2026-06-11 15:22:59', '2026-06-11 15:22:59'),
	(1585, 'Siti Puspasari', 'siti0153457054@gmail.com', 'orang_tua', '2026-06-11 15:23:00', '$2y$12$ie2ewfKrTZfei2J.OqdiWecKMV4K.lYLUErB3MaxqAUnunZ0h2opW', NULL, 1, '2026-06-11 15:23:00', '2026-06-11 15:23:00'),
	(1586, 'Budi Aryani', 'budi0153457055@gmail.com', 'orang_tua', '2026-06-11 15:23:00', '$2y$12$WMI/tgM2spW4MqIJ5Pw7Muwf9uKjOGJ1dWCzhg4NLGoz.L4sA/48e', NULL, 1, '2026-06-11 15:23:00', '2026-06-11 15:23:00'),
	(1587, 'Handoko Maryadi', 'handoko0153457056@gmail.com', 'orang_tua', '2026-06-11 15:23:00', '$2y$12$gwJLP4TynDjxSVOH9BfD4ubAqaWK60U5Ll/H0s.cQxb4EOr7xZmfG', NULL, 1, '2026-06-11 15:23:00', '2026-06-11 15:23:00'),
	(1588, 'Putri Hastuti', 'putri0153457057@gmail.com', 'orang_tua', '2026-06-11 15:23:01', '$2y$12$p4mb.2nWzTo0gIW7AkEH/eQOng/qvUCsYEPrG1GE4lT74kdEunhk.', NULL, 1, '2026-06-11 15:23:01', '2026-06-11 15:23:01'),
	(1589, 'Handoko Purwanti', 'handoko0153457058@gmail.com', 'orang_tua', '2026-06-11 15:23:01', '$2y$12$Rj4EN22gER11jzZwiAMqjOGBWJM.6CVZmdoc0w3FLyyn7Tfor/uNq', NULL, 1, '2026-06-11 15:23:01', '2026-06-11 15:23:01'),
	(1590, 'Yulianti Hutagalung', 'yulianti0153457059@gmail.com', 'orang_tua', '2026-06-11 15:23:01', '$2y$12$aG/ya.rHTkXeQX4m/15qQOIfscaMLodypH8GMr3BpQsrg/z1/sLZW', NULL, 1, '2026-06-11 15:23:01', '2026-06-11 15:23:01'),
	(1591, 'Ahmad Siregar', 'ahmad0153457060@gmail.com', 'orang_tua', '2026-06-11 15:23:02', '$2y$12$38i.jysVbH1cSWLZzgDJEedE90ze71xSBCXJ0KU0kMUIxAR5myssS', NULL, 1, '2026-06-11 15:23:02', '2026-06-11 15:23:02'),
	(1592, 'Ahmad Saefullah', 'ahmad0153457061@gmail.com', 'orang_tua', '2026-06-11 15:23:02', '$2y$12$tJbGDMynOvgLarOi1cvLce0koWWqP4ogbD8799kp4ZK8SJwSh1Hry', NULL, 1, '2026-06-11 15:23:02', '2026-06-11 15:23:02'),
	(1593, 'Dewi Saefullah', 'dewi0153457062@gmail.com', 'orang_tua', '2026-06-11 15:23:02', '$2y$12$G8./KJnDxI/jMvZPaRzadOqzSTduyFxgEfxIP/g5v/l99ymsyUijS', NULL, 1, '2026-06-11 15:23:02', '2026-06-11 15:23:02'),
	(1594, 'Yulianti Pangestu', 'yulianti0153457063@gmail.com', 'orang_tua', '2026-06-11 15:23:03', '$2y$12$fGclgpchJqJBOJEuYS/ipuj5oNwK5FDfpEFrsb1yq1R5kvE/KSayy', NULL, 1, '2026-06-11 15:23:03', '2026-06-11 15:23:03'),
	(1595, 'Dewi Damanik', 'dewi0153457064@gmail.com', 'orang_tua', '2026-06-11 15:23:03', '$2y$12$z9IDoh01JvZgcw7AifAyreXyIFMq7XOYtWirdAJWH.s1c7oh4JagK', NULL, 1, '2026-06-11 15:23:03', '2026-06-11 15:23:03'),
	(1596, 'Dewi Marbun', 'dewi0153457065@gmail.com', 'orang_tua', '2026-06-11 15:23:03', '$2y$12$E1bj11VeU1Kcx1bmYTENw.6KHFUbJB3xUFJM8K1jwLXTcXlLptMvC', NULL, 1, '2026-06-11 15:23:03', '2026-06-11 15:23:03'),
	(1597, 'Dewi Hariyah', 'dewi0153457066@gmail.com', 'orang_tua', '2026-06-11 15:23:04', '$2y$12$Yu3F71bZQ7iePRFiQwcTKeUjgWDgd65OvpRiNo0bakPP.ROyE9Yti', NULL, 1, '2026-06-11 15:23:04', '2026-06-11 15:23:04'),
	(1598, 'Putri Nugroho', 'putri0153457067@gmail.com', 'orang_tua', '2026-06-11 15:23:04', '$2y$12$TW4dZfHSxn1EnRPQrYBTguvmBwIIvjzIXU/j/.DQRuIgq/auu/N.6', NULL, 1, '2026-06-11 15:23:04', '2026-06-11 15:23:04'),
	(1599, 'Yulianti Hastuti', 'yulianti0153457068@gmail.com', 'orang_tua', '2026-06-11 15:23:04', '$2y$12$39HvEzwjETLiH4OKavbpmeovHX6Q1hhjgubFmbfQeSi/iFLytO0mu', NULL, 1, '2026-06-11 15:23:04', '2026-06-11 15:23:04'),
	(1600, 'Dewi Firgantoro', 'dewi0153457069@gmail.com', 'orang_tua', '2026-06-11 15:23:05', '$2y$12$GLmu7Ca6nudE1.9jxtGeQe8MSYPsPHiWcgSfyH1/kKiit7VV4DcjK', NULL, 1, '2026-06-11 15:23:05', '2026-06-11 15:23:05'),
	(1601, 'Susanto Sirait', 'susanto0153457070@gmail.com', 'orang_tua', '2026-06-11 15:23:05', '$2y$12$fHptdMFEYkOzAsFr7WIBi.q13KdcQ1oKX4Pe/syws84cDEjCgbOea', NULL, 1, '2026-06-11 15:23:05', '2026-06-11 15:23:05'),
	(1602, 'Agus Puspasari', 'agus0153457071@gmail.com', 'orang_tua', '2026-06-11 15:23:06', '$2y$12$3cgWQk9JvRSwr5F/tPGb9ONauchVsYh28MmywU1rG2O4Gw6NNpRdi', NULL, 1, '2026-06-11 15:23:06', '2026-06-11 15:23:06'),
	(1603, 'Dewi Fujiati', 'dewi0153457072@gmail.com', 'orang_tua', '2026-06-11 15:23:06', '$2y$12$f/Qu3bjYT3q2kDySOXBG9eqEbPlKgrg0M.xvmdIxDRWkXQa8E8kAy', NULL, 1, '2026-06-11 15:23:06', '2026-06-11 15:23:06'),
	(1604, 'Ani Handayani', 'ani0143457101@gmail.com', 'orang_tua', '2026-06-11 15:23:06', '$2y$12$K2I2M1IvFWEa2QUkvZWu2eq181ur5h2KBnkh7yYUPgJLr0XFyG782', NULL, 1, '2026-06-11 15:23:06', '2026-06-11 15:23:06'),
	(1605, 'Yulianti Rahayu', 'yulianti0143457102@gmail.com', 'orang_tua', '2026-06-11 15:23:07', '$2y$12$XNtWqctySNIN9LKaEvIRNeajLVRTYQcHMidjPsjFY0iphdRbCHfTi', NULL, 1, '2026-06-11 15:23:07', '2026-06-11 15:23:07'),
	(1606, 'Siti Yulianti', 'siti0143457103@gmail.com', 'orang_tua', '2026-06-11 15:23:07', '$2y$12$oKEUkYZ37wLlBDPfA5U/kO.sY4nGNky9VFYK468gSubvgyWVXyvZm', NULL, 1, '2026-06-11 15:23:07', '2026-06-11 15:23:07'),
	(1607, 'Susanto Hartati', 'susanto0143457104@gmail.com', 'orang_tua', '2026-06-11 15:23:07', '$2y$12$LEXycyn1SKxC8ID5GSUfa.ubKz7dqtW0B1LDyjCPp3u.icGdtBiGW', NULL, 1, '2026-06-11 15:23:07', '2026-06-11 15:23:07'),
	(1608, 'Susanto Farida', 'susanto0143457105@gmail.com', 'orang_tua', '2026-06-11 15:23:08', '$2y$12$PjBNQYUKvulLIaQofdKq9eSw/.Mc/bvoFWEScl/uXsjzawc657lcm', NULL, 1, '2026-06-11 15:23:08', '2026-06-11 15:23:08'),
	(1609, 'Dewi Siregar', 'dewi0143457106@gmail.com', 'orang_tua', '2026-06-11 15:23:08', '$2y$12$o3/Ws5Hm/bph2nW7C4Kwo.UQIQLAfg6C/5zsqM3bDNK9e1b/MfeE2', NULL, 1, '2026-06-11 15:23:08', '2026-06-11 15:23:08'),
	(1610, 'Yulianti Nuraini', 'yulianti0143457107@gmail.com', 'orang_tua', '2026-06-11 15:23:08', '$2y$12$48/jciKud9Lmj8.F4dcnFORKtUr3Gw/fucyACKX/NGTyrqv0InF7K', NULL, 1, '2026-06-11 15:23:08', '2026-06-11 15:23:08'),
	(1611, 'Agus Simanjuntak', 'agus0143457108@gmail.com', 'orang_tua', '2026-06-11 15:23:09', '$2y$12$Q0.krhDWWcAxcKLEbhZib.q/AvicMVrwzOd2VcEGdQBO81XV0MCBO', NULL, 1, '2026-06-11 15:23:09', '2026-06-11 15:23:09'),
	(1612, 'Putri Zulkarnain', 'putri0143457109@gmail.com', 'orang_tua', '2026-06-11 15:23:09', '$2y$12$/JdEdo27tbt6QDQ7qd6OouIYZAMnCMWlPg7I76Ib/L0m4rmhBKGEK', NULL, 1, '2026-06-11 15:23:09', '2026-06-11 15:23:09'),
	(1613, 'Ani Prastuti', 'ani0143457110@gmail.com', 'orang_tua', '2026-06-11 15:23:09', '$2y$12$E9beFrfa9hYKF2UnCm4J/.TdUoVgjlW92.Fd2/bqAc0kMHLFoJfLG', NULL, 1, '2026-06-11 15:23:09', '2026-06-11 15:23:09'),
	(1614, 'Yulianti Marbun', 'yulianti0143457111@gmail.com', 'orang_tua', '2026-06-11 15:23:10', '$2y$12$MPyBgI7Ol1q99t2W8.0nvuiq6kK4FYm868GSrN.cJu3NuNvKaw6T2', NULL, 1, '2026-06-11 15:23:10', '2026-06-11 15:23:10'),
	(1615, 'Handoko Mustofa', 'handoko0143457112@gmail.com', 'orang_tua', '2026-06-11 15:23:10', '$2y$12$AvI2GWAiv/Iiu4MmMgiX7uVy4aO0H1CNfZONOCQDhIe6cSfKXQfpy', NULL, 1, '2026-06-11 15:23:10', '2026-06-11 15:23:10'),
	(1616, 'Budi Permata', 'budi0143457113@gmail.com', 'orang_tua', '2026-06-11 15:23:10', '$2y$12$ub.ui1BqKmuFVkMKmdcVG.XRkn1Es5hibSVAilrsB0/pZ39S6DyRi', NULL, 1, '2026-06-11 15:23:10', '2026-06-11 15:23:10'),
	(1617, 'Dewi Sihotang', 'dewi0143457114@gmail.com', 'orang_tua', '2026-06-11 15:23:11', '$2y$12$eZ4BSwCt65W1ZISAoFxbLeBtaWlOAPe6kCVDWvYjb8QYqTQCDHxEW', NULL, 1, '2026-06-11 15:23:11', '2026-06-11 15:23:11'),
	(1618, 'Yulianti Hidayanto', 'yulianti0143457115@gmail.com', 'orang_tua', '2026-06-11 15:23:11', '$2y$12$o8STPx629.OCXqEIDM8KnugfexasnV6LqigAPBh.kWPTNOyMIl/re', NULL, 1, '2026-06-11 15:23:11', '2026-06-11 15:23:11'),
	(1619, 'Susanto Hastuti', 'susanto0143457116@gmail.com', 'orang_tua', '2026-06-11 15:23:11', '$2y$12$cZ1F4KjNh4caPXEj/cD8X.pzItqwH1u4ZLdY5EfmIkJoPKD/5/pY.', NULL, 1, '2026-06-11 15:23:11', '2026-06-11 15:23:11'),
	(1620, 'Yulianti Natsir', 'yulianti0143457117@gmail.com', 'orang_tua', '2026-06-11 15:23:12', '$2y$12$LwSzQTai2.2welFH2kstP.rkO3S..nEITS6bCwjyQvSwYrZid9Hge', NULL, 1, '2026-06-11 15:23:12', '2026-06-11 15:23:12'),
	(1621, 'Agus Nugroho', 'agus0143457118@gmail.com', 'orang_tua', '2026-06-11 15:23:12', '$2y$12$vSKaRsbbbHqSfpr0E4ymF.sXHS.tFIfYxqWxXucrnBAGolo5Wyh4W', NULL, 1, '2026-06-11 15:23:12', '2026-06-11 15:23:12'),
	(1622, 'Dewi Laksita', 'dewi0143457119@gmail.com', 'orang_tua', '2026-06-11 15:23:13', '$2y$12$fI0BXPl13HrcaT92a4Tc5uCRKHWrq..e4J3yZjD/xlwBm0fO5o8Z6', NULL, 1, '2026-06-11 15:23:13', '2026-06-11 15:23:13'),
	(1623, 'Joko Prasetya', 'joko0143457120@gmail.com', 'orang_tua', '2026-06-11 15:23:13', '$2y$12$Lu/NToT8JVJMX76jcxXDBueMBxh84gdOGILi/wAwL5IA4SlWvHwz6', NULL, 1, '2026-06-11 15:23:13', '2026-06-11 15:23:13'),
	(1624, 'Dewi Farida', 'dewi0143457121@gmail.com', 'orang_tua', '2026-06-11 15:23:13', '$2y$12$irpJdo1jySlucueBPAlBW.2t3ElBNuvDFUYbboPm4HJ.RJg2B7pbe', NULL, 1, '2026-06-11 15:23:13', '2026-06-11 15:23:13'),
	(1625, 'Budi Adriansyah', 'budi0143457122@gmail.com', 'orang_tua', '2026-06-11 15:23:14', '$2y$12$.m6.s8wIf185ilSPmBvrS.1R8N5jpbSCZ3S/sW.4trs9FX7a0lc8W', NULL, 1, '2026-06-11 15:23:14', '2026-06-11 15:23:14'),
	(1626, 'Susanto Rahayu', 'susanto0143457123@gmail.com', 'orang_tua', '2026-06-11 15:23:14', '$2y$12$Ro.5Rr5vI3hVehN692o.1.y0CR9R3Vgl4qfXmXshIJcXCKRzBDM8K', NULL, 1, '2026-06-11 15:23:14', '2026-06-11 15:23:14'),
	(1627, 'Budi Novitasari', 'budi0143457124@gmail.com', 'orang_tua', '2026-06-11 15:23:14', '$2y$12$2I0Bpgy3j1hiin6k7hDYMu7yz7j6vN6n5Bepfnr7h6QMO6Gqz2Tlm', NULL, 1, '2026-06-11 15:23:14', '2026-06-11 15:23:14'),
	(1628, 'Siti Pranowo', 'siti0143457125@gmail.com', 'orang_tua', '2026-06-11 15:23:15', '$2y$12$TWsVX7sXTK8On7FzIjVlEel13RIuH6OVjZXQXJTs.DMKhd84yjeWe', NULL, 1, '2026-06-11 15:23:15', '2026-06-11 15:23:15'),
	(1629, 'Siti Andriani', 'siti0143457126@gmail.com', 'orang_tua', '2026-06-11 15:23:15', '$2y$12$JFKG5R.xcgJ02rOwgoCNWesH8N1/Qxhd8FAGsnYd.qaHvkCcGmg8G', NULL, 1, '2026-06-11 15:23:15', '2026-06-11 15:23:15'),
	(1630, 'Rina Pratama', 'rina0143457127@gmail.com', 'orang_tua', '2026-06-11 15:23:15', '$2y$12$uPZ.V6.PPUATMn.fjYWBvOg0bMp2wWQnnxTA8deHYng4y2fyL3e8y', NULL, 1, '2026-06-11 15:23:15', '2026-06-11 15:23:15'),
	(1631, 'Ahmad Yuliarti', 'ahmad0143457128@gmail.com', 'orang_tua', '2026-06-11 15:23:16', '$2y$12$ZwgezUsqYhwyszXrUMRZUOsuiuaZFd3uC/wGUfSTOfuRpf71zo5.e', NULL, 1, '2026-06-11 15:23:16', '2026-06-11 15:23:16'),
	(1632, 'Ahmad Permadi', 'ahmad0143457129@gmail.com', 'orang_tua', '2026-06-11 15:23:16', '$2y$12$i26gGTWUoYNu4UcLGmCX9OXFoquF.r477PUv7a/KO3V2xWqZenuVS', NULL, 1, '2026-06-11 15:23:16', '2026-06-11 15:23:16'),
	(1633, 'Putri Winarno', 'putri0143457130@gmail.com', 'orang_tua', '2026-06-11 15:23:16', '$2y$12$.WWp6aOoKNE48ozdNIGr0ua23BQz8dW.k0quIzTZRG1EPBA1LwW7W', NULL, 1, '2026-06-11 15:23:16', '2026-06-11 15:23:16'),
	(1634, 'Dewi Mulyani', 'dewi0143457131@gmail.com', 'orang_tua', '2026-06-11 15:23:17', '$2y$12$1afPBDuMg4psYasxczxkRejg4Bvn6xy9cEHWtp3bpVVOp62F2rTO2', NULL, 1, '2026-06-11 15:23:17', '2026-06-11 15:23:17'),
	(1635, 'Susanto Nasyidah', 'susanto0143457132@gmail.com', 'orang_tua', '2026-06-11 15:23:17', '$2y$12$ehTqmyhzSov4SARzXg6AXuOFPQvteSADxpSRkFgcWSoq5hXEmNwAe', NULL, 1, '2026-06-11 15:23:17', '2026-06-11 15:23:17'),
	(1636, 'Yulianti Hidayat', 'yulianti0143457133@gmail.com', 'orang_tua', '2026-06-11 15:23:17', '$2y$12$3RYdr72dSn8IICp28Wi2Me4Lvr5U71/riyDtPVDEsJgH0fZ1fjhjG', NULL, 1, '2026-06-11 15:23:17', '2026-06-11 15:23:17'),
	(1637, 'Handoko Firgantoro', 'handoko0143457134@gmail.com', 'orang_tua', '2026-06-11 15:23:18', '$2y$12$2fH5OYRXVwBdIo17eRVcEe3/U1WNaC8txdEwJgfjv5QulDOwtB00y', NULL, 1, '2026-06-11 15:23:18', '2026-06-11 15:23:18'),
	(1638, 'Budi Yolanda', 'budi0143457135@gmail.com', 'orang_tua', '2026-06-11 15:23:18', '$2y$12$jgU0WZRZNJ8/0cV9STuq2.512YvoJJMSHu9xYgkSP4Nd4fF3ufBSC', NULL, 1, '2026-06-11 15:23:18', '2026-06-11 15:23:18'),
	(1639, 'Joko Haryanto', 'joko0143457136@gmail.com', 'orang_tua', '2026-06-11 15:23:18', '$2y$12$49YTPSh4Kc1/lur9T5CC.uYsuJa6imFGBL5NWHtWVEPUFrT.l5U.W', NULL, 1, '2026-06-11 15:23:18', '2026-06-11 15:23:18'),
	(1640, 'Rina Simanjuntak', 'rina0143457137@gmail.com', 'orang_tua', '2026-06-11 15:23:19', '$2y$12$7.UPd7sI7jtyLOBYwwgSl.WP1w3dKLJx2hZyNhGMLWvxgwjsJsqbK', NULL, 1, '2026-06-11 15:23:19', '2026-06-11 15:23:19'),
	(1641, 'Joko Usamah', 'joko0143457138@gmail.com', 'orang_tua', '2026-06-11 15:23:19', '$2y$12$Kswk5M6JQfonB3tyhFvNtO7RnJ1BWTsFY2Cw71vZrR4E4PKl36XjW', NULL, 1, '2026-06-11 15:23:19', '2026-06-11 15:23:19'),
	(1642, 'Susanto Yuniar', 'susanto0143457139@gmail.com', 'orang_tua', '2026-06-11 15:23:19', '$2y$12$9UQO3mTIYzG7z1niBBG0z.dOcUEawKxxYgcl86Cq/jWC7XYNtJRoO', NULL, 1, '2026-06-11 15:23:19', '2026-06-11 15:23:19'),
	(1643, 'Putri Usamah', 'putri0143457140@gmail.com', 'orang_tua', '2026-06-11 15:23:20', '$2y$12$sAGAnRQvWaOJwDvZSOjUlujYBuSS3MhRntTRl6Wlaw5pR.LJwss0q', NULL, 1, '2026-06-11 15:23:20', '2026-06-11 15:23:20'),
	(1644, 'Putri Agustina', 'putri0143457141@gmail.com', 'orang_tua', '2026-06-11 15:23:20', '$2y$12$XrpFTjEplHZONvU9Koeake/IB6PmOWNSN4ohroUSVPSTCQ/3hLl5W', NULL, 1, '2026-06-11 15:23:20', '2026-06-11 15:23:20'),
	(1645, 'Joko Palastri', 'joko0143457142@gmail.com', 'orang_tua', '2026-06-11 15:23:20', '$2y$12$fids0mhmgrZV2qdpBPlNieCDvPUhLWU2RWnXi5yA9j2AORodAX.rq', NULL, 1, '2026-06-11 15:23:20', '2026-06-11 15:23:20'),
	(1646, 'Agus Sihombing', 'agus0143457143@gmail.com', 'orang_tua', '2026-06-11 15:23:21', '$2y$12$AI1D8XjqnfaLPZ721X1b8.zjZnPeLFaqZJEk/Mgvsp/4w7fVGxhcK', NULL, 1, '2026-06-11 15:23:21', '2026-06-11 15:23:21'),
	(1647, 'Dewi Ramadan', 'dewi0143457144@gmail.com', 'orang_tua', '2026-06-11 15:23:21', '$2y$12$la6GSC5kJgKJvTlm7TzWQeRhDtW6gt.KAtV2OIRYlUGrYAsq9pCkO', NULL, 1, '2026-06-11 15:23:21', '2026-06-11 15:23:21'),
	(1648, 'Agus Yolanda', 'agus0143457145@gmail.com', 'orang_tua', '2026-06-11 15:23:22', '$2y$12$zlAzXFjHoAryZXTsTu7fIea9ZDyhNySRlk/dI5yo5Bbrv7EwrMzja', NULL, 1, '2026-06-11 15:23:22', '2026-06-11 15:23:22'),
	(1649, 'Dewi Narpati', 'dewi0143457146@gmail.com', 'orang_tua', '2026-06-11 15:23:22', '$2y$12$z5aZCnn/K9Oym9ZqAUFwLO8trbXZWjJ55i9Dq9RD9ssCEg/q/oCje', NULL, 1, '2026-06-11 15:23:22', '2026-06-11 15:23:22'),
	(1650, 'Siti Aryani', 'siti0143457147@gmail.com', 'orang_tua', '2026-06-11 15:23:22', '$2y$12$NNG4E47kgjNaWxhmmogORud3Txp7uKoPkcSgCDZrDsxlUsMr1s102', NULL, 1, '2026-06-11 15:23:22', '2026-06-11 15:23:22'),
	(1651, 'Ahmad Pertiwi', 'ahmad0143457148@gmail.com', 'orang_tua', '2026-06-11 15:23:23', '$2y$12$eDvU9z4uj6mjNgZEnBiZROi6QOQRkdSO7/aCtfTJj6cqj7oixldFO', NULL, 1, '2026-06-11 15:23:23', '2026-06-11 15:23:23'),
	(1652, 'Rina Najmudin', 'rina0143457149@gmail.com', 'orang_tua', '2026-06-11 15:23:23', '$2y$12$A0mTpkLCL/Zg3vslgLHmGOKHk1ElRC7vbVpOZtlwz6IRSTisW.KZ.', NULL, 1, '2026-06-11 15:23:23', '2026-06-11 15:23:23'),
	(1653, 'Joko Sihombing', 'joko0143457150@gmail.com', 'orang_tua', '2026-06-11 15:23:23', '$2y$12$7tbsBcBOXCJ1yMQGVqQdWOSA8Hq4ECgcnBmya4XlxrVjiCCXdrPwG', NULL, 1, '2026-06-11 15:23:23', '2026-06-11 15:23:23'),
	(1654, 'Joko Manullang', 'joko0143457151@gmail.com', 'orang_tua', '2026-06-11 15:23:24', '$2y$12$7AUdWnYWq0yTQ0d7969t5OFACZQl68D.fig6B44DjgCocANG5H36i', NULL, 1, '2026-06-11 15:23:24', '2026-06-11 15:23:24'),
	(1655, 'Susanto Pratama', 'susanto0143457152@gmail.com', 'orang_tua', '2026-06-11 15:23:24', '$2y$12$Fa5ypYzMYbuzR63oql.LJuRg0ao1IMz8TWjqhpTCcB0z/l34Plsf2', NULL, 1, '2026-06-11 15:23:24', '2026-06-11 15:23:24'),
	(1656, 'Rina Nugroho', 'rina0143457153@gmail.com', 'orang_tua', '2026-06-11 15:23:24', '$2y$12$OI2l9SD26doH7IqVeRyoNe4WkV0knOQpx3tGolcor7J4w8OdfJjoq', NULL, 1, '2026-06-11 15:23:24', '2026-06-11 15:23:24'),
	(1657, 'Siti Maryati', 'siti0143457154@gmail.com', 'orang_tua', '2026-06-11 15:23:25', '$2y$12$F7AvWK3tckxZbeNWAeTl4eup4rTze1ngsPchYDmKFJHUACfmblDIO', NULL, 1, '2026-06-11 15:23:25', '2026-06-11 15:23:25'),
	(1658, 'Ani Adriansyah', 'ani0143457155@gmail.com', 'orang_tua', '2026-06-11 15:23:25', '$2y$12$e2QOZy/6TE1b2VO3KJnyq.sTvm6nXfw2JArmmQBR8ADccRPlxr/Gq', NULL, 1, '2026-06-11 15:23:25', '2026-06-11 15:23:25'),
	(1659, 'Putri Zulaika', 'putri0143457156@gmail.com', 'orang_tua', '2026-06-11 15:23:25', '$2y$12$nf6DdhAlzdiopDHh5SnhL.mAHbV8oJd0f0MCg/LPAZaPuWfyPRF8.', NULL, 1, '2026-06-11 15:23:25', '2026-06-11 15:23:25'),
	(1660, 'Ani Setiawan', 'ani0143457157@gmail.com', 'orang_tua', '2026-06-11 15:23:26', '$2y$12$ULNN4je/LkxI3a2sySY4fOx59FWPS9lkqGFzCBrHBOYgdMe32cyjK', NULL, 1, '2026-06-11 15:23:26', '2026-06-11 15:23:26'),
	(1661, 'Putri Mustofa', 'putri0143457158@gmail.com', 'orang_tua', '2026-06-11 15:23:26', '$2y$12$XgAg8tDeeTqxxSPgJDadJu/RU0mnsmU3ZQw1IEez6Xjpy3CSwDR0O', NULL, 1, '2026-06-11 15:23:26', '2026-06-11 15:23:26'),
	(1662, 'Ani Kusumo', 'ani0143457159@gmail.com', 'orang_tua', '2026-06-11 15:23:27', '$2y$12$iaYXV5LNrqNgzgRJnLKYwu6NCcA5sNe6DbjSsiRZJce4EW1QR5QeK', NULL, 1, '2026-06-11 15:23:27', '2026-06-11 15:23:27'),
	(1663, 'Agus Mulyani', 'agus0143457160@gmail.com', 'orang_tua', '2026-06-11 15:23:27', '$2y$12$8BiS/nuyP/7TEoHvmWOjDO4pb9Fz1lJS249eL5a1aphb9Aw3QE7Zq', NULL, 1, '2026-06-11 15:23:27', '2026-06-11 15:23:27'),
	(1664, 'Joko Lestari', 'joko0143457161@gmail.com', 'orang_tua', '2026-06-11 15:23:27', '$2y$12$9nePFpW1llYxVQHtaEyaY.TzRiPyE6jPu9jb6o1sDHdPoNeV2U/im', NULL, 1, '2026-06-11 15:23:27', '2026-06-11 15:23:27'),
	(1665, 'Ahmad Novitasari', 'ahmad0143457162@gmail.com', 'orang_tua', '2026-06-11 15:23:28', '$2y$12$RoO3Y.S2SWTSGXE9Mb/bB.eOnCa2bHWBYyhBlhyako6u9qBHsqoca', NULL, 1, '2026-06-11 15:23:28', '2026-06-11 15:23:28'),
	(1666, 'Susanto Narpati', 'susanto0143457163@gmail.com', 'orang_tua', '2026-06-11 15:23:28', '$2y$12$HyASMxMWStqDgZtGr0gmx.HE9VDd3D8TL3749OU0fRI1y2Qg3/a0C', NULL, 1, '2026-06-11 15:23:28', '2026-06-11 15:23:28'),
	(1667, 'Susanto Sihotang', 'susanto0143457164@gmail.com', 'orang_tua', '2026-06-11 15:23:29', '$2y$12$b729MhvuDtJ5E.fJx8HJUOfu7gfaszieVpgZ43LjXq0yq8R6hLrde', NULL, 1, '2026-06-11 15:23:29', '2026-06-11 15:23:29'),
	(1668, 'Putri Ramadan', 'putri0143457165@gmail.com', 'orang_tua', '2026-06-11 15:23:29', '$2y$12$jvKlec3G31JVpHs2zVEy2OH/HSNVRPappSTEp5TNp/qBHQxxFmLPC', NULL, 1, '2026-06-11 15:23:29', '2026-06-11 15:23:29'),
	(1669, 'Budi Kuswoyo', 'budi0143457166@gmail.com', 'orang_tua', '2026-06-11 15:23:29', '$2y$12$HeGht7FJ1iHQCPxqsLR/zeU/Hov7/NoWxqCYHlgd9bmgEVuJ/iPGS', NULL, 1, '2026-06-11 15:23:29', '2026-06-11 15:23:29'),
	(1670, 'Putri Nasyiah', 'putri0143457167@gmail.com', 'orang_tua', '2026-06-11 15:23:30', '$2y$12$0DAp9PF7kFyREx98kKzl8O7tlL8JW6kqxeUnZWhy3z/9AEwuYcQwm', NULL, 1, '2026-06-11 15:23:30', '2026-06-11 15:23:30'),
	(1671, 'Joko Laksmiwati', 'joko0143457168@gmail.com', 'orang_tua', '2026-06-11 15:23:30', '$2y$12$.FU7U.OviREnW3ajuNgkke0r1NVEqn.RQYE4rXYrABeWnnfgMp7rG', NULL, 1, '2026-06-11 15:23:30', '2026-06-11 15:23:30'),
	(1672, 'Dewi Pradipta', 'dewi0143457169@gmail.com', 'orang_tua', '2026-06-11 15:23:30', '$2y$12$jH9pI/XkTYf8lk63w89TseC/bp6PdAzvOVbPpTgx/VaeHCywssa96', NULL, 1, '2026-06-11 15:23:30', '2026-06-11 15:23:30'),
	(1673, 'Susanto Riyanti', 'susanto0143457170@gmail.com', 'orang_tua', '2026-06-11 15:23:31', '$2y$12$8S4mKspSsLAkObcW2CJY5.oKTjjUrPR.qK0qL0xj2SULZRSNiHJ8S', NULL, 1, '2026-06-11 15:23:31', '2026-06-11 15:23:31'),
	(1674, 'Joko Winarsih', 'joko0143457171@gmail.com', 'orang_tua', '2026-06-11 15:23:31', '$2y$12$6bfDhZYr9U.03xpy2Hx8AuPK7eu4sw2JF980PJCraRn1HfW1cDGhy', NULL, 1, '2026-06-11 15:23:31', '2026-06-11 15:23:31'),
	(1675, 'Budi Salahudin', 'budi0143457172@gmail.com', 'orang_tua', '2026-06-11 15:23:31', '$2y$12$ZN.ZjPLLvLAPwZ25xSTK7euAj6cstpgb02gb4g9L/INsaIESlfYtO', NULL, 1, '2026-06-11 15:23:31', '2026-06-11 15:23:31'),
	(1676, 'Handoko Simbolon', 'handoko0133457201@gmail.com', 'orang_tua', '2026-06-11 15:23:32', '$2y$12$lWt7Ckt43Tkpxmj99ulgv.JGHqW6ILKPoxiQui1fScOusLRQzgnSq', NULL, 1, '2026-06-11 15:23:32', '2026-06-11 15:23:32'),
	(1677, 'Siti Anggriawan', 'siti0133457202@gmail.com', 'orang_tua', '2026-06-11 15:23:32', '$2y$12$3W7eOoQ3na1pLJxFyMw0RujSN21YiEeHKAGRGF/xYrP4TiYZdMR9q', NULL, 1, '2026-06-11 15:23:32', '2026-06-11 15:23:32'),
	(1678, 'Agus Prabowo', 'agus0133457203@gmail.com', 'orang_tua', '2026-06-11 15:23:33', '$2y$12$leztLF.2PC8JdGYvpfHSxu4xFFKuDZRqix.mST.PJK4agcBht/v0m', NULL, 1, '2026-06-11 15:23:33', '2026-06-11 15:23:33'),
	(1679, 'Yulianti Sitorus', 'yulianti0133457204@gmail.com', 'orang_tua', '2026-06-11 15:23:33', '$2y$12$1nAy5u5FhBH02Q24IjMKXe4efL71mPMr8qQIsExGTv55gF4bmj/Wa', NULL, 1, '2026-06-11 15:23:33', '2026-06-11 15:23:33'),
	(1680, 'Siti Halimah', 'siti0133457205@gmail.com', 'orang_tua', '2026-06-11 15:23:33', '$2y$12$YptCyq6xCfZs3LVK8YDvDe4nILdAt9HNAOLT3bLaQ02RNmO1kUQkq', NULL, 1, '2026-06-11 15:23:33', '2026-06-11 15:23:33'),
	(1681, 'Siti Wastuti', 'siti0133457206@gmail.com', 'orang_tua', '2026-06-11 15:23:34', '$2y$12$x3XrbOtkDVZCyE2o/LMp0uv8dl9mkU8mnh2Jukm2mtqYcl9XXqoe.', NULL, 1, '2026-06-11 15:23:34', '2026-06-11 15:23:34'),
	(1682, 'Ani Pradipta', 'ani0133457207@gmail.com', 'orang_tua', '2026-06-11 15:23:34', '$2y$12$74/BrGa0Jb976uUZnJ0Ux.s5pVtnwWiy5UDgixa7JEdy8l6vvnnZi', NULL, 1, '2026-06-11 15:23:34', '2026-06-11 15:23:34'),
	(1683, 'Joko Wijayanti', 'joko0133457208@gmail.com', 'orang_tua', '2026-06-11 15:23:34', '$2y$12$tzPkqwcyk6x9ZP6SRN3nF.AsdEuTzt5SVgFpfa2zchTZOcBJk3jxm', NULL, 1, '2026-06-11 15:23:34', '2026-06-11 15:23:34'),
	(1684, 'Yulianti Wulandari', 'yulianti0133457209@gmail.com', 'orang_tua', '2026-06-11 15:23:35', '$2y$12$ScU8JziX8o5SCkMSjz.XwuHpkltByICWctwlzkIOH7lGHegnq6gEO', NULL, 1, '2026-06-11 15:23:35', '2026-06-11 15:23:35'),
	(1685, 'Yulianti Maryadi', 'yulianti0133457210@gmail.com', 'orang_tua', '2026-06-11 15:23:35', '$2y$12$E0Aks0RAgE1qIRu7ckXZwOj9RhwBvobmM0Oa68UEwJXjC0sjrDw5u', NULL, 1, '2026-06-11 15:23:35', '2026-06-11 15:23:35'),
	(1686, 'Joko Rahimah', 'joko0133457211@gmail.com', 'orang_tua', '2026-06-11 15:23:35', '$2y$12$Yg7bewkazmQECczOkJHft.Zf5V3iY/Rt1zM/pK/GaIrPWXs3ytNjC', NULL, 1, '2026-06-11 15:23:35', '2026-06-11 15:23:35'),
	(1687, 'Dewi Agustina', 'dewi0133457212@gmail.com', 'orang_tua', '2026-06-11 15:23:36', '$2y$12$CX3uGllO2MPRCqbZe9soFuIAA1xP9xST4Sbz33bafM0c/OKKzoA3a', NULL, 1, '2026-06-11 15:23:36', '2026-06-11 15:23:36'),
	(1688, 'Ani Haryanti', 'ani0133457213@gmail.com', 'orang_tua', '2026-06-11 15:23:36', '$2y$12$4N2olrpgPfltu/ZlnMbd1O0G5rGkL1PhHlLNQhG/UwkN/1ymXqi0S', NULL, 1, '2026-06-11 15:23:36', '2026-06-11 15:23:36'),
	(1689, 'Rina Setiawan', 'rina0133457214@gmail.com', 'orang_tua', '2026-06-11 15:23:36', '$2y$12$/by.obbV7yL9GWIar6T4Z.JuVP21ceq5yd4mBcxdbRuw67z66W8Sa', NULL, 1, '2026-06-11 15:23:36', '2026-06-11 15:23:36'),
	(1690, 'Dewi Prasetyo', 'dewi0133457215@gmail.com', 'orang_tua', '2026-06-11 15:23:37', '$2y$12$pamb039.fKA087XyM9zxqOmZF./9aJQ3W2bgdJ2gi8Yi5JDkQA6fe', NULL, 1, '2026-06-11 15:23:37', '2026-06-11 15:23:37'),
	(1691, 'Ahmad Winarno', 'ahmad0133457216@gmail.com', 'orang_tua', '2026-06-11 15:23:37', '$2y$12$INrvbu.Niepo4KdcjnQZielmmtP0SkMoi9gn2MVmrm.TBy1X6Lfie', NULL, 1, '2026-06-11 15:23:37', '2026-06-11 15:23:37'),
	(1692, 'Yulianti Napitupulu', 'yulianti0133457217@gmail.com', 'orang_tua', '2026-06-11 15:23:37', '$2y$12$ILi/p2/0mfoOTyPio2RuQe7fKHxKoRfeVHWRaft.evQrBBxqrvTla', NULL, 1, '2026-06-11 15:23:37', '2026-06-11 15:23:37'),
	(1693, 'Dewi Hakim', 'dewi0133457218@gmail.com', 'orang_tua', '2026-06-11 15:23:38', '$2y$12$aTk2npSK6clPyhEbQPsuoOh9XGoprXEcMjczpcZ0F9CcHpdik4ARy', NULL, 1, '2026-06-11 15:23:38', '2026-06-11 15:23:38'),
	(1694, 'Putri Mustofa', 'putri0133457219@gmail.com', 'orang_tua', '2026-06-11 15:23:38', '$2y$12$7CLbkKbMFC5LTvK530bkvOOaCEZu12vlVrKFZJ1X/pHjH5VNjpNDC', NULL, 1, '2026-06-11 15:23:38', '2026-06-11 15:23:38'),
	(1695, 'Putri Prastuti', 'putri0133457220@gmail.com', 'orang_tua', '2026-06-11 15:23:38', '$2y$12$vtqEH1kjmSN8Jt4K.3zZjuBdBgws5GANGXAlT0GrhzpW.zOUVrFE2', NULL, 1, '2026-06-11 15:23:38', '2026-06-11 15:23:38'),
	(1696, 'Joko Saptono', 'joko0133457221@gmail.com', 'orang_tua', '2026-06-11 15:23:39', '$2y$12$sjrgIvYCcVF8/epKntfC9ep1LUSLDnI6IeieXDARtB1rg8/nMm6XO', NULL, 1, '2026-06-11 15:23:39', '2026-06-11 15:23:39'),
	(1697, 'Siti Halimah', 'siti0133457222@gmail.com', 'orang_tua', '2026-06-11 15:23:39', '$2y$12$7Vgci.01BeFxK0m4NUGvc.meEvQXP1K.HyX5ahsdFZq7gr3xnNdkq', NULL, 1, '2026-06-11 15:23:39', '2026-06-11 15:23:39'),
	(1698, 'Siti Adriansyah', 'siti0133457223@gmail.com', 'orang_tua', '2026-06-11 15:23:39', '$2y$12$pO2UMpJBy2zShg2KkhgbGen53DqSbv94Du8McRAJBDu5sml2ipYHC', NULL, 1, '2026-06-11 15:23:39', '2026-06-11 15:23:39'),
	(1699, 'Ahmad Prayoga', 'ahmad0133457224@gmail.com', 'orang_tua', '2026-06-11 15:23:40', '$2y$12$DgEMVBHcTtVvGGIIC1ojvuEwX0q9iIuaGTP4VqrN8vzZOkMmReczS', NULL, 1, '2026-06-11 15:23:40', '2026-06-11 15:23:40'),
	(1700, 'Handoko Mulyani', 'handoko0133457225@gmail.com', 'orang_tua', '2026-06-11 15:23:40', '$2y$12$JBcszIx8hzK1eatLFh0gVuhESdMCKWIWY0Pgd51JAOnfQUnFDcaRW', NULL, 1, '2026-06-11 15:23:40', '2026-06-11 15:23:40'),
	(1701, 'Susanto Puspita', 'susanto0133457226@gmail.com', 'orang_tua', '2026-06-11 15:23:41', '$2y$12$2l8x5JhjQW0sXks8fykJ/OE04VSlnvLXJdapkjflU6wsaTBPP5XEu', NULL, 1, '2026-06-11 15:23:41', '2026-06-11 15:23:41'),
	(1702, 'Budi Prastuti', 'budi0133457227@gmail.com', 'orang_tua', '2026-06-11 15:23:41', '$2y$12$VkFC2vRlfyVugkI/BL3t/.4BHOZHzAUjqP9VBZDHhkMx6eetormGW', NULL, 1, '2026-06-11 15:23:41', '2026-06-11 15:23:41'),
	(1703, 'Putri Wibisono', 'putri0133457228@gmail.com', 'orang_tua', '2026-06-11 15:23:41', '$2y$12$bjj4T4/Qp3.xLh7p2K1fEOPHR.65YTxO6IiRHZmkT/la0wzY6AoN2', NULL, 1, '2026-06-11 15:23:41', '2026-06-11 15:23:41'),
	(1704, 'Siti Pradipta', 'siti0133457229@gmail.com', 'orang_tua', '2026-06-11 15:23:42', '$2y$12$tY2ShAyRhzqUjVGMWxvLxOvhk25o3Nl7s8WJQbm8HgHIvxUSbNNe6', NULL, 1, '2026-06-11 15:23:42', '2026-06-11 15:23:42'),
	(1705, 'Joko Nainggolan', 'joko0133457230@gmail.com', 'orang_tua', '2026-06-11 15:23:42', '$2y$12$4EBWe/goQTFdicvGiuf4BeZRSsdIoawtIbKw6qtaTdJ.o.Lgj6lFa', NULL, 1, '2026-06-11 15:23:42', '2026-06-11 15:23:42'),
	(1706, 'Dewi Damanik', 'dewi0133457231@gmail.com', 'orang_tua', '2026-06-11 15:23:42', '$2y$12$r1fDo1VKtdXGs7PM7jRH4OhLncnh9cYNvWn00bLqQT8zM9MTxP5Qq', NULL, 1, '2026-06-11 15:23:42', '2026-06-11 15:23:42'),
	(1707, 'Siti Prayoga', 'siti0133457232@gmail.com', 'orang_tua', '2026-06-11 15:23:43', '$2y$12$1WAVQb2KZIPk1T3sa7iP4OBa13UqZGahMwz1ZcVy9Yjj/8Tw9aOK2', NULL, 1, '2026-06-11 15:23:43', '2026-06-11 15:23:43'),
	(1708, 'Putri Pranowo', 'putri0133457233@gmail.com', 'orang_tua', '2026-06-11 15:23:43', '$2y$12$86kdsEElnIyH4HutU0V0pepuaDspNJaBgh6.//egT4qV4mjs8PbkC', NULL, 1, '2026-06-11 15:23:43', '2026-06-11 15:23:43'),
	(1709, 'Budi Pratiwi', 'budi0133457234@gmail.com', 'orang_tua', '2026-06-11 15:23:43', '$2y$12$GhbXp36j0etycxXnNKFEtef5nVZ9Luq7VSEnDJH9RBVJd7OR.N/1i', NULL, 1, '2026-06-11 15:23:43', '2026-06-11 15:23:43'),
	(1710, 'Ani Hidayat', 'ani0133457235@gmail.com', 'orang_tua', '2026-06-11 15:23:44', '$2y$12$YVUCWbUZ7ufMIhawrfSXCucZ5YlvEwo/XuFKZ7.IxcAgRujBqrJk2', NULL, 1, '2026-06-11 15:23:44', '2026-06-11 15:23:44'),
	(1711, 'Joko Yuliarti', 'joko0133457236@gmail.com', 'orang_tua', '2026-06-11 15:23:44', '$2y$12$z/AL4D73DzC97/diFy3QkOTtm8zjxvbiByfFNFb3D0bL5Qjd8dJBe', NULL, 1, '2026-06-11 15:23:44', '2026-06-11 15:23:44'),
	(1712, 'Budi Maulana', 'budi0133457237@gmail.com', 'orang_tua', '2026-06-11 15:23:44', '$2y$12$f1Z92OYMm.UbCD2gOLKMsern.2wL1gFwG2upV7NkfQN1qfTtxcO0S', NULL, 1, '2026-06-11 15:23:44', '2026-06-11 15:23:44'),
	(1713, 'Rina Fujiati', 'rina0133457238@gmail.com', 'orang_tua', '2026-06-11 15:23:45', '$2y$12$78vbKBaAS1BM7htqp6ENAuWqHKyp12sbQPxbYDsnuvZXY9muEHvmC', NULL, 1, '2026-06-11 15:23:45', '2026-06-11 15:23:45'),
	(1714, 'Putri Wacana', 'putri0133457239@gmail.com', 'orang_tua', '2026-06-11 15:23:45', '$2y$12$EwFnqF.EO1dhMz8Pdm3qtOQqk95..2rE4N4w6GGBSF7DzSLxmnx4.', NULL, 1, '2026-06-11 15:23:45', '2026-06-11 15:23:45'),
	(1715, 'Susanto Uyainah', 'susanto0133457240@gmail.com', 'orang_tua', '2026-06-11 15:23:45', '$2y$12$DQy82H/ws6h7.1JpoWgqvOLoY2OmARrkEurc13g9vkPExSruviFAm', NULL, 1, '2026-06-11 15:23:45', '2026-06-11 15:23:45'),
	(1716, 'Handoko Wijaya', 'handoko0133457241@gmail.com', 'orang_tua', '2026-06-11 15:23:46', '$2y$12$D/.2oooGnnSCBjOdxUfNcOuj0gqX5LuscBIUHqp3F8sygtHIbb7gi', NULL, 1, '2026-06-11 15:23:46', '2026-06-11 15:23:46'),
	(1717, 'Agus Widiastuti', 'agus0133457242@gmail.com', 'orang_tua', '2026-06-11 15:23:46', '$2y$12$ven5WQckc.jJH6K.XKNAOeqymbqJITALr/tFDLS7Ro9ygW3cwSBo.', NULL, 1, '2026-06-11 15:23:46', '2026-06-11 15:23:46'),
	(1718, 'Putri Prasetya', 'putri0133457243@gmail.com', 'orang_tua', '2026-06-11 15:23:46', '$2y$12$NPcax3O0L2xnrsgOU/RS/ew2Wf9mLKcgKckOHADj5fZ4xUeK29TmG', NULL, 1, '2026-06-11 15:23:46', '2026-06-11 15:23:46'),
	(1719, 'Dewi Maulana', 'dewi0133457244@gmail.com', 'orang_tua', '2026-06-11 15:23:47', '$2y$12$6xgpGtOcWqQgegBQ8jLV4eVJdI3y56mgCfcmOl50UVY7.T0FHAMXy', NULL, 1, '2026-06-11 15:23:47', '2026-06-11 15:23:47'),
	(1720, 'Handoko Sitorus', 'handoko0133457245@gmail.com', 'orang_tua', '2026-06-11 15:23:47', '$2y$12$w3DC/O7lzq30jqAKKcsslOxRiOYLIw8JgDmAyA3fPjp97RcCb4rGO', NULL, 1, '2026-06-11 15:23:47', '2026-06-11 15:23:47'),
	(1721, 'Dewi Novitasari', 'dewi0133457246@gmail.com', 'orang_tua', '2026-06-11 15:23:47', '$2y$12$qKpt4oCpabqqcQ7iik79qulmFWCfHHTPa/wgAfe/jjHzeAGReH07.', NULL, 1, '2026-06-11 15:23:47', '2026-06-11 15:23:47'),
	(1722, 'Yulianti Maryadi', 'yulianti0133457247@gmail.com', 'orang_tua', '2026-06-11 15:23:48', '$2y$12$eICQoOzI25.jyxqlTuyOoOC64Xc.Lr1g3ihlbPtZHFg/QbG5KTTie', NULL, 1, '2026-06-11 15:23:48', '2026-06-11 15:23:48'),
	(1723, 'Ahmad Rahayu', 'ahmad0133457248@gmail.com', 'orang_tua', '2026-06-11 15:23:48', '$2y$12$7fDnUotNvvwCL3sI56/qg.c8f1V3GVWEkdjyKgd5tyO430MjWAiOy', NULL, 1, '2026-06-11 15:23:48', '2026-06-11 15:23:48'),
	(1724, 'Susanto Dabukke', 'susanto0133457249@gmail.com', 'orang_tua', '2026-06-11 15:23:48', '$2y$12$CFz9RmWvjXlpODDUHMVtUuZMKz8iW9k.PgfdTDZmGAYWZti15cuni', NULL, 1, '2026-06-11 15:23:48', '2026-06-11 15:23:48'),
	(1725, 'Dewi Yuliarti', 'dewi0133457250@gmail.com', 'orang_tua', '2026-06-11 15:23:49', '$2y$12$a54QlcxsPMX4t3vQpQro8.IOBlCZnfSB7aGdoHqRv13DUcOUSVw8u', NULL, 1, '2026-06-11 15:23:49', '2026-06-11 15:23:49'),
	(1726, 'Budi Halimah', 'budi0133457251@gmail.com', 'orang_tua', '2026-06-11 15:23:49', '$2y$12$5mkm74bULBwgPUsVE7FjRePEj/Xy05BrYRS7XrB4zpJwD5l6Hb1J2', NULL, 1, '2026-06-11 15:23:49', '2026-06-11 15:23:49'),
	(1727, 'Ahmad Andriani', 'ahmad0133457252@gmail.com', 'orang_tua', '2026-06-11 15:23:49', '$2y$12$uZrkJLmYCRAhAKFRnGE9Xuiq3fz5SzUDzQpacWOpGZaBsslL3c5eW', NULL, 1, '2026-06-11 15:23:49', '2026-06-11 15:23:49'),
	(1728, 'Budi Anggriawan', 'budi0133457253@gmail.com', 'orang_tua', '2026-06-11 15:23:50', '$2y$12$eV5kJfNedAX7usM9RA3it.QPOGDp2miKnxxAjj4Pjjn4.HThRabgy', NULL, 1, '2026-06-11 15:23:50', '2026-06-11 15:23:50'),
	(1729, 'Agus Hartati', 'agus0133457254@gmail.com', 'orang_tua', '2026-06-11 15:23:50', '$2y$12$LjIXjsCMW8GRWnoaQjT39..1zjcCxsHM6QIgXgV761uWDgqsBdNFe', NULL, 1, '2026-06-11 15:23:50', '2026-06-11 15:23:50'),
	(1730, 'Agus Halimah', 'agus0133457255@gmail.com', 'orang_tua', '2026-06-11 15:23:51', '$2y$12$fn9hYNbvdRDxQrwPch9D9O7NPkD79TvFLIjNxYJXMbRA3FFSlLqqG', NULL, 1, '2026-06-11 15:23:51', '2026-06-11 15:23:51'),
	(1731, 'Ani Mayasari', 'ani0133457256@gmail.com', 'orang_tua', '2026-06-11 15:23:51', '$2y$12$yXS2cXRqCOdNpCjUSbGTeegCBMvi/a60go/dZT1mbasIMEsAFotbC', NULL, 1, '2026-06-11 15:23:51', '2026-06-11 15:23:51'),
	(1732, 'Ani Jailani', 'ani0133457257@gmail.com', 'orang_tua', '2026-06-11 15:23:51', '$2y$12$581B28T7xPQaubBlFZCyJOFNmnsf43.g.2weA8JHYd0V8ySmE1zoC', NULL, 1, '2026-06-11 15:23:51', '2026-06-11 15:23:51'),
	(1733, 'Joko Nurdiyanti', 'joko0133457258@gmail.com', 'orang_tua', '2026-06-11 15:23:52', '$2y$12$eJPjRxnzPsmSXetNxIDNd.Hi.bEvGCMtiWupZtxrmYV02e3kXzWfS', NULL, 1, '2026-06-11 15:23:52', '2026-06-11 15:23:52'),
	(1734, 'Putri Kusmawati', 'putri0133457259@gmail.com', 'orang_tua', '2026-06-11 15:23:52', '$2y$12$OJI0X60rvHT.wFt/2o7k/.1DWquce9wkhhXmPOz3WkdqMIeuKmoWe', NULL, 1, '2026-06-11 15:23:52', '2026-06-11 15:23:52'),
	(1735, 'Budi Putra', 'budi0133457260@gmail.com', 'orang_tua', '2026-06-11 15:23:52', '$2y$12$MeX9uOCLpHgPrlRH.Pf2O.A0q2S802I0TMrSFUExipxzGd7IcxLBu', NULL, 1, '2026-06-11 15:23:52', '2026-06-11 15:23:52'),
	(1736, 'Yulianti Mandasari', 'yulianti0133457261@gmail.com', 'orang_tua', '2026-06-11 15:23:53', '$2y$12$3Bp6j83Whswr9NtGC9fw1OLfJhR3K.bAF1BIWz3rel.tH8E1w2jIm', NULL, 1, '2026-06-11 15:23:53', '2026-06-11 15:23:53'),
	(1737, 'Putri Hastuti', 'putri0133457262@gmail.com', 'orang_tua', '2026-06-11 15:23:53', '$2y$12$Kgdsk4wnaENFFiEwKbIB5OBYcfsXp5Ygl3wtQ3WeauLlYGCYHGqs.', NULL, 1, '2026-06-11 15:23:53', '2026-06-11 15:23:53'),
	(1738, 'Ahmad Simbolon', 'ahmad0133457263@gmail.com', 'orang_tua', '2026-06-11 15:23:53', '$2y$12$Zi7ayc3YaeNgDMmzeVskzuk/HYe5ZEY1s3jnrcJu0g.JvtqO6DCOa', NULL, 1, '2026-06-11 15:23:53', '2026-06-11 15:23:53'),
	(1739, 'Handoko Utama', 'handoko0133457264@gmail.com', 'orang_tua', '2026-06-11 15:23:54', '$2y$12$zeB0PSpOIxW4y0QvPgiuGOh8wbhjlF1K3bTRs.q8vfFA7hMLyHh5e', NULL, 1, '2026-06-11 15:23:54', '2026-06-11 15:23:54'),
	(1740, 'Dewi Prastuti', 'dewi0133457265@gmail.com', 'orang_tua', '2026-06-11 15:23:54', '$2y$12$jn5HpQ9DAyTIFR8sXbT5N.R3VS9Xe.TN0LR6JHdvMwi9HOaV2NK9y', NULL, 1, '2026-06-11 15:23:54', '2026-06-11 15:23:54'),
	(1741, 'Dewi Laksita', 'dewi0133457266@gmail.com', 'orang_tua', '2026-06-11 15:23:54', '$2y$12$B95ekyQ/BxSLGw9DI27QbOpMi6f/0LWZWKzRlgEhGTWvUBTNWy47q', NULL, 1, '2026-06-11 15:23:54', '2026-06-11 15:23:54'),
	(1742, 'Budi Irawan', 'budi0133457267@gmail.com', 'orang_tua', '2026-06-11 15:23:55', '$2y$12$98rEyILpq8Of8jf6hQRS7OB0XsUE6cin5W/MFK9/JUTCwNUxyZAX.', NULL, 1, '2026-06-11 15:23:55', '2026-06-11 15:23:55'),
	(1743, 'Agus Anggriawan', 'agus0133457268@gmail.com', 'orang_tua', '2026-06-11 15:23:55', '$2y$12$gpUfPUuPug.BadOwTsm/We.QX6691wARFf6na3hQV/UiShnsaet5G', NULL, 1, '2026-06-11 15:23:55', '2026-06-11 15:23:55'),
	(1744, 'Joko Wastuti', 'joko0133457269@gmail.com', 'orang_tua', '2026-06-11 15:23:55', '$2y$12$cRopGHFhKu3ZkfFM2LUZFeyHPJL2.fFr1AeREWJTxiQJu.8ufg8tW', NULL, 1, '2026-06-11 15:23:55', '2026-06-11 15:23:55'),
	(1745, 'Agus Hakim', 'agus0133457270@gmail.com', 'orang_tua', '2026-06-11 15:23:56', '$2y$12$hJlL9cGER5ul40dxjf6Vte2nioPMuUvBeJI65D5aFd66Ark95d4ti', NULL, 1, '2026-06-11 15:23:56', '2026-06-11 15:23:56'),
	(1746, 'Handoko Laksita', 'handoko0133457271@gmail.com', 'orang_tua', '2026-06-11 15:23:56', '$2y$12$1YW2Dd539u/EBeEarL3ECuBRkFZ./jMorT1ZaeUVBpr8vMtcm1sZy', NULL, 1, '2026-06-11 15:23:56', '2026-06-11 15:23:56'),
	(1747, 'Agus Tampubolon', 'agus0133457272@gmail.com', 'orang_tua', '2026-06-11 15:23:56', '$2y$12$6NWqUPaaiFYMxc2bDeKCy.iRLnRhU1oSfNd9ovpuZ62Cxv2sUGl0.', NULL, 1, '2026-06-11 15:23:56', '2026-06-11 16:12:06');

/*!40103 SET TIME_ZONE=IFNULL(@OLD_TIME_ZONE, 'system') */;
/*!40101 SET SQL_MODE=IFNULL(@OLD_SQL_MODE, '') */;
/*!40014 SET FOREIGN_KEY_CHECKS=IFNULL(@OLD_FOREIGN_KEY_CHECKS, 1) */;
/*!40101 SET CHARACTER_SET_CLIENT=@OLD_CHARACTER_SET_CLIENT */;
/*!40111 SET SQL_NOTES=IFNULL(@OLD_SQL_NOTES, 1) */;
